event_id,provider_id,event_date,event_type,new_status,detail,source_snapshot_id,source_url,retrieved_at,scraper_version
evt_002827cb6c0015b6b06f00cb,prov_az_abs_52993e5c291b,2026-06-29,authorized,active,,snap_9f99d17bf219186a,https://www.azcourts.gov/cld/Alternative-Business-Structure/Directory,2026-06-29T02:04:20.369320+0000,0.1.0
evt_00d97632fd5485ec84c164ca,prov_co_llp_600089,2026-06-29,authorized,active,,snap_49941ce75946f286,https://www.coloradolegalregulation.com/wp-content/uploads/PDF/LLP/Admitted%20LLP%20Roster.pdf,2026-06-29T23:16:12.887720+0000,0.1.0
evt_015823faa9dc138bf8569282,prov_co_llp_600027,2026-06-29,authorized,active,,snap_49941ce75946f286,https://www.coloradolegalregulation.com/wp-content/uploads/PDF/LLP/Admitted%20LLP%20Roster.pdf,2026-06-29T23:16:12.887720+0000,0.1.0
evt_01de1708a5c2a60fa2e6a0d9,prov_co_llp_600120,2026-06-29,authorized,active,,snap_49941ce75946f286,https://www.coloradolegalregulation.com/wp-content/uploads/PDF/LLP/Admitted%20LLP%20Roster.pdf,2026-06-29T23:16:12.887720+0000,0.1.0
evt_023fa825430393b7f5404ec6,prov_az_abs_a7f11281bb1f,2024-11-08,authorized,active,,snap_a6e3d292014fceaf,https://www.azcourts.gov/cld/Alternative-Business-Structure/Directory,2024-11-08T20:22:47.000000+0000,wayback-0.1.0
evt_037f8bc203cc49823f59feea,prov_mn_lp_1003,2026-06-29,authorized,active,,snap_65dee7a93a241e8f,https://mncourts.gov/_media/migration/appellate/supreme-court/Roster-of-Approved-Legal-Paraprofessionals.pdf,2026-06-29T23:48:06.975920+0000,0.1.0
evt_03c3a60bc71a297b2b9ff469,prov_ut_lpp_535f39c7564c,2026-06-29,authorized,active,,snap_9b77f407c9783028,https://www.licensedlawyer.org/cv/cgi-bin/memberdll.dll/CustomList?WHP=lawyers_header.htm&WBP=lawyers_list.htm&SQLNAME=GETDIRSEARCH&SRCHOPT=I%7cPOLITICALPARTY%7cLPPActive%7c%3d%5eI%7cCHAPTERID%7cUT-BAR%7c%3d&SORTOPT=LASTNAME&GETCOUNT=0&GETSIM=0&RANGE=1%2f10&WEM=search_error.htm,2026-06-29T14:43:26.821674+0000,0.1.0
evt_03f92899c1f4cc38117144b6,prov_co_llp_600070,2026-06-29,authorized,active,,snap_49941ce75946f286,https://www.coloradolegalregulation.com/wp-content/uploads/PDF/LLP/Admitted%20LLP%20Roster.pdf,2026-06-29T23:16:12.887720+0000,0.1.0
evt_041df82ea1242e66c1a16e7d,prov_az_lp_28bfe09bd5a1,2026-06-29,authorized,active,,snap_26827600c4012050,https://www.azcourts.gov/cld/Legal-Paraprofessional/Directory,2026-06-29T14:08:10.694860+0000,0.1.0
evt_04c41e9f87ba137114f40473,prov_az_abs_2be469e1c197,2024-11-08,authorized,active,,snap_a6e3d292014fceaf,https://www.azcourts.gov/cld/Alternative-Business-Structure/Directory,2024-11-08T20:22:47.000000+0000,wayback-0.1.0
evt_04e6d1000ed5d0d888dd9fda,prov_co_llp_600064,2026-06-29,authorized,active,,snap_49941ce75946f286,https://www.coloradolegalregulation.com/wp-content/uploads/PDF/LLP/Admitted%20LLP%20Roster.pdf,2026-06-29T23:16:12.887720+0000,0.1.0
evt_05e6c7240e547088ea74af9a,prov_co_llp_600032,2026-06-29,authorized,active,,snap_49941ce75946f286,https://www.coloradolegalregulation.com/wp-content/uploads/PDF/LLP/Admitted%20LLP%20Roster.pdf,2026-06-29T23:16:12.887720+0000,0.1.0
evt_06544612eba59bbdbe519908,prov_co_llp_600108,2026-06-29,authorized,active,,snap_49941ce75946f286,https://www.coloradolegalregulation.com/wp-content/uploads/PDF/LLP/Admitted%20LLP%20Roster.pdf,2026-06-29T23:16:12.887720+0000,0.1.0
evt_0696e2340eceb06fcb262457,prov_az_lp_c02529df2727,2026-06-29,authorized,active,,snap_26827600c4012050,https://www.azcourts.gov/cld/Legal-Paraprofessional/Directory,2026-06-29T14:08:10.694860+0000,0.1.0
evt_06cc6c5793d784ffeef4c7aa,prov_wa_lllt_185,2026-06-30,authorized,active,,snap_c700fb20a472580a,https://www.mywsba.org/PersonifyEbusiness/LegalDirectory.aspx?ShowSearchResults=TRUE&LicenseType=LLLT,2026-06-30T00:18:15.570648+0000,0.1.0
evt_06f91e8b89ed4dd1d0319cbf,prov_ut_sandbox_74cad7763914,2026-06-29,disappeared_from_roster,exited,,snap_f0624d67fe0ad9d1,https://utahinnovationoffice.org/authorized-entities/,2026-06-29T13:58:14.482913+0000,0.1.0
evt_07140307ca552fa84925f23b,prov_az_abs_5ebe35b2df58,2024-11-08,authorized,active,,snap_a6e3d292014fceaf,https://www.azcourts.gov/cld/Alternative-Business-Structure/Directory,2024-11-08T20:22:47.000000+0000,wayback-0.1.0
evt_0728434131e60095e9359a7b,prov_az_abs_d5b0a1f5a323,2024-11-08,authorized,active,,snap_a6e3d292014fceaf,https://www.azcourts.gov/cld/Alternative-Business-Structure/Directory,2024-11-08T20:22:47.000000+0000,wayback-0.1.0
evt_07359da1b73fa68924ac529b,prov_mn_lp_1018,2026-06-29,authorized,active,,snap_65dee7a93a241e8f,https://mncourts.gov/_media/migration/appellate/supreme-court/Roster-of-Approved-Legal-Paraprofessionals.pdf,2026-06-29T23:48:06.975920+0000,0.1.0
evt_0747a3c865f4fb9bc5bc5a37,prov_co_llp_600018,2026-06-29,authorized,active,,snap_49941ce75946f286,https://www.coloradolegalregulation.com/wp-content/uploads/PDF/LLP/Admitted%20LLP%20Roster.pdf,2026-06-29T23:16:12.887720+0000,0.1.0
evt_078023eefbe1cf4b7a6bb16a,prov_az_abs_e7cc8bfccd18,2024-11-08,authorized,active,,snap_a6e3d292014fceaf,https://www.azcourts.gov/cld/Alternative-Business-Structure/Directory,2024-11-08T20:22:47.000000+0000,wayback-0.1.0
evt_083e324c437e23c3229927e9,prov_ut_sandbox_031b438230f8,2025-06-12,authorized,exited,,snap_9722e7151b04a806,https://utahinnovationoffice.org/authorized-entities/,2025-06-12T21:17:13.000000+0000,wayback-0.1.0
evt_085c51f081b8c8f2756b970a,prov_co_llp_600094,2026-06-29,authorized,active,,snap_49941ce75946f286,https://www.coloradolegalregulation.com/wp-content/uploads/PDF/LLP/Admitted%20LLP%20Roster.pdf,2026-06-29T23:16:12.887720+0000,0.1.0
evt_088347912aceb3eda62abc55,prov_wa_lllt_170,2026-06-30,authorized,suspended,,snap_c700fb20a472580a,https://www.mywsba.org/PersonifyEbusiness/LegalDirectory.aspx?ShowSearchResults=TRUE&LicenseType=LLLT,2026-06-30T00:18:15.570648+0000,0.1.0
evt_09077b673e76e734c0fd7a98,prov_ut_sandbox_8047eb96b5c2,2025-06-12,authorized,active,,snap_9722e7151b04a806,https://utahinnovationoffice.org/authorized-entities/,2025-06-12T21:17:13.000000+0000,wayback-0.1.0
evt_09583dd07e72afcb4cd269bc,prov_co_llp_600083,2026-06-29,authorized,active,,snap_49941ce75946f286,https://www.coloradolegalregulation.com/wp-content/uploads/PDF/LLP/Admitted%20LLP%20Roster.pdf,2026-06-29T23:16:12.887720+0000,0.1.0
evt_09884840f51cdc450f5f8606,prov_wa_lllt_167,2026-06-30,authorized,active,,snap_c700fb20a472580a,https://www.mywsba.org/PersonifyEbusiness/LegalDirectory.aspx?ShowSearchResults=TRUE&LicenseType=LLLT,2026-06-30T00:18:15.570648+0000,0.1.0
evt_09e5ebafe6abe80580ced2f8,prov_az_lp_9d8a3cc224ca,2026-06-29,authorized,active,,snap_26827600c4012050,https://www.azcourts.gov/cld/Legal-Paraprofessional/Directory,2026-06-29T14:08:10.694860+0000,0.1.0
evt_0a22fbd523a98b3b35f98b00,prov_az_abs_374089fdfdf0,2026-06-29,authorized,active,,snap_9f99d17bf219186a,https://www.azcourts.gov/cld/Alternative-Business-Structure/Directory,2026-06-29T02:04:20.369320+0000,0.1.0
evt_0a643440cb58333a8ac24623,prov_az_abs_74fd19b2ad14,2024-11-08,authorized,active,,snap_a6e3d292014fceaf,https://www.azcourts.gov/cld/Alternative-Business-Structure/Directory,2024-11-08T20:22:47.000000+0000,wayback-0.1.0
evt_0ab3c52647887a678639aeda,prov_az_lp_8f32d3bde2e2,2026-06-29,authorized,active,,snap_26827600c4012050,https://www.azcourts.gov/cld/Legal-Paraprofessional/Directory,2026-06-29T14:08:10.694860+0000,0.1.0
evt_0ad93b47b26f67cdf8c3f085,prov_az_lp_5d1eded4c569,2026-06-29,authorized,active,,snap_26827600c4012050,https://www.azcourts.gov/cld/Legal-Paraprofessional/Directory,2026-06-29T14:08:10.694860+0000,0.1.0
evt_0b44e6962f2928bf95e77ed8,prov_mn_lp_1030,2026-06-29,authorized,active,,snap_65dee7a93a241e8f,https://mncourts.gov/_media/migration/appellate/supreme-court/Roster-of-Approved-Legal-Paraprofessionals.pdf,2026-06-29T23:48:06.975920+0000,0.1.0
evt_0b450e7d8817ba17280e9fa0,prov_co_llp_600058,2026-06-29,authorized,active,,snap_49941ce75946f286,https://www.coloradolegalregulation.com/wp-content/uploads/PDF/LLP/Admitted%20LLP%20Roster.pdf,2026-06-29T23:16:12.887720+0000,0.1.0
evt_0b9481801a7de0d9f5cff55e,prov_az_abs_19d234b19175,2026-06-29,disappeared_from_roster,exited,,snap_9f99d17bf219186a,https://www.azcourts.gov/cld/Alternative-Business-Structure/Directory,2026-06-29T02:04:20.369320+0000,0.1.0
evt_0c1710a00a51fd18d7c750cb,prov_ut_lpp_903795ae41ec,2026-06-29,authorized,active,,snap_9b77f407c9783028,https://www.licensedlawyer.org/cv/cgi-bin/memberdll.dll/CustomList?WHP=lawyers_header.htm&WBP=lawyers_list.htm&SQLNAME=GETDIRSEARCH&SRCHOPT=I%7cPOLITICALPARTY%7cLPPActive%7c%3d%5eI%7cCHAPTERID%7cUT-BAR%7c%3d&SORTOPT=LASTNAME&GETCOUNT=0&GETSIM=0&RANGE=1%2f10&WEM=search_error.htm,2026-06-29T14:43:26.821674+0000,0.1.0
evt_0c1b0b873c7b6981ea8ced34,prov_az_abs_d95d8d60ad61,2024-11-08,authorized,active,,snap_a6e3d292014fceaf,https://www.azcourts.gov/cld/Alternative-Business-Structure/Directory,2024-11-08T20:22:47.000000+0000,wayback-0.1.0
evt_0c212196801e026cea926749,prov_az_lp_aed2a8e264f2,2026-06-29,authorized,exited,,snap_26827600c4012050,https://www.azcourts.gov/cld/Legal-Paraprofessional/Directory,2026-06-29T14:08:10.694860+0000,0.1.0
evt_0c5d29cd450aef8dc16f1df8,prov_az_lp_b7e976d552c4,2026-06-29,authorized,active,,snap_26827600c4012050,https://www.azcourts.gov/cld/Legal-Paraprofessional/Directory,2026-06-29T14:08:10.694860+0000,0.1.0
evt_0c94db374be6fb99f74ab4c3,prov_az_lp_1ae1bceaa4f2,2026-06-29,authorized,active,,snap_26827600c4012050,https://www.azcourts.gov/cld/Legal-Paraprofessional/Directory,2026-06-29T14:08:10.694860+0000,0.1.0
evt_0cb006d076355863ec8c44ff,prov_az_abs_8163af0942d3,2026-06-29,authorized,active,,snap_9f99d17bf219186a,https://www.azcourts.gov/cld/Alternative-Business-Structure/Directory,2026-06-29T02:04:20.369320+0000,0.1.0
evt_0cc01e30964c60d50f465500,prov_az_lp_fdbe8456bcbf,2026-06-29,authorized,active,,snap_26827600c4012050,https://www.azcourts.gov/cld/Legal-Paraprofessional/Directory,2026-06-29T14:08:10.694860+0000,0.1.0
evt_0cc45387123939a981885d7a,prov_co_llp_600060,2026-06-29,authorized,active,,snap_49941ce75946f286,https://www.coloradolegalregulation.com/wp-content/uploads/PDF/LLP/Admitted%20LLP%20Roster.pdf,2026-06-29T23:16:12.887720+0000,0.1.0
evt_0d207f8b2cb2437171f7a864,prov_az_lp_f58b6faad5a0,2026-06-29,authorized,active,,snap_26827600c4012050,https://www.azcourts.gov/cld/Legal-Paraprofessional/Directory,2026-06-29T14:08:10.694860+0000,0.1.0
evt_0d4b2b676c523392ac1f1aed,prov_ut_sandbox_059f86ddba11,2025-06-12,authorized,exited,,snap_9722e7151b04a806,https://utahinnovationoffice.org/authorized-entities/,2025-06-12T21:17:13.000000+0000,wayback-0.1.0
evt_0de14dbe65a59ccdffe4ec82,prov_co_llp_600101,2026-06-29,authorized,active,,snap_49941ce75946f286,https://www.coloradolegalregulation.com/wp-content/uploads/PDF/LLP/Admitted%20LLP%20Roster.pdf,2026-06-29T23:16:12.887720+0000,0.1.0
evt_0e29c62e8ebae1e80cfce110,prov_wa_lllt_186,2026-06-30,authorized,active,,snap_c700fb20a472580a,https://www.mywsba.org/PersonifyEbusiness/LegalDirectory.aspx?ShowSearchResults=TRUE&LicenseType=LLLT,2026-06-30T00:18:15.570648+0000,0.1.0
evt_0e4e04b2654c6518e23d1ea9,prov_az_abs_3f16de8baf9e,2026-06-29,authorized,active,,snap_9f99d17bf219186a,https://www.azcourts.gov/cld/Alternative-Business-Structure/Directory,2026-06-29T02:04:20.369320+0000,0.1.0
evt_0f08f2a5bd670b06046e5229,prov_ut_sandbox_576219e56aa2,2025-06-12,authorized,exited,,snap_9722e7151b04a806,https://utahinnovationoffice.org/authorized-entities/,2025-06-12T21:17:13.000000+0000,wayback-0.1.0
evt_0f70fc1a98d1b1c095fbbfd6,prov_ut_sandbox_a4ff74643149,2025-06-12,authorized,exited,,snap_9722e7151b04a806,https://utahinnovationoffice.org/authorized-entities/,2025-06-12T21:17:13.000000+0000,wayback-0.1.0
evt_0fdc67827b38eef7d4861b82,prov_wa_lllt_157,2026-06-30,authorized,active,,snap_c700fb20a472580a,https://www.mywsba.org/PersonifyEbusiness/LegalDirectory.aspx?ShowSearchResults=TRUE&LicenseType=LLLT,2026-06-30T00:18:15.570648+0000,0.1.0
evt_1082f6f8bd80ec8483f8a4ca,prov_az_lp_75f0807c5b4f,2026-06-29,authorized,active,,snap_26827600c4012050,https://www.azcourts.gov/cld/Legal-Paraprofessional/Directory,2026-06-29T14:08:10.694860+0000,0.1.0
evt_10d9c66916146a6f203c8771,prov_wa_lllt_106,2026-06-30,authorized,unknown,,snap_c700fb20a472580a,https://www.mywsba.org/PersonifyEbusiness/LegalDirectory.aspx?ShowSearchResults=TRUE&LicenseType=LLLT,2026-06-30T00:18:15.570648+0000,0.1.0
evt_12434e713ec7bc520e9852cc,prov_ut_lpp_4f41fe54f8f5,2026-06-29,authorized,active,,snap_9b77f407c9783028,https://www.licensedlawyer.org/cv/cgi-bin/memberdll.dll/CustomList?WHP=lawyers_header.htm&WBP=lawyers_list.htm&SQLNAME=GETDIRSEARCH&SRCHOPT=I%7cPOLITICALPARTY%7cLPPActive%7c%3d%5eI%7cCHAPTERID%7cUT-BAR%7c%3d&SORTOPT=LASTNAME&GETCOUNT=0&GETSIM=0&RANGE=1%2f10&WEM=search_error.htm,2026-06-29T14:43:26.821674+0000,0.1.0
evt_12e91ddd71cb77b3f88a6f6e,prov_ut_sandbox_4dd039ee8c87,2025-06-12,authorized,exited,,snap_9722e7151b04a806,https://utahinnovationoffice.org/authorized-entities/,2025-06-12T21:17:13.000000+0000,wayback-0.1.0
evt_14157ff622b81d7afdd136c6,prov_wa_lllt_188,2026-06-30,authorized,active,,snap_c700fb20a472580a,https://www.mywsba.org/PersonifyEbusiness/LegalDirectory.aspx?ShowSearchResults=TRUE&LicenseType=LLLT,2026-06-30T00:18:15.570648+0000,0.1.0
evt_14404761f2a543546a16b552,prov_co_llp_600043,2026-06-29,authorized,active,,snap_49941ce75946f286,https://www.coloradolegalregulation.com/wp-content/uploads/PDF/LLP/Admitted%20LLP%20Roster.pdf,2026-06-29T23:16:12.887720+0000,0.1.0
evt_1478fb160a9385c4904a8743,prov_az_lp_93c0b7d995bf,2026-06-29,authorized,active,,snap_26827600c4012050,https://www.azcourts.gov/cld/Legal-Paraprofessional/Directory,2026-06-29T14:08:10.694860+0000,0.1.0
evt_149fe0e861b16d6825f4559d,prov_co_llp_600124,2026-06-29,authorized,active,,snap_49941ce75946f286,https://www.coloradolegalregulation.com/wp-content/uploads/PDF/LLP/Admitted%20LLP%20Roster.pdf,2026-06-29T23:16:12.887720+0000,0.1.0
evt_1510994bb5cebb529d353574,prov_wa_lllt_108,2026-06-30,authorized,exited,,snap_c700fb20a472580a,https://www.mywsba.org/PersonifyEbusiness/LegalDirectory.aspx?ShowSearchResults=TRUE&LicenseType=LLLT,2026-06-30T00:18:15.570648+0000,0.1.0
evt_155c88bf85191cf190911af3,prov_wa_lllt_131,2026-06-30,authorized,active,,snap_c700fb20a472580a,https://www.mywsba.org/PersonifyEbusiness/LegalDirectory.aspx?ShowSearchResults=TRUE&LicenseType=LLLT,2026-06-30T00:18:15.570648+0000,0.1.0
evt_15e6e13cf036525b3f4e36a4,prov_co_llp_600085,2026-06-29,authorized,active,,snap_49941ce75946f286,https://www.coloradolegalregulation.com/wp-content/uploads/PDF/LLP/Admitted%20LLP%20Roster.pdf,2026-06-29T23:16:12.887720+0000,0.1.0
evt_16b23a4137a678450fc6b034,prov_az_abs_cb18f5a0a66f,2026-06-29,authorized,exited,,snap_9f99d17bf219186a,https://www.azcourts.gov/cld/Alternative-Business-Structure/Directory,2026-06-29T02:04:20.369320+0000,0.1.0
evt_16b2947b004ad966929c0018,prov_az_abs_e3bd2f08c326,2026-06-29,authorized,active,,snap_9f99d17bf219186a,https://www.azcourts.gov/cld/Alternative-Business-Structure/Directory,2026-06-29T02:04:20.369320+0000,0.1.0
evt_16c5f2c5859e40ec8256a6f5,prov_az_lp_3b407c429f2b,2026-06-29,authorized,exited,,snap_26827600c4012050,https://www.azcourts.gov/cld/Legal-Paraprofessional/Directory,2026-06-29T14:08:10.694860+0000,0.1.0
evt_1759c1e18f4206cb4fb66a14,prov_co_llp_600100,2026-06-29,authorized,active,,snap_49941ce75946f286,https://www.coloradolegalregulation.com/wp-content/uploads/PDF/LLP/Admitted%20LLP%20Roster.pdf,2026-06-29T23:16:12.887720+0000,0.1.0
evt_176db4b59f9273978ed282be,prov_az_abs_338217fa25e7,2026-06-29,authorized,active,,snap_9f99d17bf219186a,https://www.azcourts.gov/cld/Alternative-Business-Structure/Directory,2026-06-29T02:04:20.369320+0000,0.1.0
evt_178b8ee37b2cf6bc2312b1d0,prov_co_llp_600125,2026-06-29,authorized,active,,snap_49941ce75946f286,https://www.coloradolegalregulation.com/wp-content/uploads/PDF/LLP/Admitted%20LLP%20Roster.pdf,2026-06-29T23:16:12.887720+0000,0.1.0
evt_17cca6ac17a271858e8a4eb7,prov_az_lp_c7ac83697558,2026-06-29,authorized,active,,snap_26827600c4012050,https://www.azcourts.gov/cld/Legal-Paraprofessional/Directory,2026-06-29T14:08:10.694860+0000,0.1.0
evt_17f8b17ac54de2dddb1f7a98,prov_az_abs_f2c50050f019,2026-06-29,authorized,active,,snap_9f99d17bf219186a,https://www.azcourts.gov/cld/Alternative-Business-Structure/Directory,2026-06-29T02:04:20.369320+0000,0.1.0
evt_1901381507b9f99d21ae8033,prov_co_llp_600057,2026-06-29,authorized,active,,snap_49941ce75946f286,https://www.coloradolegalregulation.com/wp-content/uploads/PDF/LLP/Admitted%20LLP%20Roster.pdf,2026-06-29T23:16:12.887720+0000,0.1.0
evt_195fe0d8ddd76ec9a59b4210,prov_az_abs_369b94cefeff,2026-06-29,authorized,active,,snap_9f99d17bf219186a,https://www.azcourts.gov/cld/Alternative-Business-Structure/Directory,2026-06-29T02:04:20.369320+0000,0.1.0
evt_196a4766ecc8576c170a249a,prov_az_abs_887ab755347f,2024-11-08,authorized,active,,snap_a6e3d292014fceaf,https://www.azcourts.gov/cld/Alternative-Business-Structure/Directory,2024-11-08T20:22:47.000000+0000,wayback-0.1.0
evt_19d23802d230b4d6521d9bb7,prov_co_llp_600037,2026-06-29,authorized,active,,snap_49941ce75946f286,https://www.coloradolegalregulation.com/wp-content/uploads/PDF/LLP/Admitted%20LLP%20Roster.pdf,2026-06-29T23:16:12.887720+0000,0.1.0
evt_1a371c20143d913f2bf7496e,prov_ut_sandbox_b8077496143d,2025-06-12,authorized,exited,,snap_9722e7151b04a806,https://utahinnovationoffice.org/authorized-entities/,2025-06-12T21:17:13.000000+0000,wayback-0.1.0
evt_1a677a06fa968110896a14af,prov_az_abs_8bbca7b99c7c,2026-06-29,authorized,active,,snap_9f99d17bf219186a,https://www.azcourts.gov/cld/Alternative-Business-Structure/Directory,2026-06-29T02:04:20.369320+0000,0.1.0
evt_1a6a23c218c5351215d35109,prov_az_abs_fb45080a4cf1,2026-06-29,authorized,active,,snap_9f99d17bf219186a,https://www.azcourts.gov/cld/Alternative-Business-Structure/Directory,2026-06-29T02:04:20.369320+0000,0.1.0
evt_1aa74b3563c022d2151b2cbf,prov_mn_lp_1032,2026-06-29,authorized,active,,snap_65dee7a93a241e8f,https://mncourts.gov/_media/migration/appellate/supreme-court/Roster-of-Approved-Legal-Paraprofessionals.pdf,2026-06-29T23:48:06.975920+0000,0.1.0
evt_1ad7c1a7e7c83ee9f12a5ea5,prov_az_abs_2eaccf778499,2026-06-29,authorized,active,,snap_9f99d17bf219186a,https://www.azcourts.gov/cld/Alternative-Business-Structure/Directory,2026-06-29T02:04:20.369320+0000,0.1.0
evt_1bfc230cea6111fec51d7cb1,prov_wa_lllt_180,2026-06-30,authorized,active,,snap_c700fb20a472580a,https://www.mywsba.org/PersonifyEbusiness/LegalDirectory.aspx?ShowSearchResults=TRUE&LicenseType=LLLT,2026-06-30T00:18:15.570648+0000,0.1.0
evt_1c005bcb97fe60c9662db275,prov_az_abs_c58ac42bc03d,2026-06-29,authorized,active,,snap_9f99d17bf219186a,https://www.azcourts.gov/cld/Alternative-Business-Structure/Directory,2026-06-29T02:04:20.369320+0000,0.1.0
evt_1c238056231c79c8c4486523,prov_co_llp_600048,2026-06-29,authorized,active,,snap_49941ce75946f286,https://www.coloradolegalregulation.com/wp-content/uploads/PDF/LLP/Admitted%20LLP%20Roster.pdf,2026-06-29T23:16:12.887720+0000,0.1.0
evt_1c5bd8c315e19f6552e1b9a5,prov_az_lp_421900155140,2026-06-29,authorized,active,,snap_26827600c4012050,https://www.azcourts.gov/cld/Legal-Paraprofessional/Directory,2026-06-29T14:08:10.694860+0000,0.1.0
evt_1c8965d38668a4aa78612cd2,prov_az_abs_f698e9b238a9,2026-06-29,authorized,active,,snap_9f99d17bf219186a,https://www.azcourts.gov/cld/Alternative-Business-Structure/Directory,2026-06-29T02:04:20.369320+0000,0.1.0
evt_1c9dffcb4a9559a666b15601,prov_ut_sandbox_751bef349052,2025-06-12,authorized,exited,,snap_9722e7151b04a806,https://utahinnovationoffice.org/authorized-entities/,2025-06-12T21:17:13.000000+0000,wayback-0.1.0
evt_1cf1887b951e97f73be0651a,prov_az_abs_eb0dd4ad2df5,2026-06-29,disappeared_from_roster,exited,,snap_9f99d17bf219186a,https://www.azcourts.gov/cld/Alternative-Business-Structure/Directory,2026-06-29T02:04:20.369320+0000,0.1.0
evt_1d85118d39fd8f260ae0f929,prov_co_llp_600053,2026-06-29,authorized,active,,snap_49941ce75946f286,https://www.coloradolegalregulation.com/wp-content/uploads/PDF/LLP/Admitted%20LLP%20Roster.pdf,2026-06-29T23:16:12.887720+0000,0.1.0
evt_1d92853038a36265f73d4d10,prov_az_abs_64715244fa9c,2024-11-08,authorized,active,,snap_a6e3d292014fceaf,https://www.azcourts.gov/cld/Alternative-Business-Structure/Directory,2024-11-08T20:22:47.000000+0000,wayback-0.1.0
evt_1dbb73557d7c6ce63375488a,prov_wa_lllt_195,2026-06-30,authorized,active,,snap_c700fb20a472580a,https://www.mywsba.org/PersonifyEbusiness/LegalDirectory.aspx?ShowSearchResults=TRUE&LicenseType=LLLT,2026-06-30T00:18:15.570648+0000,0.1.0
evt_1e0425788ac4055b1709c575,prov_ut_sandbox_f76026d48314,2025-06-12,authorized,exited,,snap_9722e7151b04a806,https://utahinnovationoffice.org/authorized-entities/,2025-06-12T21:17:13.000000+0000,wayback-0.1.0
evt_1e5fb6f791c7b55f8eae7868,prov_az_abs_fe76ca614d51,2026-06-29,authorized,active,,snap_9f99d17bf219186a,https://www.azcourts.gov/cld/Alternative-Business-Structure/Directory,2026-06-29T02:04:20.369320+0000,0.1.0
evt_1e60adf54156a3b4fddfcb32,prov_az_lp_b23d4ccc3e9b,2026-06-29,authorized,active,,snap_26827600c4012050,https://www.azcourts.gov/cld/Legal-Paraprofessional/Directory,2026-06-29T14:08:10.694860+0000,0.1.0
evt_1ea322a490c3eb2974bdbf29,prov_az_abs_021b749c0a23,2026-06-29,authorized,active,,snap_9f99d17bf219186a,https://www.azcourts.gov/cld/Alternative-Business-Structure/Directory,2026-06-29T02:04:20.369320+0000,0.1.0
evt_1f018edf742fed3cd53f125b,prov_co_llp_600015,2026-06-29,authorized,active,,snap_49941ce75946f286,https://www.coloradolegalregulation.com/wp-content/uploads/PDF/LLP/Admitted%20LLP%20Roster.pdf,2026-06-29T23:16:12.887720+0000,0.1.0
evt_1f28d4c3ae47af8979638229,prov_ut_sandbox_cc2daa1d7bfa,2025-06-12,authorized,active,,snap_9722e7151b04a806,https://utahinnovationoffice.org/authorized-entities/,2025-06-12T21:17:13.000000+0000,wayback-0.1.0
evt_1f4790c57fb7a1bc4d161e3d,prov_wa_lllt_122,2026-06-30,authorized,active,,snap_c700fb20a472580a,https://www.mywsba.org/PersonifyEbusiness/LegalDirectory.aspx?ShowSearchResults=TRUE&LicenseType=LLLT,2026-06-30T00:18:15.570648+0000,0.1.0
evt_1f7b2de30139d90542867274,prov_co_llp_600023,2026-06-29,authorized,active,,snap_49941ce75946f286,https://www.coloradolegalregulation.com/wp-content/uploads/PDF/LLP/Admitted%20LLP%20Roster.pdf,2026-06-29T23:16:12.887720+0000,0.1.0
evt_1f93116220a56920c3ea5f1f,prov_az_lp_68301ac865a9,2026-06-29,authorized,active,,snap_26827600c4012050,https://www.azcourts.gov/cld/Legal-Paraprofessional/Directory,2026-06-29T14:08:10.694860+0000,0.1.0
evt_1fe56a4b6161b6bc41e25ecf,prov_ut_sandbox_854baf81456d,2025-06-12,authorized,exited,,snap_9722e7151b04a806,https://utahinnovationoffice.org/authorized-entities/,2025-06-12T21:17:13.000000+0000,wayback-0.1.0
evt_1ff74c0c6a582c299eb778b5,prov_ut_sandbox_c604d239fda3,2025-06-12,authorized,exited,,snap_9722e7151b04a806,https://utahinnovationoffice.org/authorized-entities/,2025-06-12T21:17:13.000000+0000,wayback-0.1.0
evt_2040f05e3984ce1ad48ccaf3,prov_ut_lpp_55ba167d2462,2026-06-29,authorized,active,,snap_9b77f407c9783028,https://www.licensedlawyer.org/cv/cgi-bin/memberdll.dll/CustomList?WHP=lawyers_header.htm&WBP=lawyers_list.htm&SQLNAME=GETDIRSEARCH&SRCHOPT=I%7cPOLITICALPARTY%7cLPPActive%7c%3d%5eI%7cCHAPTERID%7cUT-BAR%7c%3d&SORTOPT=LASTNAME&GETCOUNT=0&GETSIM=0&RANGE=1%2f10&WEM=search_error.htm,2026-06-29T14:43:26.821674+0000,0.1.0
evt_20a2717bd0c36a8bc6592992,prov_co_llp_600121,2026-06-29,authorized,active,,snap_49941ce75946f286,https://www.coloradolegalregulation.com/wp-content/uploads/PDF/LLP/Admitted%20LLP%20Roster.pdf,2026-06-29T23:16:12.887720+0000,0.1.0
evt_20cc84e8381bf2e2b5685e6b,prov_az_abs_efe42ea44120,2024-11-08,authorized,active,,snap_a6e3d292014fceaf,https://www.azcourts.gov/cld/Alternative-Business-Structure/Directory,2024-11-08T20:22:47.000000+0000,wayback-0.1.0
evt_21596eb36a21ed339683b066,prov_co_llp_600040,2026-06-29,authorized,active,,snap_49941ce75946f286,https://www.coloradolegalregulation.com/wp-content/uploads/PDF/LLP/Admitted%20LLP%20Roster.pdf,2026-06-29T23:16:12.887720+0000,0.1.0
evt_225d1567ed03d339f595f585,prov_az_lp_d30638c5d013,2026-07-19,status_change,unknown,active → unknown,snap_642532999d024c19,https://www.azcourts.gov/cld/Legal-Paraprofessional/Directory,2026-07-19T23:25:45.013674+0000,0.1.0
evt_22a191cd90295f20b9d19dd0,prov_mn_lp_1038,2026-06-29,authorized,active,,snap_65dee7a93a241e8f,https://mncourts.gov/_media/migration/appellate/supreme-court/Roster-of-Approved-Legal-Paraprofessionals.pdf,2026-06-29T23:48:06.975920+0000,0.1.0
evt_22b6ab23ddd0f19562f18380,prov_mn_lp_1041,2026-06-29,authorized,active,,snap_65dee7a93a241e8f,https://mncourts.gov/_media/migration/appellate/supreme-court/Roster-of-Approved-Legal-Paraprofessionals.pdf,2026-06-29T23:48:06.975920+0000,0.1.0
evt_22d0e2f357cd0f6b58b0caff,prov_wa_lllt_155,2026-06-30,authorized,suspended,,snap_c700fb20a472580a,https://www.mywsba.org/PersonifyEbusiness/LegalDirectory.aspx?ShowSearchResults=TRUE&LicenseType=LLLT,2026-06-30T00:18:15.570648+0000,0.1.0
evt_23fae3e33abf66f7d8b1810b,prov_az_lp_322d46f0168a,2026-06-29,authorized,active,,snap_26827600c4012050,https://www.azcourts.gov/cld/Legal-Paraprofessional/Directory,2026-06-29T14:08:10.694860+0000,0.1.0
evt_2459898b883b91893f7aede0,prov_az_lp_33a3a6c0ce28,2026-06-29,authorized,active,,snap_26827600c4012050,https://www.azcourts.gov/cld/Legal-Paraprofessional/Directory,2026-06-29T14:08:10.694860+0000,0.1.0
evt_245f0e5f4d531c3da7d73dd3,prov_ut_lpp_f4a0e441db53,2026-06-29,authorized,active,,snap_9b77f407c9783028,https://www.licensedlawyer.org/cv/cgi-bin/memberdll.dll/CustomList?WHP=lawyers_header.htm&WBP=lawyers_list.htm&SQLNAME=GETDIRSEARCH&SRCHOPT=I%7cPOLITICALPARTY%7cLPPActive%7c%3d%5eI%7cCHAPTERID%7cUT-BAR%7c%3d&SORTOPT=LASTNAME&GETCOUNT=0&GETSIM=0&RANGE=1%2f10&WEM=search_error.htm,2026-06-29T14:43:26.821674+0000,0.1.0
evt_24741ab41efb69753d5d7db5,prov_az_abs_9f557238059f,2026-06-29,disappeared_from_roster,exited,,snap_9f99d17bf219186a,https://www.azcourts.gov/cld/Alternative-Business-Structure/Directory,2026-06-29T02:04:20.369320+0000,0.1.0
evt_25930cc7d7387d973fd122d1,prov_co_llp_600067,2026-06-29,authorized,active,,snap_49941ce75946f286,https://www.coloradolegalregulation.com/wp-content/uploads/PDF/LLP/Admitted%20LLP%20Roster.pdf,2026-06-29T23:16:12.887720+0000,0.1.0
evt_25cb95b94e440ff835a93f64,prov_az_lp_d9d343c49731,2026-06-29,authorized,active,,snap_26827600c4012050,https://www.azcourts.gov/cld/Legal-Paraprofessional/Directory,2026-06-29T14:08:10.694860+0000,0.1.0
evt_25e9da4153c6fc18e1b41419,prov_az_abs_dc85a317226f,2024-11-08,authorized,active,,snap_a6e3d292014fceaf,https://www.azcourts.gov/cld/Alternative-Business-Structure/Directory,2024-11-08T20:22:47.000000+0000,wayback-0.1.0
evt_269155aec172130a1bb66eb2,prov_wa_lllt_140,2026-06-30,authorized,active,,snap_c700fb20a472580a,https://www.mywsba.org/PersonifyEbusiness/LegalDirectory.aspx?ShowSearchResults=TRUE&LicenseType=LLLT,2026-06-30T00:18:15.570648+0000,0.1.0
evt_26b1cd14602ae963adc9d0fa,prov_co_llp_600068,2026-06-29,authorized,active,,snap_49941ce75946f286,https://www.coloradolegalregulation.com/wp-content/uploads/PDF/LLP/Admitted%20LLP%20Roster.pdf,2026-06-29T23:16:12.887720+0000,0.1.0
evt_270e2d23861bdc68f50d3bc5,prov_az_abs_55745bb817e9,2026-06-29,authorized,active,,snap_9f99d17bf219186a,https://www.azcourts.gov/cld/Alternative-Business-Structure/Directory,2026-06-29T02:04:20.369320+0000,0.1.0
evt_2724358f36e2e88b710a241b,prov_mn_lp_1043,2026-06-29,authorized,active,,snap_65dee7a93a241e8f,https://mncourts.gov/_media/migration/appellate/supreme-court/Roster-of-Approved-Legal-Paraprofessionals.pdf,2026-06-29T23:48:06.975920+0000,0.1.0
evt_2821b5e10fbb016c5f5c15c2,prov_co_llp_600008,2026-06-29,authorized,active,,snap_49941ce75946f286,https://www.coloradolegalregulation.com/wp-content/uploads/PDF/LLP/Admitted%20LLP%20Roster.pdf,2026-06-29T23:16:12.887720+0000,0.1.0
evt_28531567430fd5f4dde7d1be,prov_ut_sandbox_0e06f77e17dd,2025-06-12,authorized,active,,snap_9722e7151b04a806,https://utahinnovationoffice.org/authorized-entities/,2025-06-12T21:17:13.000000+0000,wayback-0.1.0
evt_289ec6973e78ea5b32888264,prov_ut_lpp_873967ad683e,2026-06-29,authorized,active,,snap_9b77f407c9783028,https://www.licensedlawyer.org/cv/cgi-bin/memberdll.dll/CustomList?WHP=lawyers_header.htm&WBP=lawyers_list.htm&SQLNAME=GETDIRSEARCH&SRCHOPT=I%7cPOLITICALPARTY%7cLPPActive%7c%3d%5eI%7cCHAPTERID%7cUT-BAR%7c%3d&SORTOPT=LASTNAME&GETCOUNT=0&GETSIM=0&RANGE=1%2f10&WEM=search_error.htm,2026-06-29T14:43:26.821674+0000,0.1.0
evt_28e58ff501e6e2c18f334a7d,prov_az_lp_86f05b265eec,2026-06-29,authorized,active,,snap_26827600c4012050,https://www.azcourts.gov/cld/Legal-Paraprofessional/Directory,2026-06-29T14:08:10.694860+0000,0.1.0
evt_29611b1772be7194d560cdf5,prov_az_abs_8a1045f9076b,2026-06-29,authorized,active,,snap_9f99d17bf219186a,https://www.azcourts.gov/cld/Alternative-Business-Structure/Directory,2026-06-29T02:04:20.369320+0000,0.1.0
evt_296bc717f82352fa457e78a9,prov_az_abs_fe096e0619b4,2024-11-08,authorized,active,,snap_a6e3d292014fceaf,https://www.azcourts.gov/cld/Alternative-Business-Structure/Directory,2024-11-08T20:22:47.000000+0000,wayback-0.1.0
evt_29bba7c99e4c2784748f1941,prov_ut_sandbox_305d9be0bea3,2025-06-12,authorized,exited,,snap_9722e7151b04a806,https://utahinnovationoffice.org/authorized-entities/,2025-06-12T21:17:13.000000+0000,wayback-0.1.0
evt_2a793a5398c79ed1c33955fb,prov_wa_lllt_111,2026-06-30,authorized,exited,,snap_c700fb20a472580a,https://www.mywsba.org/PersonifyEbusiness/LegalDirectory.aspx?ShowSearchResults=TRUE&LicenseType=LLLT,2026-06-30T00:18:15.570648+0000,0.1.0
evt_2b3263a2f8af8a02707420da,prov_wa_lllt_103,2026-06-30,authorized,exited,,snap_c700fb20a472580a,https://www.mywsba.org/PersonifyEbusiness/LegalDirectory.aspx?ShowSearchResults=TRUE&LicenseType=LLLT,2026-06-30T00:18:15.570648+0000,0.1.0
evt_2b32f350c26ca936fdf43841,prov_wa_lllt_183,2026-06-30,authorized,suspended,,snap_c700fb20a472580a,https://www.mywsba.org/PersonifyEbusiness/LegalDirectory.aspx?ShowSearchResults=TRUE&LicenseType=LLLT,2026-06-30T00:18:15.570648+0000,0.1.0
evt_2caab61b82fdedf5d717db76,prov_az_lp_80cf7b6affa2,2026-06-29,authorized,active,,snap_26827600c4012050,https://www.azcourts.gov/cld/Legal-Paraprofessional/Directory,2026-06-29T14:08:10.694860+0000,0.1.0
evt_2cc2a74f991e205a1b593247,prov_wa_lllt_128,2026-06-30,authorized,unknown,,snap_c700fb20a472580a,https://www.mywsba.org/PersonifyEbusiness/LegalDirectory.aspx?ShowSearchResults=TRUE&LicenseType=LLLT,2026-06-30T00:18:15.570648+0000,0.1.0
evt_2cc47b43cbd1f760b249e8e8,prov_co_llp_600122,2026-06-29,authorized,active,,snap_49941ce75946f286,https://www.coloradolegalregulation.com/wp-content/uploads/PDF/LLP/Admitted%20LLP%20Roster.pdf,2026-06-29T23:16:12.887720+0000,0.1.0
evt_2cdad3bc5615fa8b73067722,prov_az_abs_64715244fa9c,2026-06-29,disappeared_from_roster,exited,,snap_9f99d17bf219186a,https://www.azcourts.gov/cld/Alternative-Business-Structure/Directory,2026-06-29T02:04:20.369320+0000,0.1.0
evt_2cf0b93ceabcd0a1032d02ee,prov_wa_lllt_196,2026-06-30,authorized,active,,snap_c700fb20a472580a,https://www.mywsba.org/PersonifyEbusiness/LegalDirectory.aspx?ShowSearchResults=TRUE&LicenseType=LLLT,2026-06-30T00:18:15.570648+0000,0.1.0
evt_2d9ef62087230ade7a6e9519,prov_az_abs_f433e3c404b2,2026-06-29,authorized,exited,,snap_9f99d17bf219186a,https://www.azcourts.gov/cld/Alternative-Business-Structure/Directory,2026-06-29T02:04:20.369320+0000,0.1.0
evt_2e49d6137e94490d92e19ac0,prov_az_abs_5c5f804a8db1,2024-11-08,authorized,active,,snap_a6e3d292014fceaf,https://www.azcourts.gov/cld/Alternative-Business-Structure/Directory,2024-11-08T20:22:47.000000+0000,wayback-0.1.0
evt_2e7cfc71a006b994ef623059,prov_co_llp_600072,2026-06-29,authorized,active,,snap_49941ce75946f286,https://www.coloradolegalregulation.com/wp-content/uploads/PDF/LLP/Admitted%20LLP%20Roster.pdf,2026-06-29T23:16:12.887720+0000,0.1.0
evt_2ec7b38b468fd20e534f1f52,prov_co_llp_600011,2026-06-29,authorized,active,,snap_49941ce75946f286,https://www.coloradolegalregulation.com/wp-content/uploads/PDF/LLP/Admitted%20LLP%20Roster.pdf,2026-06-29T23:16:12.887720+0000,0.1.0
evt_2ee49a853a6552257247128c,prov_az_abs_5dd8c6be215d,2026-06-29,authorized,active,,snap_9f99d17bf219186a,https://www.azcourts.gov/cld/Alternative-Business-Structure/Directory,2026-06-29T02:04:20.369320+0000,0.1.0
evt_2f2f6afd4239edf331aa03c4,prov_wa_lllt_112,2026-06-30,authorized,unknown,,snap_c700fb20a472580a,https://www.mywsba.org/PersonifyEbusiness/LegalDirectory.aspx?ShowSearchResults=TRUE&LicenseType=LLLT,2026-06-30T00:18:15.570648+0000,0.1.0
evt_2f4833012dcdee19e5a83933,prov_wa_lllt_179,2026-06-30,authorized,active,,snap_c700fb20a472580a,https://www.mywsba.org/PersonifyEbusiness/LegalDirectory.aspx?ShowSearchResults=TRUE&LicenseType=LLLT,2026-06-30T00:18:15.570648+0000,0.1.0
evt_2fd9fb5b87f3c39dcd05766a,prov_az_abs_707665cab2e2,2026-06-29,authorized,active,,snap_9f99d17bf219186a,https://www.azcourts.gov/cld/Alternative-Business-Structure/Directory,2026-06-29T02:04:20.369320+0000,0.1.0
evt_2fe96bc2d85b0c33357bfd7d,prov_co_llp_600034,2026-06-29,authorized,active,,snap_49941ce75946f286,https://www.coloradolegalregulation.com/wp-content/uploads/PDF/LLP/Admitted%20LLP%20Roster.pdf,2026-06-29T23:16:12.887720+0000,0.1.0
evt_30135c554ef16ca66b7807c0,prov_co_llp_600092,2026-06-29,authorized,active,,snap_49941ce75946f286,https://www.coloradolegalregulation.com/wp-content/uploads/PDF/LLP/Admitted%20LLP%20Roster.pdf,2026-06-29T23:16:12.887720+0000,0.1.0
evt_30295c2bce84c77a84734ea9,prov_az_abs_6488ac3d5a25,2026-06-29,authorized,active,,snap_9f99d17bf219186a,https://www.azcourts.gov/cld/Alternative-Business-Structure/Directory,2026-06-29T02:04:20.369320+0000,0.1.0
evt_30e6ce38d3b91a6eff9d32d7,prov_ut_sandbox_0963c5f5abc3,2025-06-12,authorized,exited,,snap_9722e7151b04a806,https://utahinnovationoffice.org/authorized-entities/,2025-06-12T21:17:13.000000+0000,wayback-0.1.0
evt_3120a5c566ad2265617954ed,prov_ut_sandbox_a7217b38e442,2025-06-12,authorized,exited,,snap_9722e7151b04a806,https://utahinnovationoffice.org/authorized-entities/,2025-06-12T21:17:13.000000+0000,wayback-0.1.0
evt_31222f21aacedb10fdc6da1e,prov_az_abs_0156bae2ad3b,2026-06-29,authorized,active,,snap_9f99d17bf219186a,https://www.azcourts.gov/cld/Alternative-Business-Structure/Directory,2026-06-29T02:04:20.369320+0000,0.1.0
evt_312916aef51dca757a6a351a,prov_co_llp_600086,2026-06-29,authorized,active,,snap_49941ce75946f286,https://www.coloradolegalregulation.com/wp-content/uploads/PDF/LLP/Admitted%20LLP%20Roster.pdf,2026-06-29T23:16:12.887720+0000,0.1.0
evt_31739529cc73b28f8eed40ee,prov_wa_lllt_148,2026-06-30,authorized,active,,snap_c700fb20a472580a,https://www.mywsba.org/PersonifyEbusiness/LegalDirectory.aspx?ShowSearchResults=TRUE&LicenseType=LLLT,2026-06-30T00:18:15.570648+0000,0.1.0
evt_31f821e0d7dc115c35605787,prov_az_abs_3540c8652651,2024-11-08,authorized,active,,snap_a6e3d292014fceaf,https://www.azcourts.gov/cld/Alternative-Business-Structure/Directory,2024-11-08T20:22:47.000000+0000,wayback-0.1.0
evt_32140d6f6bd3c21da426599c,prov_co_llp_600022,2026-06-29,authorized,active,,snap_49941ce75946f286,https://www.coloradolegalregulation.com/wp-content/uploads/PDF/LLP/Admitted%20LLP%20Roster.pdf,2026-06-29T23:16:12.887720+0000,0.1.0
evt_32629c480ca2463913b3a3c6,prov_az_abs_bba24e840743,2026-06-29,authorized,active,,snap_9f99d17bf219186a,https://www.azcourts.gov/cld/Alternative-Business-Structure/Directory,2026-06-29T02:04:20.369320+0000,0.1.0
evt_32e572b5dd1976e71cbd9888,prov_az_lp_1b00f99daaed,2026-06-29,authorized,active,,snap_26827600c4012050,https://www.azcourts.gov/cld/Legal-Paraprofessional/Directory,2026-06-29T14:08:10.694860+0000,0.1.0
evt_33a3cb18935da455059ed42a,prov_ut_sandbox_3616b3717f4e,2025-06-12,authorized,exited,,snap_9722e7151b04a806,https://utahinnovationoffice.org/authorized-entities/,2025-06-12T21:17:13.000000+0000,wayback-0.1.0
evt_33ea75f6818198800f7894da,prov_az_lp_8e268b031175,2026-06-29,authorized,active,,snap_26827600c4012050,https://www.azcourts.gov/cld/Legal-Paraprofessional/Directory,2026-06-29T14:08:10.694860+0000,0.1.0
evt_354349fe471f79c9c162c2a2,prov_az_abs_de69a23c2643,2024-11-08,authorized,active,,snap_a6e3d292014fceaf,https://www.azcourts.gov/cld/Alternative-Business-Structure/Directory,2024-11-08T20:22:47.000000+0000,wayback-0.1.0
evt_3590cae6ff6f730865eabf6d,prov_az_lp_aa8158c4f23d,2026-06-29,authorized,active,,snap_26827600c4012050,https://www.azcourts.gov/cld/Legal-Paraprofessional/Directory,2026-06-29T14:08:10.694860+0000,0.1.0
evt_35bae6220aaaf4e6ac3adcd2,prov_az_lp_3d8615f9956f,2026-06-29,authorized,exited,,snap_26827600c4012050,https://www.azcourts.gov/cld/Legal-Paraprofessional/Directory,2026-06-29T14:08:10.694860+0000,0.1.0
evt_36ae9c1e6e5ad8e1658233fb,prov_az_lp_e9e7ba557952,2026-06-29,authorized,active,,snap_26827600c4012050,https://www.azcourts.gov/cld/Legal-Paraprofessional/Directory,2026-06-29T14:08:10.694860+0000,0.1.0
evt_36fb89d8690a4a8c6cc14e71,prov_ut_lpp_a4c10c422c25,2026-06-29,authorized,active,,snap_9b77f407c9783028,https://www.licensedlawyer.org/cv/cgi-bin/memberdll.dll/CustomList?WHP=lawyers_header.htm&WBP=lawyers_list.htm&SQLNAME=GETDIRSEARCH&SRCHOPT=I%7cPOLITICALPARTY%7cLPPActive%7c%3d%5eI%7cCHAPTERID%7cUT-BAR%7c%3d&SORTOPT=LASTNAME&GETCOUNT=0&GETSIM=0&RANGE=1%2f10&WEM=search_error.htm,2026-06-29T14:43:26.821674+0000,0.1.0
evt_379972759b9fcc05ed22c4a0,prov_az_lp_d30638c5d013,2026-06-29,authorized,active,,snap_26827600c4012050,https://www.azcourts.gov/cld/Legal-Paraprofessional/Directory,2026-06-29T14:08:10.694860+0000,0.1.0
evt_37cf27c95a3bf67b2bb3e027,prov_mn_lp_1012,2026-06-29,authorized,active,,snap_65dee7a93a241e8f,https://mncourts.gov/_media/migration/appellate/supreme-court/Roster-of-Approved-Legal-Paraprofessionals.pdf,2026-06-29T23:48:06.975920+0000,0.1.0
evt_37ec28913a89c9f803e91416,prov_mn_lp_1016,2026-06-29,authorized,active,,snap_65dee7a93a241e8f,https://mncourts.gov/_media/migration/appellate/supreme-court/Roster-of-Approved-Legal-Paraprofessionals.pdf,2026-06-29T23:48:06.975920+0000,0.1.0
evt_386ee979095d147dc90f3bff,prov_az_abs_119ce13d89c6,2026-06-29,authorized,active,,snap_9f99d17bf219186a,https://www.azcourts.gov/cld/Alternative-Business-Structure/Directory,2026-06-29T02:04:20.369320+0000,0.1.0
evt_3a84b98a0fd7fb83b8e33721,prov_wa_lllt_184,2026-06-30,authorized,active,,snap_c700fb20a472580a,https://www.mywsba.org/PersonifyEbusiness/LegalDirectory.aspx?ShowSearchResults=TRUE&LicenseType=LLLT,2026-06-30T00:18:15.570648+0000,0.1.0
evt_3a98d0cc62e0079163d94acb,prov_az_abs_b94cf5402fb8,2024-11-08,authorized,active,,snap_a6e3d292014fceaf,https://www.azcourts.gov/cld/Alternative-Business-Structure/Directory,2024-11-08T20:22:47.000000+0000,wayback-0.1.0
evt_3abe2dc11c1cf4df26b67c88,prov_mn_lp_1044,2026-06-29,authorized,active,,snap_65dee7a93a241e8f,https://mncourts.gov/_media/migration/appellate/supreme-court/Roster-of-Approved-Legal-Paraprofessionals.pdf,2026-06-29T23:48:06.975920+0000,0.1.0
evt_3b0de70b97e923ba323a3b7d,prov_az_abs_21de7299ba14,2026-06-29,authorized,active,,snap_9f99d17bf219186a,https://www.azcourts.gov/cld/Alternative-Business-Structure/Directory,2026-06-29T02:04:20.369320+0000,0.1.0
evt_3c0f916a35f445ef1185630a,prov_az_lp_03a43163f52f,2026-06-29,authorized,active,,snap_26827600c4012050,https://www.azcourts.gov/cld/Legal-Paraprofessional/Directory,2026-06-29T14:08:10.694860+0000,0.1.0
evt_3c2a4228f48f87d25cab8a95,prov_co_llp_600052,2026-06-29,authorized,active,,snap_49941ce75946f286,https://www.coloradolegalregulation.com/wp-content/uploads/PDF/LLP/Admitted%20LLP%20Roster.pdf,2026-06-29T23:16:12.887720+0000,0.1.0
evt_3c2ffcfad9f3a7a8788da541,prov_co_llp_600025,2026-06-29,authorized,active,,snap_49941ce75946f286,https://www.coloradolegalregulation.com/wp-content/uploads/PDF/LLP/Admitted%20LLP%20Roster.pdf,2026-06-29T23:16:12.887720+0000,0.1.0
evt_3c30b75d7f580d3216316507,prov_az_lp_7274ddce9b9c,2026-06-29,authorized,active,,snap_26827600c4012050,https://www.azcourts.gov/cld/Legal-Paraprofessional/Directory,2026-06-29T14:08:10.694860+0000,0.1.0
evt_3c5a45f08660c94bde83a429,prov_ut_lpp_1adf0cab1f06,2026-06-29,authorized,active,,snap_9b77f407c9783028,https://www.licensedlawyer.org/cv/cgi-bin/memberdll.dll/CustomList?WHP=lawyers_header.htm&WBP=lawyers_list.htm&SQLNAME=GETDIRSEARCH&SRCHOPT=I%7cPOLITICALPARTY%7cLPPActive%7c%3d%5eI%7cCHAPTERID%7cUT-BAR%7c%3d&SORTOPT=LASTNAME&GETCOUNT=0&GETSIM=0&RANGE=1%2f10&WEM=search_error.htm,2026-06-29T14:43:26.821674+0000,0.1.0
evt_3c943951a0e2e89bd4398130,prov_az_lp_2cdf257040bd,2026-06-29,authorized,active,,snap_26827600c4012050,https://www.azcourts.gov/cld/Legal-Paraprofessional/Directory,2026-06-29T14:08:10.694860+0000,0.1.0
evt_3cc13bc91cae0749387f0e60,prov_az_abs_3f5bd719f111,2024-11-08,authorized,active,,snap_a6e3d292014fceaf,https://www.azcourts.gov/cld/Alternative-Business-Structure/Directory,2024-11-08T20:22:47.000000+0000,wayback-0.1.0
evt_3de21515bc9f424c9062e2ad,prov_az_lp_c563bc746af3,2026-06-29,authorized,active,,snap_26827600c4012050,https://www.azcourts.gov/cld/Legal-Paraprofessional/Directory,2026-06-29T14:08:10.694860+0000,0.1.0
evt_3e0515ef63e51affafe8c0d1,prov_az_abs_a21332c1199a,2024-11-08,authorized,active,,snap_a6e3d292014fceaf,https://www.azcourts.gov/cld/Alternative-Business-Structure/Directory,2024-11-08T20:22:47.000000+0000,wayback-0.1.0
evt_3e694f6444a0b7310236e483,prov_wa_lllt_121,2026-06-30,authorized,unknown,,snap_c700fb20a472580a,https://www.mywsba.org/PersonifyEbusiness/LegalDirectory.aspx?ShowSearchResults=TRUE&LicenseType=LLLT,2026-06-30T00:18:15.570648+0000,0.1.0
evt_3e729c6ce3e464654892935f,prov_az_abs_d01587a1595a,2026-06-29,authorized,active,,snap_9f99d17bf219186a,https://www.azcourts.gov/cld/Alternative-Business-Structure/Directory,2026-06-29T02:04:20.369320+0000,0.1.0
evt_3ee3d14634ddb2858f57773e,prov_ut_sandbox_a9c8267e3dff,2026-06-29,status_change,exited,active → exited,snap_f0624d67fe0ad9d1,https://utahinnovationoffice.org/authorized-entities/,2026-06-29T13:58:14.482913+0000,0.1.0
evt_3f2a129a33d9d093a65257e0,prov_az_abs_25cbbc50544d,2026-06-29,authorized,active,,snap_9f99d17bf219186a,https://www.azcourts.gov/cld/Alternative-Business-Structure/Directory,2026-06-29T02:04:20.369320+0000,0.1.0
evt_3f37b0fbb015ab12cb6ab77e,prov_az_abs_b51f379246bc,2024-11-08,authorized,active,,snap_a6e3d292014fceaf,https://www.azcourts.gov/cld/Alternative-Business-Structure/Directory,2024-11-08T20:22:47.000000+0000,wayback-0.1.0
evt_3f3a776d163c846f775981f7,prov_az_abs_65718c95862b,2026-06-29,authorized,active,,snap_9f99d17bf219186a,https://www.azcourts.gov/cld/Alternative-Business-Structure/Directory,2026-06-29T02:04:20.369320+0000,0.1.0
evt_3f629be13f45058690e4e5cb,prov_az_abs_c448cef7a47b,2024-11-08,authorized,exited,,snap_a6e3d292014fceaf,https://www.azcourts.gov/cld/Alternative-Business-Structure/Directory,2024-11-08T20:22:47.000000+0000,wayback-0.1.0
evt_3f8430cc81a962af50927eb4,prov_co_llp_600010,2026-06-29,authorized,active,,snap_49941ce75946f286,https://www.coloradolegalregulation.com/wp-content/uploads/PDF/LLP/Admitted%20LLP%20Roster.pdf,2026-06-29T23:16:12.887720+0000,0.1.0
evt_3fc58e8dbdb1ddf7c1ad6285,prov_az_lp_c14fc4c15efc,2026-06-29,authorized,active,,snap_26827600c4012050,https://www.azcourts.gov/cld/Legal-Paraprofessional/Directory,2026-06-29T14:08:10.694860+0000,0.1.0
evt_400789fd0f0360d91bae2b6c,prov_ut_sandbox_5612400c0ad3,2025-06-12,authorized,exited,,snap_9722e7151b04a806,https://utahinnovationoffice.org/authorized-entities/,2025-06-12T21:17:13.000000+0000,wayback-0.1.0
evt_40b6fc821efcf90a453f8382,prov_co_llp_600016,2026-06-29,authorized,active,,snap_49941ce75946f286,https://www.coloradolegalregulation.com/wp-content/uploads/PDF/LLP/Admitted%20LLP%20Roster.pdf,2026-06-29T23:16:12.887720+0000,0.1.0
evt_41496b263414a4cbfe90eff5,prov_az_lp_880a1824e09a,2026-06-29,authorized,active,,snap_26827600c4012050,https://www.azcourts.gov/cld/Legal-Paraprofessional/Directory,2026-06-29T14:08:10.694860+0000,0.1.0
evt_415ce392ad69b2ba02b5206e,prov_co_llp_600093,2026-06-29,authorized,active,,snap_49941ce75946f286,https://www.coloradolegalregulation.com/wp-content/uploads/PDF/LLP/Admitted%20LLP%20Roster.pdf,2026-06-29T23:16:12.887720+0000,0.1.0
evt_41d7a242a18ae6b0563d696e,prov_wa_lllt_192,2026-06-30,authorized,active,,snap_c700fb20a472580a,https://www.mywsba.org/PersonifyEbusiness/LegalDirectory.aspx?ShowSearchResults=TRUE&LicenseType=LLLT,2026-06-30T00:18:15.570648+0000,0.1.0
evt_4248fa7bbe9c29c12207c639,prov_co_llp_600082,2026-06-29,authorized,active,,snap_49941ce75946f286,https://www.coloradolegalregulation.com/wp-content/uploads/PDF/LLP/Admitted%20LLP%20Roster.pdf,2026-06-29T23:16:12.887720+0000,0.1.0
evt_4266e66b6ddb5d7c6dafa224,prov_co_llp_600109,2026-06-29,authorized,active,,snap_49941ce75946f286,https://www.coloradolegalregulation.com/wp-content/uploads/PDF/LLP/Admitted%20LLP%20Roster.pdf,2026-06-29T23:16:12.887720+0000,0.1.0
evt_42e2afb06d5f47280ce1dd69,prov_az_lp_b5069385b076,2026-06-29,authorized,active,,snap_26827600c4012050,https://www.azcourts.gov/cld/Legal-Paraprofessional/Directory,2026-06-29T14:08:10.694860+0000,0.1.0
evt_42fef4ea05a02de7a54abaf7,prov_co_llp_600006,2026-06-29,authorized,active,,snap_49941ce75946f286,https://www.coloradolegalregulation.com/wp-content/uploads/PDF/LLP/Admitted%20LLP%20Roster.pdf,2026-06-29T23:16:12.887720+0000,0.1.0
evt_433a89152cf55d97bed3f690,prov_az_abs_182c8a8a9e07,2024-11-08,authorized,active,,snap_a6e3d292014fceaf,https://www.azcourts.gov/cld/Alternative-Business-Structure/Directory,2024-11-08T20:22:47.000000+0000,wayback-0.1.0
evt_43a8be7a987ba8e5649de9b6,prov_az_abs_8dbfecee113f,2024-11-08,authorized,active,,snap_a6e3d292014fceaf,https://www.azcourts.gov/cld/Alternative-Business-Structure/Directory,2024-11-08T20:22:47.000000+0000,wayback-0.1.0
evt_43b1ec5e602946f192e6d4cc,prov_ut_sandbox_f05f191cc622,2025-06-12,authorized,exited,,snap_9722e7151b04a806,https://utahinnovationoffice.org/authorized-entities/,2025-06-12T21:17:13.000000+0000,wayback-0.1.0
evt_442384adc0ef75fc77c4301a,prov_ut_sandbox_0ad2c5930189,2025-06-12,authorized,exited,,snap_9722e7151b04a806,https://utahinnovationoffice.org/authorized-entities/,2025-06-12T21:17:13.000000+0000,wayback-0.1.0
evt_459d081653f76ae49a32acc5,prov_az_abs_7b0b71b170fc,2026-06-29,authorized,active,,snap_9f99d17bf219186a,https://www.azcourts.gov/cld/Alternative-Business-Structure/Directory,2026-06-29T02:04:20.369320+0000,0.1.0
evt_46b0362fe9b266d89aa92e7f,prov_mn_lp_1029,2026-06-29,authorized,active,,snap_65dee7a93a241e8f,https://mncourts.gov/_media/migration/appellate/supreme-court/Roster-of-Approved-Legal-Paraprofessionals.pdf,2026-06-29T23:48:06.975920+0000,0.1.0
evt_473b76ea237c5d46906f3784,prov_az_abs_aaab3122d355,2024-11-08,authorized,active,,snap_a6e3d292014fceaf,https://www.azcourts.gov/cld/Alternative-Business-Structure/Directory,2024-11-08T20:22:47.000000+0000,wayback-0.1.0
evt_47839b756955f3b9e3362d05,prov_mn_lp_1001,2026-06-29,authorized,active,,snap_65dee7a93a241e8f,https://mncourts.gov/_media/migration/appellate/supreme-court/Roster-of-Approved-Legal-Paraprofessionals.pdf,2026-06-29T23:48:06.975920+0000,0.1.0
evt_47a1255c8db8153c6767a3d5,prov_co_llp_600044,2026-06-29,authorized,active,,snap_49941ce75946f286,https://www.coloradolegalregulation.com/wp-content/uploads/PDF/LLP/Admitted%20LLP%20Roster.pdf,2026-06-29T23:16:12.887720+0000,0.1.0
evt_47c0ce9c547a39dc7d6c7ae6,prov_az_lp_6a1621f0a4a7,2026-06-29,authorized,active,,snap_26827600c4012050,https://www.azcourts.gov/cld/Legal-Paraprofessional/Directory,2026-06-29T14:08:10.694860+0000,0.1.0
evt_47d5ab359b733ae7172b72f9,prov_co_llp_600054,2026-06-29,authorized,active,,snap_49941ce75946f286,https://www.coloradolegalregulation.com/wp-content/uploads/PDF/LLP/Admitted%20LLP%20Roster.pdf,2026-06-29T23:16:12.887720+0000,0.1.0
evt_486b58ceb93df44a4e252205,prov_az_abs_1ea1168e1387,2026-06-29,authorized,active,,snap_9f99d17bf219186a,https://www.azcourts.gov/cld/Alternative-Business-Structure/Directory,2026-06-29T02:04:20.369320+0000,0.1.0
evt_4900975347d7ea4034ad14d3,prov_ut_lpp_018c0de35831,2026-06-29,authorized,active,,snap_9b77f407c9783028,https://www.licensedlawyer.org/cv/cgi-bin/memberdll.dll/CustomList?WHP=lawyers_header.htm&WBP=lawyers_list.htm&SQLNAME=GETDIRSEARCH&SRCHOPT=I%7cPOLITICALPARTY%7cLPPActive%7c%3d%5eI%7cCHAPTERID%7cUT-BAR%7c%3d&SORTOPT=LASTNAME&GETCOUNT=0&GETSIM=0&RANGE=1%2f10&WEM=search_error.htm,2026-06-29T14:43:26.821674+0000,0.1.0
evt_49080fc59d293e47cf0a6729,prov_az_abs_1c83769c8392,2026-06-29,authorized,active,,snap_9f99d17bf219186a,https://www.azcourts.gov/cld/Alternative-Business-Structure/Directory,2026-06-29T02:04:20.369320+0000,0.1.0
evt_49168e15420bd35a4f22483f,prov_ut_lpp_45ae1c11b473,2026-06-29,authorized,active,,snap_9b77f407c9783028,https://www.licensedlawyer.org/cv/cgi-bin/memberdll.dll/CustomList?WHP=lawyers_header.htm&WBP=lawyers_list.htm&SQLNAME=GETDIRSEARCH&SRCHOPT=I%7cPOLITICALPARTY%7cLPPActive%7c%3d%5eI%7cCHAPTERID%7cUT-BAR%7c%3d&SORTOPT=LASTNAME&GETCOUNT=0&GETSIM=0&RANGE=1%2f10&WEM=search_error.htm,2026-06-29T14:43:26.821674+0000,0.1.0
evt_494193b49f5e34040132fe86,prov_az_abs_0d696da24d49,2026-06-29,authorized,active,,snap_9f99d17bf219186a,https://www.azcourts.gov/cld/Alternative-Business-Structure/Directory,2026-06-29T02:04:20.369320+0000,0.1.0
evt_497d9e9fccb0e96761f04b05,prov_ut_sandbox_09c45599fb6e,2025-06-12,authorized,exited,,snap_9722e7151b04a806,https://utahinnovationoffice.org/authorized-entities/,2025-06-12T21:17:13.000000+0000,wayback-0.1.0
evt_49a75dfc421ff26940183a4f,prov_ut_sandbox_fd7de8f7eb88,2025-06-12,authorized,active,,snap_9722e7151b04a806,https://utahinnovationoffice.org/authorized-entities/,2025-06-12T21:17:13.000000+0000,wayback-0.1.0
evt_49b757f66460eda864d8f736,prov_ut_sandbox_08a28c692991,2026-06-29,authorized,active,,snap_f0624d67fe0ad9d1,https://utahinnovationoffice.org/authorized-entities/,2026-06-29T13:58:14.482913+0000,0.1.0
evt_4ab9832772d0ab5e56de743f,prov_az_abs_9225e0caf40b,2026-06-29,disappeared_from_roster,exited,,snap_9f99d17bf219186a,https://www.azcourts.gov/cld/Alternative-Business-Structure/Directory,2026-06-29T02:04:20.369320+0000,0.1.0
evt_4b9bfb0e743be4a2a9c4ebce,prov_az_lp_815bf1883771,2026-06-29,authorized,active,,snap_26827600c4012050,https://www.azcourts.gov/cld/Legal-Paraprofessional/Directory,2026-06-29T14:08:10.694860+0000,0.1.0
evt_4bd8e8e77f08fd4a90bd4eec,prov_ut_lpp_018aba76e370,2026-06-29,authorized,active,,snap_9b77f407c9783028,https://www.licensedlawyer.org/cv/cgi-bin/memberdll.dll/CustomList?WHP=lawyers_header.htm&WBP=lawyers_list.htm&SQLNAME=GETDIRSEARCH&SRCHOPT=I%7cPOLITICALPARTY%7cLPPActive%7c%3d%5eI%7cCHAPTERID%7cUT-BAR%7c%3d&SORTOPT=LASTNAME&GETCOUNT=0&GETSIM=0&RANGE=1%2f10&WEM=search_error.htm,2026-06-29T14:43:26.821674+0000,0.1.0
evt_4ce9a4f2920a2e63ce9edcb9,prov_co_llp_600069,2026-06-29,authorized,active,,snap_49941ce75946f286,https://www.coloradolegalregulation.com/wp-content/uploads/PDF/LLP/Admitted%20LLP%20Roster.pdf,2026-06-29T23:16:12.887720+0000,0.1.0
evt_4decce4f97dae0fc61389c86,prov_ut_lpp_c740c271d89b,2026-06-29,authorized,active,,snap_9b77f407c9783028,https://www.licensedlawyer.org/cv/cgi-bin/memberdll.dll/CustomList?WHP=lawyers_header.htm&WBP=lawyers_list.htm&SQLNAME=GETDIRSEARCH&SRCHOPT=I%7cPOLITICALPARTY%7cLPPActive%7c%3d%5eI%7cCHAPTERID%7cUT-BAR%7c%3d&SORTOPT=LASTNAME&GETCOUNT=0&GETSIM=0&RANGE=1%2f10&WEM=search_error.htm,2026-06-29T14:43:26.821674+0000,0.1.0
evt_4e42331aa2fee73105cf5ad3,prov_wa_lllt_177,2026-06-30,authorized,active,,snap_c700fb20a472580a,https://www.mywsba.org/PersonifyEbusiness/LegalDirectory.aspx?ShowSearchResults=TRUE&LicenseType=LLLT,2026-06-30T00:18:15.570648+0000,0.1.0
evt_4e8d204b9d0b148f50940106,prov_ut_sandbox_7acd2b6d1414,2025-06-12,authorized,exited,,snap_9722e7151b04a806,https://utahinnovationoffice.org/authorized-entities/,2025-06-12T21:17:13.000000+0000,wayback-0.1.0
evt_4eaffc6438dae3911b1ea019,prov_az_abs_a21332c1199a,2026-06-29,disappeared_from_roster,exited,,snap_9f99d17bf219186a,https://www.azcourts.gov/cld/Alternative-Business-Structure/Directory,2026-06-29T02:04:20.369320+0000,0.1.0
evt_4eee74971483851816655175,prov_az_abs_01421e8e175e,2026-06-29,authorized,active,,snap_9f99d17bf219186a,https://www.azcourts.gov/cld/Alternative-Business-Structure/Directory,2026-06-29T02:04:20.369320+0000,0.1.0
evt_4f40a077b98c8b2ae97b77cd,prov_az_abs_848b9e866018,2026-06-29,authorized,active,,snap_9f99d17bf219186a,https://www.azcourts.gov/cld/Alternative-Business-Structure/Directory,2026-06-29T02:04:20.369320+0000,0.1.0
evt_4f444e4330d52f98dc0efe26,prov_az_lp_86a57526bbee,2026-06-29,authorized,active,,snap_26827600c4012050,https://www.azcourts.gov/cld/Legal-Paraprofessional/Directory,2026-06-29T14:08:10.694860+0000,0.1.0
evt_4f64150712791eda0919ded1,prov_ut_sandbox_a4ab70e673ce,2025-06-12,authorized,exited,,snap_9722e7151b04a806,https://utahinnovationoffice.org/authorized-entities/,2025-06-12T21:17:13.000000+0000,wayback-0.1.0
evt_4f74c63adc38b343fdf9f44e,prov_co_llp_600031,2026-06-29,authorized,active,,snap_49941ce75946f286,https://www.coloradolegalregulation.com/wp-content/uploads/PDF/LLP/Admitted%20LLP%20Roster.pdf,2026-06-29T23:16:12.887720+0000,0.1.0
evt_4fbc4662aab96402f7e049d7,prov_co_llp_600055,2026-06-29,authorized,active,,snap_49941ce75946f286,https://www.coloradolegalregulation.com/wp-content/uploads/PDF/LLP/Admitted%20LLP%20Roster.pdf,2026-06-29T23:16:12.887720+0000,0.1.0
evt_4fd05713f148075904b7d527,prov_mn_lp_1033,2026-06-29,authorized,active,,snap_65dee7a93a241e8f,https://mncourts.gov/_media/migration/appellate/supreme-court/Roster-of-Approved-Legal-Paraprofessionals.pdf,2026-06-29T23:48:06.975920+0000,0.1.0
evt_50b5305d194b2550e2595e53,prov_az_abs_8587516614b2,2026-06-29,authorized,active,,snap_9f99d17bf219186a,https://www.azcourts.gov/cld/Alternative-Business-Structure/Directory,2026-06-29T02:04:20.369320+0000,0.1.0
evt_50d39acf1790c202592e58b3,prov_az_abs_61817efab51f,2026-06-29,authorized,active,,snap_9f99d17bf219186a,https://www.azcourts.gov/cld/Alternative-Business-Structure/Directory,2026-06-29T02:04:20.369320+0000,0.1.0
evt_50ef3269a9892159f05ca6e6,prov_mn_lp_1021,2026-06-29,authorized,active,,snap_65dee7a93a241e8f,https://mncourts.gov/_media/migration/appellate/supreme-court/Roster-of-Approved-Legal-Paraprofessionals.pdf,2026-06-29T23:48:06.975920+0000,0.1.0
evt_516a85b3886d8a31acbe290c,prov_co_llp_600035,2026-06-29,authorized,active,,snap_49941ce75946f286,https://www.coloradolegalregulation.com/wp-content/uploads/PDF/LLP/Admitted%20LLP%20Roster.pdf,2026-06-29T23:16:12.887720+0000,0.1.0
evt_526240e5d9097fb6fd39cf33,prov_az_abs_7e8c5d2c6517,2026-06-29,disappeared_from_roster,exited,,snap_9f99d17bf219186a,https://www.azcourts.gov/cld/Alternative-Business-Structure/Directory,2026-06-29T02:04:20.369320+0000,0.1.0
evt_526a4afef2aaa3ca67bab45a,prov_co_llp_600021,2026-06-29,authorized,active,,snap_49941ce75946f286,https://www.coloradolegalregulation.com/wp-content/uploads/PDF/LLP/Admitted%20LLP%20Roster.pdf,2026-06-29T23:16:12.887720+0000,0.1.0
evt_530c17a8d8a1adde3af0a0df,prov_ut_lpp_e5b07699b5b6,2026-06-29,authorized,active,,snap_9b77f407c9783028,https://www.licensedlawyer.org/cv/cgi-bin/memberdll.dll/CustomList?WHP=lawyers_header.htm&WBP=lawyers_list.htm&SQLNAME=GETDIRSEARCH&SRCHOPT=I%7cPOLITICALPARTY%7cLPPActive%7c%3d%5eI%7cCHAPTERID%7cUT-BAR%7c%3d&SORTOPT=LASTNAME&GETCOUNT=0&GETSIM=0&RANGE=1%2f10&WEM=search_error.htm,2026-06-29T14:43:26.821674+0000,0.1.0
evt_5368159aef2cb26334f316ee,prov_az_abs_df25adde04cd,2026-06-29,authorized,active,,snap_9f99d17bf219186a,https://www.azcourts.gov/cld/Alternative-Business-Structure/Directory,2026-06-29T02:04:20.369320+0000,0.1.0
evt_53895a5a2631b92652557b47,prov_az_lp_70dc0d1ad492,2026-06-29,authorized,active,,snap_26827600c4012050,https://www.azcourts.gov/cld/Legal-Paraprofessional/Directory,2026-06-29T14:08:10.694860+0000,0.1.0
evt_53e4818e54aaecab6b10125a,prov_az_abs_846afb4099f1,2026-06-29,authorized,active,,snap_9f99d17bf219186a,https://www.azcourts.gov/cld/Alternative-Business-Structure/Directory,2026-06-29T02:04:20.369320+0000,0.1.0
evt_542b7ee30049552a6a8717f9,prov_ut_sandbox_76150b551d32,2025-06-12,authorized,exited,,snap_9722e7151b04a806,https://utahinnovationoffice.org/authorized-entities/,2025-06-12T21:17:13.000000+0000,wayback-0.1.0
evt_5439b24c76f8533a3116b589,prov_az_abs_e50cfd6e214d,2026-06-29,authorized,active,,snap_9f99d17bf219186a,https://www.azcourts.gov/cld/Alternative-Business-Structure/Directory,2026-06-29T02:04:20.369320+0000,0.1.0
evt_54ac0b5c2177245f5816d66c,prov_az_abs_31924ac87308,2026-06-29,authorized,active,,snap_9f99d17bf219186a,https://www.azcourts.gov/cld/Alternative-Business-Structure/Directory,2026-06-29T02:04:20.369320+0000,0.1.0
evt_551aeb3e235aa5530f728368,prov_co_llp_600107,2026-06-29,authorized,active,,snap_49941ce75946f286,https://www.coloradolegalregulation.com/wp-content/uploads/PDF/LLP/Admitted%20LLP%20Roster.pdf,2026-06-29T23:16:12.887720+0000,0.1.0
evt_5570c58b00ee6b810a4b7077,prov_az_lp_7542240bc0f6,2026-06-29,authorized,active,,snap_26827600c4012050,https://www.azcourts.gov/cld/Legal-Paraprofessional/Directory,2026-06-29T14:08:10.694860+0000,0.1.0
evt_557d01aa4dc8b07e863966af,prov_ut_lpp_744102171717,2026-06-29,authorized,active,,snap_9b77f407c9783028,https://www.licensedlawyer.org/cv/cgi-bin/memberdll.dll/CustomList?WHP=lawyers_header.htm&WBP=lawyers_list.htm&SQLNAME=GETDIRSEARCH&SRCHOPT=I%7cPOLITICALPARTY%7cLPPActive%7c%3d%5eI%7cCHAPTERID%7cUT-BAR%7c%3d&SORTOPT=LASTNAME&GETCOUNT=0&GETSIM=0&RANGE=1%2f10&WEM=search_error.htm,2026-06-29T14:43:26.821674+0000,0.1.0
evt_55c803209b95652dba16f025,prov_az_abs_cb4d97aa38c0,2024-11-08,authorized,active,,snap_a6e3d292014fceaf,https://www.azcourts.gov/cld/Alternative-Business-Structure/Directory,2024-11-08T20:22:47.000000+0000,wayback-0.1.0
evt_560f73b59ee8183c7ae5c7bd,prov_mn_lp_1006,2026-06-29,authorized,active,,snap_65dee7a93a241e8f,https://mncourts.gov/_media/migration/appellate/supreme-court/Roster-of-Approved-Legal-Paraprofessionals.pdf,2026-06-29T23:48:06.975920+0000,0.1.0
evt_56177665582215599589da0a,prov_az_lp_f56fad469241,2026-06-29,authorized,active,,snap_26827600c4012050,https://www.azcourts.gov/cld/Legal-Paraprofessional/Directory,2026-06-29T14:08:10.694860+0000,0.1.0
evt_566fb6c58961afaf9cdb44d5,prov_az_lp_47f74afdc19e,2026-06-29,authorized,active,,snap_26827600c4012050,https://www.azcourts.gov/cld/Legal-Paraprofessional/Directory,2026-06-29T14:08:10.694860+0000,0.1.0
evt_567e97e618e9d4068951d312,prov_mn_lp_1007,2026-06-29,authorized,active,,snap_65dee7a93a241e8f,https://mncourts.gov/_media/migration/appellate/supreme-court/Roster-of-Approved-Legal-Paraprofessionals.pdf,2026-06-29T23:48:06.975920+0000,0.1.0
evt_56e60e7a7dbbba28859472a3,prov_co_llp_600028,2026-06-29,authorized,active,,snap_49941ce75946f286,https://www.coloradolegalregulation.com/wp-content/uploads/PDF/LLP/Admitted%20LLP%20Roster.pdf,2026-06-29T23:16:12.887720+0000,0.1.0
evt_56e666362280c191da69231d,prov_az_lp_75ecb1f57e87,2026-06-29,authorized,active,,snap_26827600c4012050,https://www.azcourts.gov/cld/Legal-Paraprofessional/Directory,2026-06-29T14:08:10.694860+0000,0.1.0
evt_59eb8d8cee392d09e2941114,prov_az_abs_60683e560abe,2026-06-29,authorized,active,,snap_9f99d17bf219186a,https://www.azcourts.gov/cld/Alternative-Business-Structure/Directory,2026-06-29T02:04:20.369320+0000,0.1.0
evt_5a0535a2d86ba5d9e2de759f,prov_ut_lpp_7cb8168c60c3,2026-06-29,authorized,active,,snap_9b77f407c9783028,https://www.licensedlawyer.org/cv/cgi-bin/memberdll.dll/CustomList?WHP=lawyers_header.htm&WBP=lawyers_list.htm&SQLNAME=GETDIRSEARCH&SRCHOPT=I%7cPOLITICALPARTY%7cLPPActive%7c%3d%5eI%7cCHAPTERID%7cUT-BAR%7c%3d&SORTOPT=LASTNAME&GETCOUNT=0&GETSIM=0&RANGE=1%2f10&WEM=search_error.htm,2026-06-29T14:43:26.821674+0000,0.1.0
evt_5abc4af653aef9495e197a80,prov_az_abs_e45fa819c0f4,2026-06-29,authorized,exited,,snap_9f99d17bf219186a,https://www.azcourts.gov/cld/Alternative-Business-Structure/Directory,2026-06-29T02:04:20.369320+0000,0.1.0
evt_5af9c72549e069b31e17a492,prov_wa_lllt_152,2026-06-30,authorized,active,,snap_c700fb20a472580a,https://www.mywsba.org/PersonifyEbusiness/LegalDirectory.aspx?ShowSearchResults=TRUE&LicenseType=LLLT,2026-06-30T00:18:15.570648+0000,0.1.0
evt_5b01c9953a2ae11a11b592d2,prov_az_abs_e7f9d9946f56,2026-06-29,authorized,active,,snap_9f99d17bf219186a,https://www.azcourts.gov/cld/Alternative-Business-Structure/Directory,2026-06-29T02:04:20.369320+0000,0.1.0
evt_5ba55dbf6ff78e395be16fd4,prov_az_lp_1ee190c3a291,2026-06-29,authorized,active,,snap_26827600c4012050,https://www.azcourts.gov/cld/Legal-Paraprofessional/Directory,2026-06-29T14:08:10.694860+0000,0.1.0
evt_5c52bcb58df9cb2611f86f49,prov_az_abs_9e337fc005a3,2026-06-29,disappeared_from_roster,exited,,snap_9f99d17bf219186a,https://www.azcourts.gov/cld/Alternative-Business-Structure/Directory,2026-06-29T02:04:20.369320+0000,0.1.0
evt_5c9f28d40fd29d64d8fd90fe,prov_az_lp_73fc13227dc5,2026-06-29,authorized,active,,snap_26827600c4012050,https://www.azcourts.gov/cld/Legal-Paraprofessional/Directory,2026-06-29T14:08:10.694860+0000,0.1.0
evt_5cdbd9ac22aa0239a55f278a,prov_mn_lp_1015,2026-06-29,authorized,active,,snap_65dee7a93a241e8f,https://mncourts.gov/_media/migration/appellate/supreme-court/Roster-of-Approved-Legal-Paraprofessionals.pdf,2026-06-29T23:48:06.975920+0000,0.1.0
evt_5d15578bfb9bd43190dc4b38,prov_az_abs_f7be8671e0f0,2026-06-29,authorized,active,,snap_9f99d17bf219186a,https://www.azcourts.gov/cld/Alternative-Business-Structure/Directory,2026-06-29T02:04:20.369320+0000,0.1.0
evt_5d2f5d7e05dc9095d214ff11,prov_co_llp_600030,2026-06-29,authorized,active,,snap_49941ce75946f286,https://www.coloradolegalregulation.com/wp-content/uploads/PDF/LLP/Admitted%20LLP%20Roster.pdf,2026-06-29T23:16:12.887720+0000,0.1.0
evt_5d7f93ce13a5f4f9d52dafaa,prov_az_lp_a3e6a01b2c7f,2026-06-29,authorized,active,,snap_26827600c4012050,https://www.azcourts.gov/cld/Legal-Paraprofessional/Directory,2026-06-29T14:08:10.694860+0000,0.1.0
evt_5d8448e436f7e3750b03f715,prov_ut_lpp_2ab1c62c1f67,2026-06-29,authorized,active,,snap_9b77f407c9783028,https://www.licensedlawyer.org/cv/cgi-bin/memberdll.dll/CustomList?WHP=lawyers_header.htm&WBP=lawyers_list.htm&SQLNAME=GETDIRSEARCH&SRCHOPT=I%7cPOLITICALPARTY%7cLPPActive%7c%3d%5eI%7cCHAPTERID%7cUT-BAR%7c%3d&SORTOPT=LASTNAME&GETCOUNT=0&GETSIM=0&RANGE=1%2f10&WEM=search_error.htm,2026-06-29T14:43:26.821674+0000,0.1.0
evt_5daf8c4a4e7c601c2a7e2613,prov_az_lp_65d0a06ff60d,2026-06-29,authorized,active,,snap_26827600c4012050,https://www.azcourts.gov/cld/Legal-Paraprofessional/Directory,2026-06-29T14:08:10.694860+0000,0.1.0
evt_5db39348deaed3835d104c54,prov_az_lp_5583bd0f4f33,2026-06-29,authorized,active,,snap_26827600c4012050,https://www.azcourts.gov/cld/Legal-Paraprofessional/Directory,2026-06-29T14:08:10.694860+0000,0.1.0
evt_5dd2ff8b7703b742854b989c,prov_az_lp_850a4961d8db,2026-06-29,authorized,active,,snap_26827600c4012050,https://www.azcourts.gov/cld/Legal-Paraprofessional/Directory,2026-06-29T14:08:10.694860+0000,0.1.0
evt_5e1c5be4232533a4efcce600,prov_ut_lpp_e9d848dcda14,2026-06-29,authorized,active,,snap_9b77f407c9783028,https://www.licensedlawyer.org/cv/cgi-bin/memberdll.dll/CustomList?WHP=lawyers_header.htm&WBP=lawyers_list.htm&SQLNAME=GETDIRSEARCH&SRCHOPT=I%7cPOLITICALPARTY%7cLPPActive%7c%3d%5eI%7cCHAPTERID%7cUT-BAR%7c%3d&SORTOPT=LASTNAME&GETCOUNT=0&GETSIM=0&RANGE=1%2f10&WEM=search_error.htm,2026-06-29T14:43:26.821674+0000,0.1.0
evt_5e7f1cfdfa569d5ba2af8f67,prov_az_lp_d1dd1728720b,2026-06-29,authorized,active,,snap_26827600c4012050,https://www.azcourts.gov/cld/Legal-Paraprofessional/Directory,2026-06-29T14:08:10.694860+0000,0.1.0
evt_5ea791ad8a71135c22446248,prov_ut_sandbox_b28c2fa7cf32,2025-06-12,authorized,exited,,snap_9722e7151b04a806,https://utahinnovationoffice.org/authorized-entities/,2025-06-12T21:17:13.000000+0000,wayback-0.1.0
evt_5fdb02c29ff2def205d96077,prov_wa_lllt_134,2026-06-30,authorized,active,,snap_c700fb20a472580a,https://www.mywsba.org/PersonifyEbusiness/LegalDirectory.aspx?ShowSearchResults=TRUE&LicenseType=LLLT,2026-06-30T00:18:15.570648+0000,0.1.0
evt_60164a68b0afc6662d74bc0d,prov_ut_sandbox_4cff07a79d9a,2026-06-29,authorized,exited,,snap_f0624d67fe0ad9d1,https://utahinnovationoffice.org/authorized-entities/,2026-06-29T13:58:14.482913+0000,0.1.0
evt_60260f7803b2794d171cc5d2,prov_wa_lllt_193,2026-06-30,authorized,active,,snap_c700fb20a472580a,https://www.mywsba.org/PersonifyEbusiness/LegalDirectory.aspx?ShowSearchResults=TRUE&LicenseType=LLLT,2026-06-30T00:18:15.570648+0000,0.1.0
evt_605da316be22fb7c4a7bcbef,prov_co_llp_600049,2026-06-29,authorized,active,,snap_49941ce75946f286,https://www.coloradolegalregulation.com/wp-content/uploads/PDF/LLP/Admitted%20LLP%20Roster.pdf,2026-06-29T23:16:12.887720+0000,0.1.0
evt_609a4c2633b851a118946741,prov_az_lp_3a9bac043b4e,2026-06-29,authorized,active,,snap_26827600c4012050,https://www.azcourts.gov/cld/Legal-Paraprofessional/Directory,2026-06-29T14:08:10.694860+0000,0.1.0
evt_6179da05ce59ea20cf594f36,prov_co_llp_600033,2026-06-29,authorized,active,,snap_49941ce75946f286,https://www.coloradolegalregulation.com/wp-content/uploads/PDF/LLP/Admitted%20LLP%20Roster.pdf,2026-06-29T23:16:12.887720+0000,0.1.0
evt_622f579850807ce83f30d380,prov_az_abs_571336066ac1,2026-06-29,authorized,active,,snap_9f99d17bf219186a,https://www.azcourts.gov/cld/Alternative-Business-Structure/Directory,2026-06-29T02:04:20.369320+0000,0.1.0
evt_622fba72f9408f4cd468dcac,prov_ut_lpp_0b64b7dfbf42,2026-06-29,authorized,active,,snap_9b77f407c9783028,https://www.licensedlawyer.org/cv/cgi-bin/memberdll.dll/CustomList?WHP=lawyers_header.htm&WBP=lawyers_list.htm&SQLNAME=GETDIRSEARCH&SRCHOPT=I%7cPOLITICALPARTY%7cLPPActive%7c%3d%5eI%7cCHAPTERID%7cUT-BAR%7c%3d&SORTOPT=LASTNAME&GETCOUNT=0&GETSIM=0&RANGE=1%2f10&WEM=search_error.htm,2026-06-29T14:43:26.821674+0000,0.1.0
evt_62e4bab7abdc975cccf2624c,prov_wa_lllt_118,2026-06-30,authorized,active,,snap_c700fb20a472580a,https://www.mywsba.org/PersonifyEbusiness/LegalDirectory.aspx?ShowSearchResults=TRUE&LicenseType=LLLT,2026-06-30T00:18:15.570648+0000,0.1.0
evt_636db20d7cb9b4ea5ac913d7,prov_az_abs_f238081c46ee,2026-06-29,authorized,active,,snap_9f99d17bf219186a,https://www.azcourts.gov/cld/Alternative-Business-Structure/Directory,2026-06-29T02:04:20.369320+0000,0.1.0
evt_648057899816e004e15362ee,prov_wa_lllt_115,2026-06-30,authorized,active,,snap_c700fb20a472580a,https://www.mywsba.org/PersonifyEbusiness/LegalDirectory.aspx?ShowSearchResults=TRUE&LicenseType=LLLT,2026-06-30T00:18:15.570648+0000,0.1.0
evt_64be4ce2e8e80466f78f0d7b,prov_az_lp_5d1e442ebfee,2026-06-29,authorized,active,,snap_26827600c4012050,https://www.azcourts.gov/cld/Legal-Paraprofessional/Directory,2026-06-29T14:08:10.694860+0000,0.1.0
evt_64d909c56491d2656b789220,prov_az_abs_cb4d97aa38c0,2026-06-29,disappeared_from_roster,exited,,snap_9f99d17bf219186a,https://www.azcourts.gov/cld/Alternative-Business-Structure/Directory,2026-06-29T02:04:20.369320+0000,0.1.0
evt_6524ff4c12bc07e1edaeb840,prov_co_llp_600041,2026-06-29,authorized,active,,snap_49941ce75946f286,https://www.coloradolegalregulation.com/wp-content/uploads/PDF/LLP/Admitted%20LLP%20Roster.pdf,2026-06-29T23:16:12.887720+0000,0.1.0
evt_6547008b18068319b6cde3d2,prov_wa_lllt_146,2026-06-30,authorized,active,,snap_c700fb20a472580a,https://www.mywsba.org/PersonifyEbusiness/LegalDirectory.aspx?ShowSearchResults=TRUE&LicenseType=LLLT,2026-06-30T00:18:15.570648+0000,0.1.0
evt_65d5735a103e59c3904253f3,prov_ut_lpp_e59b704f8104,2026-06-29,authorized,active,,snap_9b77f407c9783028,https://www.licensedlawyer.org/cv/cgi-bin/memberdll.dll/CustomList?WHP=lawyers_header.htm&WBP=lawyers_list.htm&SQLNAME=GETDIRSEARCH&SRCHOPT=I%7cPOLITICALPARTY%7cLPPActive%7c%3d%5eI%7cCHAPTERID%7cUT-BAR%7c%3d&SORTOPT=LASTNAME&GETCOUNT=0&GETSIM=0&RANGE=1%2f10&WEM=search_error.htm,2026-06-29T14:43:26.821674+0000,0.1.0
evt_65ea8f043808fafce3b0c5bd,prov_co_llp_600103,2026-06-29,authorized,active,,snap_49941ce75946f286,https://www.coloradolegalregulation.com/wp-content/uploads/PDF/LLP/Admitted%20LLP%20Roster.pdf,2026-06-29T23:16:12.887720+0000,0.1.0
evt_65f0d2a465285903d2180925,prov_az_abs_40496596366d,2026-06-29,authorized,active,,snap_9f99d17bf219186a,https://www.azcourts.gov/cld/Alternative-Business-Structure/Directory,2026-06-29T02:04:20.369320+0000,0.1.0
evt_66060a7b4b39d559003c6b44,prov_az_abs_4951cdfe4a81,2026-06-29,authorized,active,,snap_9f99d17bf219186a,https://www.azcourts.gov/cld/Alternative-Business-Structure/Directory,2026-06-29T02:04:20.369320+0000,0.1.0
evt_6619828a80198f3ad77f4528,prov_az_abs_7e8c5d2c6517,2024-11-08,authorized,active,,snap_a6e3d292014fceaf,https://www.azcourts.gov/cld/Alternative-Business-Structure/Directory,2024-11-08T20:22:47.000000+0000,wayback-0.1.0
evt_66f0ff4707e861b8edd3f413,prov_ut_sandbox_457d7009adc9,2025-06-12,authorized,active,,snap_9722e7151b04a806,https://utahinnovationoffice.org/authorized-entities/,2025-06-12T21:17:13.000000+0000,wayback-0.1.0
evt_675fbb7f7b4a349811bae682,prov_az_lp_81e2006976bc,2026-06-29,authorized,active,,snap_26827600c4012050,https://www.azcourts.gov/cld/Legal-Paraprofessional/Directory,2026-06-29T14:08:10.694860+0000,0.1.0
evt_67bcf79c5ea65333af936407,prov_wa_lllt_159,2026-06-30,authorized,active,,snap_c700fb20a472580a,https://www.mywsba.org/PersonifyEbusiness/LegalDirectory.aspx?ShowSearchResults=TRUE&LicenseType=LLLT,2026-06-30T00:18:15.570648+0000,0.1.0
evt_67bdd6aab735770d131b38bf,prov_az_abs_8e050ab72ad2,2024-11-08,authorized,active,,snap_a6e3d292014fceaf,https://www.azcourts.gov/cld/Alternative-Business-Structure/Directory,2024-11-08T20:22:47.000000+0000,wayback-0.1.0
evt_683792d1cb8d0e478dcc45f3,prov_co_llp_600036,2026-06-29,authorized,active,,snap_49941ce75946f286,https://www.coloradolegalregulation.com/wp-content/uploads/PDF/LLP/Admitted%20LLP%20Roster.pdf,2026-06-29T23:16:12.887720+0000,0.1.0
evt_6863283255636cc65f105189,prov_az_abs_7c3a65561f13,2026-06-29,authorized,active,,snap_9f99d17bf219186a,https://www.azcourts.gov/cld/Alternative-Business-Structure/Directory,2026-06-29T02:04:20.369320+0000,0.1.0
evt_6894de6fcee4fc4c2079fb86,prov_ut_sandbox_49c3aaf1560b,2025-06-12,authorized,exited,,snap_9722e7151b04a806,https://utahinnovationoffice.org/authorized-entities/,2025-06-12T21:17:13.000000+0000,wayback-0.1.0
evt_68cfa772c80419f43de3261a,prov_co_llp_600026,2026-06-29,authorized,active,,snap_49941ce75946f286,https://www.coloradolegalregulation.com/wp-content/uploads/PDF/LLP/Admitted%20LLP%20Roster.pdf,2026-06-29T23:16:12.887720+0000,0.1.0
evt_68f3497328ac6c7d640f62a1,prov_az_lp_a7c08fbcf049,2026-06-29,authorized,active,,snap_26827600c4012050,https://www.azcourts.gov/cld/Legal-Paraprofessional/Directory,2026-06-29T14:08:10.694860+0000,0.1.0
evt_68f75ee794dd8386a3bc9211,prov_ut_sandbox_a8e1fd8c9532,2025-06-12,authorized,active,,snap_9722e7151b04a806,https://utahinnovationoffice.org/authorized-entities/,2025-06-12T21:17:13.000000+0000,wayback-0.1.0
evt_68fc9aed258afe342f8c63ef,prov_co_llp_600115,2026-06-29,authorized,active,,snap_49941ce75946f286,https://www.coloradolegalregulation.com/wp-content/uploads/PDF/LLP/Admitted%20LLP%20Roster.pdf,2026-06-29T23:16:12.887720+0000,0.1.0
evt_694df70a7862c36f7db8c7a6,prov_ut_lpp_8baa1e1f575e,2026-06-29,authorized,active,,snap_9b77f407c9783028,https://www.licensedlawyer.org/cv/cgi-bin/memberdll.dll/CustomList?WHP=lawyers_header.htm&WBP=lawyers_list.htm&SQLNAME=GETDIRSEARCH&SRCHOPT=I%7cPOLITICALPARTY%7cLPPActive%7c%3d%5eI%7cCHAPTERID%7cUT-BAR%7c%3d&SORTOPT=LASTNAME&GETCOUNT=0&GETSIM=0&RANGE=1%2f10&WEM=search_error.htm,2026-06-29T14:43:26.821674+0000,0.1.0
evt_69addf01b25b8c4fbdcf532a,prov_az_lp_f1d611f24f26,2026-06-29,authorized,active,,snap_26827600c4012050,https://www.azcourts.gov/cld/Legal-Paraprofessional/Directory,2026-06-29T14:08:10.694860+0000,0.1.0
evt_69fbf77d7fed725c5348d6b4,prov_co_llp_600042,2026-06-29,authorized,active,,snap_49941ce75946f286,https://www.coloradolegalregulation.com/wp-content/uploads/PDF/LLP/Admitted%20LLP%20Roster.pdf,2026-06-29T23:16:12.887720+0000,0.1.0
evt_6a4636702665eb96918e8b37,prov_az_abs_31a1e7b0a527,2024-11-08,authorized,active,,snap_a6e3d292014fceaf,https://www.azcourts.gov/cld/Alternative-Business-Structure/Directory,2024-11-08T20:22:47.000000+0000,wayback-0.1.0
evt_6a7051ef1d6e134dd137d125,prov_wa_lllt_172,2026-06-30,authorized,active,,snap_c700fb20a472580a,https://www.mywsba.org/PersonifyEbusiness/LegalDirectory.aspx?ShowSearchResults=TRUE&LicenseType=LLLT,2026-06-30T00:18:15.570648+0000,0.1.0
evt_6a91607a5629b59a905c3e18,prov_co_llp_600001,2026-06-29,authorized,active,,snap_49941ce75946f286,https://www.coloradolegalregulation.com/wp-content/uploads/PDF/LLP/Admitted%20LLP%20Roster.pdf,2026-06-29T23:16:12.887720+0000,0.1.0
evt_6a916afc98a4eda5f791e7dd,prov_az_abs_6c8afa97baf7,2024-11-08,authorized,active,,snap_a6e3d292014fceaf,https://www.azcourts.gov/cld/Alternative-Business-Structure/Directory,2024-11-08T20:22:47.000000+0000,wayback-0.1.0
evt_6af34c87d75906e09521fd36,prov_az_abs_82c8ac7cce32,2026-06-29,authorized,active,,snap_9f99d17bf219186a,https://www.azcourts.gov/cld/Alternative-Business-Structure/Directory,2026-06-29T02:04:20.369320+0000,0.1.0
evt_6b0b1916a02d371bd66510fc,prov_co_llp_600087,2026-06-29,authorized,active,,snap_49941ce75946f286,https://www.coloradolegalregulation.com/wp-content/uploads/PDF/LLP/Admitted%20LLP%20Roster.pdf,2026-06-29T23:16:12.887720+0000,0.1.0
evt_6bb32711db0da3a769936d3f,prov_az_lp_086f4c50b59b,2026-06-29,authorized,exited,,snap_26827600c4012050,https://www.azcourts.gov/cld/Legal-Paraprofessional/Directory,2026-06-29T14:08:10.694860+0000,0.1.0
evt_6bee31f1505f704d8abb21ff,prov_ut_lpp_d7992a6603db,2026-06-29,authorized,active,,snap_9b77f407c9783028,https://www.licensedlawyer.org/cv/cgi-bin/memberdll.dll/CustomList?WHP=lawyers_header.htm&WBP=lawyers_list.htm&SQLNAME=GETDIRSEARCH&SRCHOPT=I%7cPOLITICALPARTY%7cLPPActive%7c%3d%5eI%7cCHAPTERID%7cUT-BAR%7c%3d&SORTOPT=LASTNAME&GETCOUNT=0&GETSIM=0&RANGE=1%2f10&WEM=search_error.htm,2026-06-29T14:43:26.821674+0000,0.1.0
evt_6c668842c14380fbdec5b35c,prov_co_llp_600077,2026-06-29,authorized,active,,snap_49941ce75946f286,https://www.coloradolegalregulation.com/wp-content/uploads/PDF/LLP/Admitted%20LLP%20Roster.pdf,2026-06-29T23:16:12.887720+0000,0.1.0
evt_6c69a1cf4598fab83da4849c,prov_wa_lllt_189,2026-06-30,authorized,active,,snap_c700fb20a472580a,https://www.mywsba.org/PersonifyEbusiness/LegalDirectory.aspx?ShowSearchResults=TRUE&LicenseType=LLLT,2026-06-30T00:18:15.570648+0000,0.1.0
evt_6c702ebf4a63753dac23ee59,prov_az_abs_dde09bf4e540,2024-11-08,authorized,active,,snap_a6e3d292014fceaf,https://www.azcourts.gov/cld/Alternative-Business-Structure/Directory,2024-11-08T20:22:47.000000+0000,wayback-0.1.0
evt_6d11a5c9bc148d86ef5db0ee,prov_az_abs_c9df5b7eb3c0,2026-06-29,authorized,active,,snap_9f99d17bf219186a,https://www.azcourts.gov/cld/Alternative-Business-Structure/Directory,2026-06-29T02:04:20.369320+0000,0.1.0
evt_6d9fe90993c5e1eb01d3eee5,prov_co_llp_600017,2026-06-29,authorized,active,,snap_49941ce75946f286,https://www.coloradolegalregulation.com/wp-content/uploads/PDF/LLP/Admitted%20LLP%20Roster.pdf,2026-06-29T23:16:12.887720+0000,0.1.0
evt_6dd361424c1a63ca9acddf00,prov_az_lp_3333eed1f0a4,2026-06-29,authorized,active,,snap_26827600c4012050,https://www.azcourts.gov/cld/Legal-Paraprofessional/Directory,2026-06-29T14:08:10.694860+0000,0.1.0
evt_6e29f0d0029dc14f3ca8799f,prov_ut_lpp_03f43673f132,2026-06-29,authorized,active,,snap_9b77f407c9783028,https://www.licensedlawyer.org/cv/cgi-bin/memberdll.dll/CustomList?WHP=lawyers_header.htm&WBP=lawyers_list.htm&SQLNAME=GETDIRSEARCH&SRCHOPT=I%7cPOLITICALPARTY%7cLPPActive%7c%3d%5eI%7cCHAPTERID%7cUT-BAR%7c%3d&SORTOPT=LASTNAME&GETCOUNT=0&GETSIM=0&RANGE=1%2f10&WEM=search_error.htm,2026-06-29T14:43:26.821674+0000,0.1.0
evt_6f5d721cba8eae6554fce465,prov_wa_lllt_116,2026-06-30,authorized,unknown,,snap_c700fb20a472580a,https://www.mywsba.org/PersonifyEbusiness/LegalDirectory.aspx?ShowSearchResults=TRUE&LicenseType=LLLT,2026-06-30T00:18:15.570648+0000,0.1.0
evt_6f6a9824176d44a665f359e7,prov_co_llp_600096,2026-06-29,authorized,active,,snap_49941ce75946f286,https://www.coloradolegalregulation.com/wp-content/uploads/PDF/LLP/Admitted%20LLP%20Roster.pdf,2026-06-29T23:16:12.887720+0000,0.1.0
evt_6f8fa1e83368b86aeb891fbe,prov_az_abs_cc6d6dfd086d,2026-06-29,authorized,active,,snap_9f99d17bf219186a,https://www.azcourts.gov/cld/Alternative-Business-Structure/Directory,2026-06-29T02:04:20.369320+0000,0.1.0
evt_6fcaf8c97652b1576aaa7376,prov_wa_lllt_113,2026-06-30,authorized,active,,snap_c700fb20a472580a,https://www.mywsba.org/PersonifyEbusiness/LegalDirectory.aspx?ShowSearchResults=TRUE&LicenseType=LLLT,2026-06-30T00:18:15.570648+0000,0.1.0
evt_6fd8c7281e787fe1a502d4ff,prov_wa_lllt_150,2026-06-30,authorized,unknown,,snap_c700fb20a472580a,https://www.mywsba.org/PersonifyEbusiness/LegalDirectory.aspx?ShowSearchResults=TRUE&LicenseType=LLLT,2026-06-30T00:18:15.570648+0000,0.1.0
evt_7044cc15831579b54e25a44a,prov_wa_lllt_191,2026-06-30,authorized,active,,snap_c700fb20a472580a,https://www.mywsba.org/PersonifyEbusiness/LegalDirectory.aspx?ShowSearchResults=TRUE&LicenseType=LLLT,2026-06-30T00:18:15.570648+0000,0.1.0
evt_704e9eab406181999f4712d2,prov_az_abs_83f700272248,2024-11-08,authorized,active,,snap_a6e3d292014fceaf,https://www.azcourts.gov/cld/Alternative-Business-Structure/Directory,2024-11-08T20:22:47.000000+0000,wayback-0.1.0
evt_7072d37332b12c7621660e83,prov_wa_lllt_117,2026-06-30,authorized,exited,,snap_c700fb20a472580a,https://www.mywsba.org/PersonifyEbusiness/LegalDirectory.aspx?ShowSearchResults=TRUE&LicenseType=LLLT,2026-06-30T00:18:15.570648+0000,0.1.0
evt_722cf9f5a6e40e055bf96c3b,prov_mn_lp_1023,2026-06-29,authorized,active,,snap_65dee7a93a241e8f,https://mncourts.gov/_media/migration/appellate/supreme-court/Roster-of-Approved-Legal-Paraprofessionals.pdf,2026-06-29T23:48:06.975920+0000,0.1.0
evt_72b0b3f5ce13f3f303ad7483,prov_az_lp_2cf882bd03c8,2026-06-29,authorized,active,,snap_26827600c4012050,https://www.azcourts.gov/cld/Legal-Paraprofessional/Directory,2026-06-29T14:08:10.694860+0000,0.1.0
evt_730a1a6723feebc24c8024d8,prov_az_abs_10de05a363cd,2026-06-29,authorized,active,,snap_9f99d17bf219186a,https://www.azcourts.gov/cld/Alternative-Business-Structure/Directory,2026-06-29T02:04:20.369320+0000,0.1.0
evt_732ab88fd9d009aa425340ea,prov_ut_lpp_c2515c9aa79e,2026-06-29,authorized,active,,snap_9b77f407c9783028,https://www.licensedlawyer.org/cv/cgi-bin/memberdll.dll/CustomList?WHP=lawyers_header.htm&WBP=lawyers_list.htm&SQLNAME=GETDIRSEARCH&SRCHOPT=I%7cPOLITICALPARTY%7cLPPActive%7c%3d%5eI%7cCHAPTERID%7cUT-BAR%7c%3d&SORTOPT=LASTNAME&GETCOUNT=0&GETSIM=0&RANGE=1%2f10&WEM=search_error.htm,2026-06-29T14:43:26.821674+0000,0.1.0
evt_73527038743548d7901f595d,prov_mn_lp_1013,2026-06-29,authorized,active,,snap_65dee7a93a241e8f,https://mncourts.gov/_media/migration/appellate/supreme-court/Roster-of-Approved-Legal-Paraprofessionals.pdf,2026-06-29T23:48:06.975920+0000,0.1.0
evt_73a12b4cea5f16f65e91c7c1,prov_az_abs_61e6d5f800e9,2024-11-08,authorized,active,,snap_a6e3d292014fceaf,https://www.azcourts.gov/cld/Alternative-Business-Structure/Directory,2024-11-08T20:22:47.000000+0000,wayback-0.1.0
evt_73ad1121060f44c84236f3dd,prov_az_lp_45091554dfaf,2026-06-29,authorized,active,,snap_26827600c4012050,https://www.azcourts.gov/cld/Legal-Paraprofessional/Directory,2026-06-29T14:08:10.694860+0000,0.1.0
evt_73f54fb9c83f7d519940454f,prov_az_abs_e77d25e4da70,2026-06-29,disappeared_from_roster,exited,,snap_9f99d17bf219186a,https://www.azcourts.gov/cld/Alternative-Business-Structure/Directory,2026-06-29T02:04:20.369320+0000,0.1.0
evt_73ff6578863a05d71bd75893,prov_wa_lllt_175,2026-06-30,authorized,active,,snap_c700fb20a472580a,https://www.mywsba.org/PersonifyEbusiness/LegalDirectory.aspx?ShowSearchResults=TRUE&LicenseType=LLLT,2026-06-30T00:18:15.570648+0000,0.1.0
evt_73ffa144e450e072e646c05b,prov_az_abs_81c4268d8445,2026-06-29,authorized,active,,snap_9f99d17bf219186a,https://www.azcourts.gov/cld/Alternative-Business-Structure/Directory,2026-06-29T02:04:20.369320+0000,0.1.0
evt_740348c65d1be4bb6037f3f8,prov_az_abs_47a7eb4f5555,2024-11-08,authorized,active,,snap_a6e3d292014fceaf,https://www.azcourts.gov/cld/Alternative-Business-Structure/Directory,2024-11-08T20:22:47.000000+0000,wayback-0.1.0
evt_74285a5aba63f85d82faa46a,prov_ut_sandbox_d8d718f97ce1,2025-06-12,authorized,exited,,snap_9722e7151b04a806,https://utahinnovationoffice.org/authorized-entities/,2025-06-12T21:17:13.000000+0000,wayback-0.1.0
evt_743eab4f3011f15f95c06b26,prov_co_llp_600105,2026-06-29,authorized,active,,snap_49941ce75946f286,https://www.coloradolegalregulation.com/wp-content/uploads/PDF/LLP/Admitted%20LLP%20Roster.pdf,2026-06-29T23:16:12.887720+0000,0.1.0
evt_748e670317c41daa51266f1c,prov_ut_lpp_5fa54983a61f,2026-06-29,authorized,active,,snap_9b77f407c9783028,https://www.licensedlawyer.org/cv/cgi-bin/memberdll.dll/CustomList?WHP=lawyers_header.htm&WBP=lawyers_list.htm&SQLNAME=GETDIRSEARCH&SRCHOPT=I%7cPOLITICALPARTY%7cLPPActive%7c%3d%5eI%7cCHAPTERID%7cUT-BAR%7c%3d&SORTOPT=LASTNAME&GETCOUNT=0&GETSIM=0&RANGE=1%2f10&WEM=search_error.htm,2026-06-29T14:43:26.821674+0000,0.1.0
evt_756b8f69af75d109dbd41c89,prov_wa_lllt_149,2026-06-30,authorized,exited,,snap_c700fb20a472580a,https://www.mywsba.org/PersonifyEbusiness/LegalDirectory.aspx?ShowSearchResults=TRUE&LicenseType=LLLT,2026-06-30T00:18:15.570648+0000,0.1.0
evt_77d19dbe154c69a7908650d3,prov_az_lp_9febc17d391d,2026-06-29,authorized,active,,snap_26827600c4012050,https://www.azcourts.gov/cld/Legal-Paraprofessional/Directory,2026-06-29T14:08:10.694860+0000,0.1.0
evt_77ff82ac00d2e412ad251e95,prov_ut_sandbox_54b260becf71,2025-06-12,authorized,exited,,snap_9722e7151b04a806,https://utahinnovationoffice.org/authorized-entities/,2025-06-12T21:17:13.000000+0000,wayback-0.1.0
evt_78124acc1bedca1de25f17eb,prov_az_lp_f38596295f55,2026-06-29,authorized,active,,snap_26827600c4012050,https://www.azcourts.gov/cld/Legal-Paraprofessional/Directory,2026-06-29T14:08:10.694860+0000,0.1.0
evt_783ba73c129237860ca9522a,prov_ut_sandbox_a9c8267e3dff,2025-06-12,authorized,active,,snap_9722e7151b04a806,https://utahinnovationoffice.org/authorized-entities/,2025-06-12T21:17:13.000000+0000,wayback-0.1.0
evt_78f67769e5f50385dfdb0ab7,prov_ut_sandbox_9712d1735ff9,2026-06-29,status_change,exited,active → exited,snap_f0624d67fe0ad9d1,https://utahinnovationoffice.org/authorized-entities/,2026-06-29T13:58:14.482913+0000,0.1.0
evt_78fe193cb8bcaf68b48416c2,prov_az_lp_6902777ce54d,2026-06-29,authorized,active,,snap_26827600c4012050,https://www.azcourts.gov/cld/Legal-Paraprofessional/Directory,2026-06-29T14:08:10.694860+0000,0.1.0
evt_790d08bcb5ba9ac79d71ce88,prov_ut_lpp_3e2985f08d12,2026-06-29,authorized,active,,snap_9b77f407c9783028,https://www.licensedlawyer.org/cv/cgi-bin/memberdll.dll/CustomList?WHP=lawyers_header.htm&WBP=lawyers_list.htm&SQLNAME=GETDIRSEARCH&SRCHOPT=I%7cPOLITICALPARTY%7cLPPActive%7c%3d%5eI%7cCHAPTERID%7cUT-BAR%7c%3d&SORTOPT=LASTNAME&GETCOUNT=0&GETSIM=0&RANGE=1%2f10&WEM=search_error.htm,2026-06-29T14:43:26.821674+0000,0.1.0
evt_79d230e8c63c855ef14aa23d,prov_ut_lpp_9446213cb459,2026-06-29,authorized,active,,snap_9b77f407c9783028,https://www.licensedlawyer.org/cv/cgi-bin/memberdll.dll/CustomList?WHP=lawyers_header.htm&WBP=lawyers_list.htm&SQLNAME=GETDIRSEARCH&SRCHOPT=I%7cPOLITICALPARTY%7cLPPActive%7c%3d%5eI%7cCHAPTERID%7cUT-BAR%7c%3d&SORTOPT=LASTNAME&GETCOUNT=0&GETSIM=0&RANGE=1%2f10&WEM=search_error.htm,2026-06-29T14:43:26.821674+0000,0.1.0
evt_7a4a8c57048399059c8752e3,prov_co_llp_600000,2026-06-29,authorized,active,,snap_49941ce75946f286,https://www.coloradolegalregulation.com/wp-content/uploads/PDF/LLP/Admitted%20LLP%20Roster.pdf,2026-06-29T23:16:12.887720+0000,0.1.0
evt_7a51f2ec2e0d0482608fafae,prov_az_lp_c06622f2ce55,2026-06-29,authorized,active,,snap_26827600c4012050,https://www.azcourts.gov/cld/Legal-Paraprofessional/Directory,2026-06-29T14:08:10.694860+0000,0.1.0
evt_7a6260dbba182949746f7743,prov_az_abs_40fb84deee81,2026-06-29,disappeared_from_roster,exited,,snap_9f99d17bf219186a,https://www.azcourts.gov/cld/Alternative-Business-Structure/Directory,2026-06-29T02:04:20.369320+0000,0.1.0
evt_7af4e385eb9ac4b03cc40720,prov_co_llp_600004,2026-06-29,authorized,active,,snap_49941ce75946f286,https://www.coloradolegalregulation.com/wp-content/uploads/PDF/LLP/Admitted%20LLP%20Roster.pdf,2026-06-29T23:16:12.887720+0000,0.1.0
evt_7b6b39931a59c9a6a5ecd1a0,prov_ut_lpp_c217c0de2748,2026-06-29,authorized,active,,snap_9b77f407c9783028,https://www.licensedlawyer.org/cv/cgi-bin/memberdll.dll/CustomList?WHP=lawyers_header.htm&WBP=lawyers_list.htm&SQLNAME=GETDIRSEARCH&SRCHOPT=I%7cPOLITICALPARTY%7cLPPActive%7c%3d%5eI%7cCHAPTERID%7cUT-BAR%7c%3d&SORTOPT=LASTNAME&GETCOUNT=0&GETSIM=0&RANGE=1%2f10&WEM=search_error.htm,2026-06-29T14:43:26.821674+0000,0.1.0
evt_7b853f64bd68d2e415121157,prov_az_abs_abe7b41ced9c,2026-06-29,authorized,active,,snap_9f99d17bf219186a,https://www.azcourts.gov/cld/Alternative-Business-Structure/Directory,2026-06-29T02:04:20.369320+0000,0.1.0
evt_7bdc5447c1f1cd6c79b297d2,prov_az_abs_8ada51c0aacf,2024-11-08,authorized,active,,snap_a6e3d292014fceaf,https://www.azcourts.gov/cld/Alternative-Business-Structure/Directory,2024-11-08T20:22:47.000000+0000,wayback-0.1.0
evt_7c0ffb857c65db81111cd7ed,prov_co_llp_600029,2026-06-29,authorized,active,,snap_49941ce75946f286,https://www.coloradolegalregulation.com/wp-content/uploads/PDF/LLP/Admitted%20LLP%20Roster.pdf,2026-06-29T23:16:12.887720+0000,0.1.0
evt_7c32aa68b97d5bed9b174850,prov_ut_sandbox_9e95e773430d,2025-06-12,authorized,exited,,snap_9722e7151b04a806,https://utahinnovationoffice.org/authorized-entities/,2025-06-12T21:17:13.000000+0000,wayback-0.1.0
evt_7c73a0b1ac03005eee496eda,prov_mn_lp_1002,2026-06-29,authorized,active,,snap_65dee7a93a241e8f,https://mncourts.gov/_media/migration/appellate/supreme-court/Roster-of-Approved-Legal-Paraprofessionals.pdf,2026-06-29T23:48:06.975920+0000,0.1.0
evt_7ceb0246cf02faea6c25bb3b,prov_az_abs_1d6876520f57,2026-06-29,authorized,active,,snap_9f99d17bf219186a,https://www.azcourts.gov/cld/Alternative-Business-Structure/Directory,2026-06-29T02:04:20.369320+0000,0.1.0
evt_7d1d6f4ca1788bd9d6e888b0,prov_ut_sandbox_8dd7a95a6e2a,2025-06-12,authorized,active,,snap_9722e7151b04a806,https://utahinnovationoffice.org/authorized-entities/,2025-06-12T21:17:13.000000+0000,wayback-0.1.0
evt_7d5f42b1f09526b3c8226382,prov_ut_lpp_bec180a227f9,2026-06-29,authorized,active,,snap_9b77f407c9783028,https://www.licensedlawyer.org/cv/cgi-bin/memberdll.dll/CustomList?WHP=lawyers_header.htm&WBP=lawyers_list.htm&SQLNAME=GETDIRSEARCH&SRCHOPT=I%7cPOLITICALPARTY%7cLPPActive%7c%3d%5eI%7cCHAPTERID%7cUT-BAR%7c%3d&SORTOPT=LASTNAME&GETCOUNT=0&GETSIM=0&RANGE=1%2f10&WEM=search_error.htm,2026-06-29T14:43:26.821674+0000,0.1.0
evt_7da033f2e1a9c566bce6926e,prov_az_abs_dc85a317226f,2026-06-29,disappeared_from_roster,exited,,snap_9f99d17bf219186a,https://www.azcourts.gov/cld/Alternative-Business-Structure/Directory,2026-06-29T02:04:20.369320+0000,0.1.0
evt_7e276b0d4de085f7726c4d04,prov_co_llp_600050,2026-06-29,authorized,active,,snap_49941ce75946f286,https://www.coloradolegalregulation.com/wp-content/uploads/PDF/LLP/Admitted%20LLP%20Roster.pdf,2026-06-29T23:16:12.887720+0000,0.1.0
evt_7e5939e735e81fa937e383b7,prov_wa_lllt_127,2026-06-30,authorized,exited,,snap_c700fb20a472580a,https://www.mywsba.org/PersonifyEbusiness/LegalDirectory.aspx?ShowSearchResults=TRUE&LicenseType=LLLT,2026-06-30T00:18:15.570648+0000,0.1.0
evt_7e6aadc194512046c5423df3,prov_az_lp_53a5ff5394b6,2026-06-29,authorized,active,,snap_26827600c4012050,https://www.azcourts.gov/cld/Legal-Paraprofessional/Directory,2026-06-29T14:08:10.694860+0000,0.1.0
evt_7ed4118d39a623000a34441c,prov_az_lp_28a23eda86f0,2026-06-29,authorized,active,,snap_26827600c4012050,https://www.azcourts.gov/cld/Legal-Paraprofessional/Directory,2026-06-29T14:08:10.694860+0000,0.1.0
evt_7ef0fefda127f7042104a6b3,prov_az_abs_6f03b90c5e21,2026-06-29,authorized,active,,snap_9f99d17bf219186a,https://www.azcourts.gov/cld/Alternative-Business-Structure/Directory,2026-06-29T02:04:20.369320+0000,0.1.0
evt_7f6f48f722fc40af65c95334,prov_az_lp_6e7f30963c58,2026-06-29,authorized,active,,snap_26827600c4012050,https://www.azcourts.gov/cld/Legal-Paraprofessional/Directory,2026-06-29T14:08:10.694860+0000,0.1.0
evt_804a22e8e1f1a830c837a488,prov_az_abs_a2305291e6da,2026-06-29,authorized,active,,snap_9f99d17bf219186a,https://www.azcourts.gov/cld/Alternative-Business-Structure/Directory,2026-06-29T02:04:20.369320+0000,0.1.0
evt_809da7ae8e759aab065745dd,prov_wa_lllt_120,2026-06-30,authorized,exited,,snap_c700fb20a472580a,https://www.mywsba.org/PersonifyEbusiness/LegalDirectory.aspx?ShowSearchResults=TRUE&LicenseType=LLLT,2026-06-30T00:18:15.570648+0000,0.1.0
evt_80d6c9eae1dc1d55fa01b866,prov_az_abs_56b9c35f6b8f,2024-11-08,authorized,active,,snap_a6e3d292014fceaf,https://www.azcourts.gov/cld/Alternative-Business-Structure/Directory,2024-11-08T20:22:47.000000+0000,wayback-0.1.0
evt_81173abe973e3c2a78b0a3c4,prov_az_abs_58eb2ce9c2c6,2026-06-29,authorized,active,,snap_9f99d17bf219186a,https://www.azcourts.gov/cld/Alternative-Business-Structure/Directory,2026-06-29T02:04:20.369320+0000,0.1.0
evt_8118739e6ea32a5c85f4af3a,prov_mn_lp_1005,2026-06-29,authorized,active,,snap_65dee7a93a241e8f,https://mncourts.gov/_media/migration/appellate/supreme-court/Roster-of-Approved-Legal-Paraprofessionals.pdf,2026-06-29T23:48:06.975920+0000,0.1.0
evt_812706b7fe852b3cff7af87e,prov_az_abs_27cdee5ba35d,2026-06-29,authorized,active,,snap_9f99d17bf219186a,https://www.azcourts.gov/cld/Alternative-Business-Structure/Directory,2026-06-29T02:04:20.369320+0000,0.1.0
evt_81a07ada9a19254636eabe5e,prov_ut_sandbox_8090863415fa,2025-06-12,authorized,active,,snap_9722e7151b04a806,https://utahinnovationoffice.org/authorized-entities/,2025-06-12T21:17:13.000000+0000,wayback-0.1.0
evt_81b14c785f36c7b3e4f2c846,prov_wa_lllt_133,2026-06-30,authorized,active,,snap_c700fb20a472580a,https://www.mywsba.org/PersonifyEbusiness/LegalDirectory.aspx?ShowSearchResults=TRUE&LicenseType=LLLT,2026-06-30T00:18:15.570648+0000,0.1.0
evt_81cdf30c66484754fe6bb176,prov_wa_lllt_132,2026-06-30,authorized,active,,snap_c700fb20a472580a,https://www.mywsba.org/PersonifyEbusiness/LegalDirectory.aspx?ShowSearchResults=TRUE&LicenseType=LLLT,2026-06-30T00:18:15.570648+0000,0.1.0
evt_81d046f85fe9b80812a3e02c,prov_az_abs_8b8a679b5769,2024-11-08,authorized,active,,snap_a6e3d292014fceaf,https://www.azcourts.gov/cld/Alternative-Business-Structure/Directory,2024-11-08T20:22:47.000000+0000,wayback-0.1.0
evt_81edfdd7a4b4c80c52746f2e,prov_az_abs_d059e986d44b,2026-06-29,disappeared_from_roster,exited,,snap_9f99d17bf219186a,https://www.azcourts.gov/cld/Alternative-Business-Structure/Directory,2026-06-29T02:04:20.369320+0000,0.1.0
evt_827c62b48eb809aac2e5152a,prov_az_lp_66912177e150,2026-06-29,authorized,active,,snap_26827600c4012050,https://www.azcourts.gov/cld/Legal-Paraprofessional/Directory,2026-06-29T14:08:10.694860+0000,0.1.0
evt_828e4ead8e3ca03c1d237494,prov_az_abs_b5ce4e67bd0b,2026-06-29,authorized,active,,snap_9f99d17bf219186a,https://www.azcourts.gov/cld/Alternative-Business-Structure/Directory,2026-06-29T02:04:20.369320+0000,0.1.0
evt_82a061eed8a1bd1b27ec1e72,prov_wa_lllt_174,2026-06-30,authorized,unknown,,snap_c700fb20a472580a,https://www.mywsba.org/PersonifyEbusiness/LegalDirectory.aspx?ShowSearchResults=TRUE&LicenseType=LLLT,2026-06-30T00:18:15.570648+0000,0.1.0
evt_82e6c765eb6cfa68976d0fa6,prov_az_abs_d059e986d44b,2024-11-08,authorized,active,,snap_a6e3d292014fceaf,https://www.azcourts.gov/cld/Alternative-Business-Structure/Directory,2024-11-08T20:22:47.000000+0000,wayback-0.1.0
evt_82fbca1f0edbfa63e9b69c86,prov_wa_lllt_119,2026-06-30,authorized,active,,snap_c700fb20a472580a,https://www.mywsba.org/PersonifyEbusiness/LegalDirectory.aspx?ShowSearchResults=TRUE&LicenseType=LLLT,2026-06-30T00:18:15.570648+0000,0.1.0
evt_832ede3b4765d094225f9165,prov_az_abs_7588977987ed,2026-06-29,authorized,active,,snap_9f99d17bf219186a,https://www.azcourts.gov/cld/Alternative-Business-Structure/Directory,2026-06-29T02:04:20.369320+0000,0.1.0
evt_83896a627880bf658081d3ac,prov_co_llp_600116,2026-06-29,authorized,active,,snap_49941ce75946f286,https://www.coloradolegalregulation.com/wp-content/uploads/PDF/LLP/Admitted%20LLP%20Roster.pdf,2026-06-29T23:16:12.887720+0000,0.1.0
evt_83cda3257e642c127e25f46a,prov_az_abs_00a48aa3021e,2026-06-29,authorized,active,,snap_9f99d17bf219186a,https://www.azcourts.gov/cld/Alternative-Business-Structure/Directory,2026-06-29T02:04:20.369320+0000,0.1.0
evt_85232d7b601d6458892d3204,prov_co_llp_600003,2026-06-29,authorized,active,,snap_49941ce75946f286,https://www.coloradolegalregulation.com/wp-content/uploads/PDF/LLP/Admitted%20LLP%20Roster.pdf,2026-06-29T23:16:12.887720+0000,0.1.0
evt_8544f9d6d2c1f5b698800eb2,prov_az_lp_94df5c0a02e0,2026-06-29,authorized,active,,snap_26827600c4012050,https://www.azcourts.gov/cld/Legal-Paraprofessional/Directory,2026-06-29T14:08:10.694860+0000,0.1.0
evt_85756d4842fe892534634021,prov_az_lp_79bdae555a9c,2026-06-29,authorized,active,,snap_26827600c4012050,https://www.azcourts.gov/cld/Legal-Paraprofessional/Directory,2026-06-29T14:08:10.694860+0000,0.1.0
evt_85b733c9dd19a8833c05d243,prov_ut_lpp_221c8e27b731,2026-06-29,authorized,active,,snap_9b77f407c9783028,https://www.licensedlawyer.org/cv/cgi-bin/memberdll.dll/CustomList?WHP=lawyers_header.htm&WBP=lawyers_list.htm&SQLNAME=GETDIRSEARCH&SRCHOPT=I%7cPOLITICALPARTY%7cLPPActive%7c%3d%5eI%7cCHAPTERID%7cUT-BAR%7c%3d&SORTOPT=LASTNAME&GETCOUNT=0&GETSIM=0&RANGE=1%2f10&WEM=search_error.htm,2026-06-29T14:43:26.821674+0000,0.1.0
evt_85b76e2ec197cfa42b2fa44c,prov_wa_lllt_153,2026-06-30,authorized,active,,snap_c700fb20a472580a,https://www.mywsba.org/PersonifyEbusiness/LegalDirectory.aspx?ShowSearchResults=TRUE&LicenseType=LLLT,2026-06-30T00:18:15.570648+0000,0.1.0
evt_85c09e773327b3daf8a1645a,prov_wa_lllt_141,2026-06-30,authorized,active,,snap_c700fb20a472580a,https://www.mywsba.org/PersonifyEbusiness/LegalDirectory.aspx?ShowSearchResults=TRUE&LicenseType=LLLT,2026-06-30T00:18:15.570648+0000,0.1.0
evt_85f2b7e2624042cf86cedafd,prov_wa_lllt_194,2026-06-30,authorized,active,,snap_c700fb20a472580a,https://www.mywsba.org/PersonifyEbusiness/LegalDirectory.aspx?ShowSearchResults=TRUE&LicenseType=LLLT,2026-06-30T00:18:15.570648+0000,0.1.0
evt_865ad4b9acb89ffa8229375a,prov_az_abs_cb251b78925e,2026-06-29,authorized,exited,,snap_9f99d17bf219186a,https://www.azcourts.gov/cld/Alternative-Business-Structure/Directory,2026-06-29T02:04:20.369320+0000,0.1.0
evt_86ef16647c538b926147fa5d,prov_co_llp_600047,2026-06-29,authorized,active,,snap_49941ce75946f286,https://www.coloradolegalregulation.com/wp-content/uploads/PDF/LLP/Admitted%20LLP%20Roster.pdf,2026-06-29T23:16:12.887720+0000,0.1.0
evt_86efbaf0d7c4c895642f5a06,prov_az_lp_4889199614ed,2026-06-29,authorized,active,,snap_26827600c4012050,https://www.azcourts.gov/cld/Legal-Paraprofessional/Directory,2026-06-29T14:08:10.694860+0000,0.1.0
evt_876e60ca4266bb172822736f,prov_ut_sandbox_81773708acc3,2025-06-12,authorized,exited,,snap_9722e7151b04a806,https://utahinnovationoffice.org/authorized-entities/,2025-06-12T21:17:13.000000+0000,wayback-0.1.0
evt_87e5c2de5163f257a65b9787,prov_az_lp_d72c3c48789b,2026-06-29,authorized,active,,snap_26827600c4012050,https://www.azcourts.gov/cld/Legal-Paraprofessional/Directory,2026-06-29T14:08:10.694860+0000,0.1.0
evt_89372500a36abfe2c9e4224e,prov_az_abs_902964af74ba,2026-06-29,disappeared_from_roster,exited,,snap_9f99d17bf219186a,https://www.azcourts.gov/cld/Alternative-Business-Structure/Directory,2026-06-29T02:04:20.369320+0000,0.1.0
evt_898dc23ada6f737d3a43f850,prov_az_lp_4b6e1319b691,2026-06-29,authorized,active,,snap_26827600c4012050,https://www.azcourts.gov/cld/Legal-Paraprofessional/Directory,2026-06-29T14:08:10.694860+0000,0.1.0
evt_899cacb52919a9177cdad069,prov_co_llp_600012,2026-06-29,authorized,active,,snap_49941ce75946f286,https://www.coloradolegalregulation.com/wp-content/uploads/PDF/LLP/Admitted%20LLP%20Roster.pdf,2026-06-29T23:16:12.887720+0000,0.1.0
evt_89c59d0efeded0eb9b2d4a4f,prov_ut_sandbox_b1ec246489aa,2025-06-12,authorized,exited,,snap_9722e7151b04a806,https://utahinnovationoffice.org/authorized-entities/,2025-06-12T21:17:13.000000+0000,wayback-0.1.0
evt_8b08cc0e1a53c84e1d92f626,prov_wa_lllt_114,2026-06-30,authorized,active,,snap_c700fb20a472580a,https://www.mywsba.org/PersonifyEbusiness/LegalDirectory.aspx?ShowSearchResults=TRUE&LicenseType=LLLT,2026-06-30T00:18:15.570648+0000,0.1.0
evt_8c5b996f29c566fafdcd182c,prov_az_abs_fbde4df5fd56,2026-06-29,authorized,active,,snap_9f99d17bf219186a,https://www.azcourts.gov/cld/Alternative-Business-Structure/Directory,2026-06-29T02:04:20.369320+0000,0.1.0
evt_8c661aeb76786bd190e05e6d,prov_co_llp_600112,2026-06-29,authorized,active,,snap_49941ce75946f286,https://www.coloradolegalregulation.com/wp-content/uploads/PDF/LLP/Admitted%20LLP%20Roster.pdf,2026-06-29T23:16:12.887720+0000,0.1.0
evt_8c727ae1615b90eb3f4d96ec,prov_az_lp_6dd211f42e12,2026-06-29,authorized,active,,snap_26827600c4012050,https://www.azcourts.gov/cld/Legal-Paraprofessional/Directory,2026-06-29T14:08:10.694860+0000,0.1.0
evt_8c7b3c70d2a47d9650030b2a,prov_az_lp_2ead5917a6b2,2026-06-29,authorized,active,,snap_26827600c4012050,https://www.azcourts.gov/cld/Legal-Paraprofessional/Directory,2026-06-29T14:08:10.694860+0000,0.1.0
evt_8d0e9587d9a99a1e48dc11f3,prov_wa_lllt_147,2026-06-30,authorized,active,,snap_c700fb20a472580a,https://www.mywsba.org/PersonifyEbusiness/LegalDirectory.aspx?ShowSearchResults=TRUE&LicenseType=LLLT,2026-06-30T00:18:15.570648+0000,0.1.0
evt_8d4e5ed395c1104879c06615,prov_ut_lpp_89bdc12eea1d,2026-06-29,authorized,active,,snap_9b77f407c9783028,https://www.licensedlawyer.org/cv/cgi-bin/memberdll.dll/CustomList?WHP=lawyers_header.htm&WBP=lawyers_list.htm&SQLNAME=GETDIRSEARCH&SRCHOPT=I%7cPOLITICALPARTY%7cLPPActive%7c%3d%5eI%7cCHAPTERID%7cUT-BAR%7c%3d&SORTOPT=LASTNAME&GETCOUNT=0&GETSIM=0&RANGE=1%2f10&WEM=search_error.htm,2026-06-29T14:43:26.821674+0000,0.1.0
evt_8d6f1bd613c746b0dd588516,prov_ut_sandbox_3fcc61d65754,2025-06-12,authorized,exited,,snap_9722e7151b04a806,https://utahinnovationoffice.org/authorized-entities/,2025-06-12T21:17:13.000000+0000,wayback-0.1.0
evt_8de39572d06bd7b0f9f72b0e,prov_az_abs_4370f7310ee0,2026-06-29,authorized,active,,snap_9f99d17bf219186a,https://www.azcourts.gov/cld/Alternative-Business-Structure/Directory,2026-06-29T02:04:20.369320+0000,0.1.0
evt_8ef83aef1d371537283ad0c2,prov_az_abs_bc47296fb1ed,2024-11-08,authorized,active,,snap_a6e3d292014fceaf,https://www.azcourts.gov/cld/Alternative-Business-Structure/Directory,2024-11-08T20:22:47.000000+0000,wayback-0.1.0
evt_8f20ccbd000c45e4768a6bca,prov_ut_sandbox_a8e1fd8c9532,2026-06-29,status_change,exited,active → exited,snap_f0624d67fe0ad9d1,https://utahinnovationoffice.org/authorized-entities/,2026-06-29T13:58:14.482913+0000,0.1.0
evt_8f8556bf4c9f8598391e44e8,prov_wa_lllt_136,2026-06-30,authorized,unknown,,snap_c700fb20a472580a,https://www.mywsba.org/PersonifyEbusiness/LegalDirectory.aspx?ShowSearchResults=TRUE&LicenseType=LLLT,2026-06-30T00:18:15.570648+0000,0.1.0
evt_8f90b09725441de41f746e6e,prov_co_llp_600074,2026-06-29,authorized,active,,snap_49941ce75946f286,https://www.coloradolegalregulation.com/wp-content/uploads/PDF/LLP/Admitted%20LLP%20Roster.pdf,2026-06-29T23:16:12.887720+0000,0.1.0
evt_8f910cdf3334bfb9f1c92864,prov_az_lp_6d78af876c57,2026-06-29,authorized,active,,snap_26827600c4012050,https://www.azcourts.gov/cld/Legal-Paraprofessional/Directory,2026-06-29T14:08:10.694860+0000,0.1.0
evt_8fb0f798d1770bebff897a4a,prov_az_abs_98548ee973a7,2026-06-29,authorized,exited,,snap_9f99d17bf219186a,https://www.azcourts.gov/cld/Alternative-Business-Structure/Directory,2026-06-29T02:04:20.369320+0000,0.1.0
evt_8fcc21959b467bc3eaf6ad0b,prov_az_lp_56055ba65583,2026-06-29,authorized,active,,snap_26827600c4012050,https://www.azcourts.gov/cld/Legal-Paraprofessional/Directory,2026-06-29T14:08:10.694860+0000,0.1.0
evt_901891ea7ce3b2282e766488,prov_ut_lpp_a23f53ca102d,2026-06-29,authorized,active,,snap_9b77f407c9783028,https://www.licensedlawyer.org/cv/cgi-bin/memberdll.dll/CustomList?WHP=lawyers_header.htm&WBP=lawyers_list.htm&SQLNAME=GETDIRSEARCH&SRCHOPT=I%7cPOLITICALPARTY%7cLPPActive%7c%3d%5eI%7cCHAPTERID%7cUT-BAR%7c%3d&SORTOPT=LASTNAME&GETCOUNT=0&GETSIM=0&RANGE=1%2f10&WEM=search_error.htm,2026-06-29T14:43:26.821674+0000,0.1.0
evt_90238b099fd53b82db045776,prov_az_abs_966990f2838e,2026-06-29,authorized,active,,snap_9f99d17bf219186a,https://www.azcourts.gov/cld/Alternative-Business-Structure/Directory,2026-06-29T02:04:20.369320+0000,0.1.0
evt_90b03fcee2967c40681e9614,prov_wa_lllt_168,2026-06-30,authorized,active,,snap_c700fb20a472580a,https://www.mywsba.org/PersonifyEbusiness/LegalDirectory.aspx?ShowSearchResults=TRUE&LicenseType=LLLT,2026-06-30T00:18:15.570648+0000,0.1.0
evt_90f65edf8332d7c13e7762c7,prov_az_lp_a001a32f2eb1,2026-06-29,authorized,active,,snap_26827600c4012050,https://www.azcourts.gov/cld/Legal-Paraprofessional/Directory,2026-06-29T14:08:10.694860+0000,0.1.0
evt_913051876a036a2ea4ef563e,prov_az_abs_2a8c26d10769,2026-06-29,authorized,active,,snap_9f99d17bf219186a,https://www.azcourts.gov/cld/Alternative-Business-Structure/Directory,2026-06-29T02:04:20.369320+0000,0.1.0
evt_914f3f09fb019a522430b82c,prov_wa_lllt_139,2026-06-30,authorized,unknown,,snap_c700fb20a472580a,https://www.mywsba.org/PersonifyEbusiness/LegalDirectory.aspx?ShowSearchResults=TRUE&LicenseType=LLLT,2026-06-30T00:18:15.570648+0000,0.1.0
evt_91eddcdbdfe09ed6873b8239,prov_ut_lpp_bcc22c2c0517,2026-06-29,authorized,active,,snap_9b77f407c9783028,https://www.licensedlawyer.org/cv/cgi-bin/memberdll.dll/CustomList?WHP=lawyers_header.htm&WBP=lawyers_list.htm&SQLNAME=GETDIRSEARCH&SRCHOPT=I%7cPOLITICALPARTY%7cLPPActive%7c%3d%5eI%7cCHAPTERID%7cUT-BAR%7c%3d&SORTOPT=LASTNAME&GETCOUNT=0&GETSIM=0&RANGE=1%2f10&WEM=search_error.htm,2026-06-29T14:43:26.821674+0000,0.1.0
evt_9288e2a6d66aa52397bd9bba,prov_az_abs_ebac884a5dfd,2026-06-29,disappeared_from_roster,exited,,snap_9f99d17bf219186a,https://www.azcourts.gov/cld/Alternative-Business-Structure/Directory,2026-06-29T02:04:20.369320+0000,0.1.0
evt_92bbeddac992a18dab2f585f,prov_az_abs_8dbfecee113f,2026-06-29,disappeared_from_roster,exited,,snap_9f99d17bf219186a,https://www.azcourts.gov/cld/Alternative-Business-Structure/Directory,2026-06-29T02:04:20.369320+0000,0.1.0
evt_92c330293311d203075402fd,prov_ut_sandbox_46c8a5870e4e,2025-06-12,authorized,exited,,snap_9722e7151b04a806,https://utahinnovationoffice.org/authorized-entities/,2025-06-12T21:17:13.000000+0000,wayback-0.1.0
evt_92cf48592718cc298855ad12,prov_az_abs_30db3615076c,2026-06-29,authorized,active,,snap_9f99d17bf219186a,https://www.azcourts.gov/cld/Alternative-Business-Structure/Directory,2026-06-29T02:04:20.369320+0000,0.1.0
evt_93119cf290f504b1cfb72b1d,prov_az_abs_785f1d3e2195,2026-06-29,disappeared_from_roster,exited,,snap_9f99d17bf219186a,https://www.azcourts.gov/cld/Alternative-Business-Structure/Directory,2026-06-29T02:04:20.369320+0000,0.1.0
evt_9397ae80f62ae2d1073b7862,prov_co_llp_600061,2026-06-29,authorized,active,,snap_49941ce75946f286,https://www.coloradolegalregulation.com/wp-content/uploads/PDF/LLP/Admitted%20LLP%20Roster.pdf,2026-06-29T23:16:12.887720+0000,0.1.0
evt_944b2d7beca52d334c6249f8,prov_ut_lpp_8d9daf451d4c,2026-06-29,authorized,active,,snap_9b77f407c9783028,https://www.licensedlawyer.org/cv/cgi-bin/memberdll.dll/CustomList?WHP=lawyers_header.htm&WBP=lawyers_list.htm&SQLNAME=GETDIRSEARCH&SRCHOPT=I%7cPOLITICALPARTY%7cLPPActive%7c%3d%5eI%7cCHAPTERID%7cUT-BAR%7c%3d&SORTOPT=LASTNAME&GETCOUNT=0&GETSIM=0&RANGE=1%2f10&WEM=search_error.htm,2026-06-29T14:43:26.821674+0000,0.1.0
evt_9503af309e8cf260ac2725c7,prov_wa_lllt_178,2026-06-30,authorized,active,,snap_c700fb20a472580a,https://www.mywsba.org/PersonifyEbusiness/LegalDirectory.aspx?ShowSearchResults=TRUE&LicenseType=LLLT,2026-06-30T00:18:15.570648+0000,0.1.0
evt_95a991178047edd4d5630dbd,prov_az_abs_258989b95583,2024-11-08,authorized,active,,snap_a6e3d292014fceaf,https://www.azcourts.gov/cld/Alternative-Business-Structure/Directory,2024-11-08T20:22:47.000000+0000,wayback-0.1.0
evt_966dd55b40fa7b8d979ca8dc,prov_ut_lpp_5f284fd08d02,2026-06-29,authorized,active,,snap_9b77f407c9783028,https://www.licensedlawyer.org/cv/cgi-bin/memberdll.dll/CustomList?WHP=lawyers_header.htm&WBP=lawyers_list.htm&SQLNAME=GETDIRSEARCH&SRCHOPT=I%7cPOLITICALPARTY%7cLPPActive%7c%3d%5eI%7cCHAPTERID%7cUT-BAR%7c%3d&SORTOPT=LASTNAME&GETCOUNT=0&GETSIM=0&RANGE=1%2f10&WEM=search_error.htm,2026-06-29T14:43:26.821674+0000,0.1.0
evt_96d6ec49bf49a17a673dc1da,prov_az_lp_1108d81d9b40,2026-06-29,authorized,active,,snap_26827600c4012050,https://www.azcourts.gov/cld/Legal-Paraprofessional/Directory,2026-06-29T14:08:10.694860+0000,0.1.0
evt_971b3918ed2de916a941b0f6,prov_ut_sandbox_39d714e13c64,2025-06-12,authorized,exited,,snap_9722e7151b04a806,https://utahinnovationoffice.org/authorized-entities/,2025-06-12T21:17:13.000000+0000,wayback-0.1.0
evt_974b02339f1065429cf2a6bc,prov_az_lp_b7fc98c222b7,2026-06-29,authorized,active,,snap_26827600c4012050,https://www.azcourts.gov/cld/Legal-Paraprofessional/Directory,2026-06-29T14:08:10.694860+0000,0.1.0
evt_9758976bbd20069af77c609b,prov_ut_lpp_f27d0b378e96,2026-06-29,authorized,active,,snap_9b77f407c9783028,https://www.licensedlawyer.org/cv/cgi-bin/memberdll.dll/CustomList?WHP=lawyers_header.htm&WBP=lawyers_list.htm&SQLNAME=GETDIRSEARCH&SRCHOPT=I%7cPOLITICALPARTY%7cLPPActive%7c%3d%5eI%7cCHAPTERID%7cUT-BAR%7c%3d&SORTOPT=LASTNAME&GETCOUNT=0&GETSIM=0&RANGE=1%2f10&WEM=search_error.htm,2026-06-29T14:43:26.821674+0000,0.1.0
evt_97c4944193d1a11eb16740ba,prov_az_abs_e77d25e4da70,2024-11-08,authorized,active,,snap_a6e3d292014fceaf,https://www.azcourts.gov/cld/Alternative-Business-Structure/Directory,2024-11-08T20:22:47.000000+0000,wayback-0.1.0
evt_97fbab19731e19b9aa3169e1,prov_mn_lp_1026,2026-06-29,authorized,active,,snap_65dee7a93a241e8f,https://mncourts.gov/_media/migration/appellate/supreme-court/Roster-of-Approved-Legal-Paraprofessionals.pdf,2026-06-29T23:48:06.975920+0000,0.1.0
evt_995dcc5c963206c451ed8692,prov_ut_sandbox_2d68a785e481,2025-06-12,authorized,exited,,snap_9722e7151b04a806,https://utahinnovationoffice.org/authorized-entities/,2025-06-12T21:17:13.000000+0000,wayback-0.1.0
evt_99798e54d0116ee25206500d,prov_wa_lllt_101,2026-06-30,authorized,active,,snap_c700fb20a472580a,https://www.mywsba.org/PersonifyEbusiness/LegalDirectory.aspx?ShowSearchResults=TRUE&LicenseType=LLLT,2026-06-30T00:18:15.570648+0000,0.1.0
evt_99898376c6e3741a305854e4,prov_ut_sandbox_ef67213813b8,2025-06-12,authorized,exited,,snap_9722e7151b04a806,https://utahinnovationoffice.org/authorized-entities/,2025-06-12T21:17:13.000000+0000,wayback-0.1.0
evt_99c0960ae861cc122b88d1ea,prov_az_abs_392813b2db4e,2024-11-08,authorized,active,,snap_a6e3d292014fceaf,https://www.azcourts.gov/cld/Alternative-Business-Structure/Directory,2024-11-08T20:22:47.000000+0000,wayback-0.1.0
evt_9a3a80afa4ad4fb8c7908f6e,prov_wa_lllt_145,2026-06-30,authorized,active,,snap_c700fb20a472580a,https://www.mywsba.org/PersonifyEbusiness/LegalDirectory.aspx?ShowSearchResults=TRUE&LicenseType=LLLT,2026-06-30T00:18:15.570648+0000,0.1.0
evt_9a42fdd2786484cc91f96da5,prov_wa_lllt_173,2026-06-30,authorized,active,,snap_c700fb20a472580a,https://www.mywsba.org/PersonifyEbusiness/LegalDirectory.aspx?ShowSearchResults=TRUE&LicenseType=LLLT,2026-06-30T00:18:15.570648+0000,0.1.0
evt_9b20cbd1b71cc276a0df6dab,prov_az_abs_eb54f19a6524,2026-06-29,authorized,active,,snap_9f99d17bf219186a,https://www.azcourts.gov/cld/Alternative-Business-Structure/Directory,2026-06-29T02:04:20.369320+0000,0.1.0
evt_9b70b91d6bd98bb44d051462,prov_az_abs_4b6432255d0d,2026-06-29,authorized,active,,snap_9f99d17bf219186a,https://www.azcourts.gov/cld/Alternative-Business-Structure/Directory,2026-06-29T02:04:20.369320+0000,0.1.0
evt_9ba423846cc6baea651afcdb,prov_co_llp_600065,2026-06-29,authorized,active,,snap_49941ce75946f286,https://www.coloradolegalregulation.com/wp-content/uploads/PDF/LLP/Admitted%20LLP%20Roster.pdf,2026-06-29T23:16:12.887720+0000,0.1.0
evt_9c578f5360ce5557c3c45697,prov_az_abs_134644644ecc,2026-06-29,authorized,active,,snap_9f99d17bf219186a,https://www.azcourts.gov/cld/Alternative-Business-Structure/Directory,2026-06-29T02:04:20.369320+0000,0.1.0
evt_9db08956ecfbce173f9258d3,prov_az_abs_182c8a8a9e07,2026-06-29,disappeared_from_roster,exited,,snap_9f99d17bf219186a,https://www.azcourts.gov/cld/Alternative-Business-Structure/Directory,2026-06-29T02:04:20.369320+0000,0.1.0
evt_9dd70467aa6288ed8f542c56,prov_wa_lllt_105,2026-06-30,authorized,active,,snap_c700fb20a472580a,https://www.mywsba.org/PersonifyEbusiness/LegalDirectory.aspx?ShowSearchResults=TRUE&LicenseType=LLLT,2026-06-30T00:18:15.570648+0000,0.1.0
evt_9e1dfc963600dc7d75cbaf22,prov_co_llp_600098,2026-06-29,authorized,active,,snap_49941ce75946f286,https://www.coloradolegalregulation.com/wp-content/uploads/PDF/LLP/Admitted%20LLP%20Roster.pdf,2026-06-29T23:16:12.887720+0000,0.1.0
evt_9ea55eae41b55aa74ea8c9e0,prov_az_lp_0f3c11b7b4ca,2026-06-29,authorized,active,,snap_26827600c4012050,https://www.azcourts.gov/cld/Legal-Paraprofessional/Directory,2026-06-29T14:08:10.694860+0000,0.1.0
evt_9ed72531c71e4e00c47f16cf,prov_ut_lpp_3ef5ffb3389d,2026-06-29,authorized,active,,snap_9b77f407c9783028,https://www.licensedlawyer.org/cv/cgi-bin/memberdll.dll/CustomList?WHP=lawyers_header.htm&WBP=lawyers_list.htm&SQLNAME=GETDIRSEARCH&SRCHOPT=I%7cPOLITICALPARTY%7cLPPActive%7c%3d%5eI%7cCHAPTERID%7cUT-BAR%7c%3d&SORTOPT=LASTNAME&GETCOUNT=0&GETSIM=0&RANGE=1%2f10&WEM=search_error.htm,2026-06-29T14:43:26.821674+0000,0.1.0
evt_9f0f84f3e4a7bca2e14b7553,prov_az_abs_98afda98d331,2026-06-29,authorized,active,,snap_9f99d17bf219186a,https://www.azcourts.gov/cld/Alternative-Business-Structure/Directory,2026-06-29T02:04:20.369320+0000,0.1.0
evt_9f8b93eb0115ae83c0f8e7d0,prov_wa_lllt_102,2026-06-30,authorized,active,,snap_c700fb20a472580a,https://www.mywsba.org/PersonifyEbusiness/LegalDirectory.aspx?ShowSearchResults=TRUE&LicenseType=LLLT,2026-06-30T00:18:15.570648+0000,0.1.0
evt_a0b990729b210c949f23b655,prov_wa_lllt_130,2026-06-30,authorized,exited,,snap_c700fb20a472580a,https://www.mywsba.org/PersonifyEbusiness/LegalDirectory.aspx?ShowSearchResults=TRUE&LicenseType=LLLT,2026-06-30T00:18:15.570648+0000,0.1.0
evt_a11c0326fc4a899bbc98b06b,prov_co_llp_600046,2026-06-29,authorized,active,,snap_49941ce75946f286,https://www.coloradolegalregulation.com/wp-content/uploads/PDF/LLP/Admitted%20LLP%20Roster.pdf,2026-06-29T23:16:12.887720+0000,0.1.0
evt_a13199cc0a4dcc0cfb7f0cde,prov_wa_lllt_129,2026-06-30,authorized,active,,snap_c700fb20a472580a,https://www.mywsba.org/PersonifyEbusiness/LegalDirectory.aspx?ShowSearchResults=TRUE&LicenseType=LLLT,2026-06-30T00:18:15.570648+0000,0.1.0
evt_a1829b908c394f16cbf104b4,prov_wa_lllt_143,2026-06-30,authorized,active,,snap_c700fb20a472580a,https://www.mywsba.org/PersonifyEbusiness/LegalDirectory.aspx?ShowSearchResults=TRUE&LicenseType=LLLT,2026-06-30T00:18:15.570648+0000,0.1.0
evt_a1932c9acfac10e9d63d06e5,prov_az_abs_8bcba1bb3832,2026-06-29,authorized,active,,snap_9f99d17bf219186a,https://www.azcourts.gov/cld/Alternative-Business-Structure/Directory,2026-06-29T02:04:20.369320+0000,0.1.0
evt_a1f36ce8c076bf5f04e7f893,prov_az_abs_0ccb3a66c8bb,2026-06-29,authorized,active,,snap_9f99d17bf219186a,https://www.azcourts.gov/cld/Alternative-Business-Structure/Directory,2026-06-29T02:04:20.369320+0000,0.1.0
evt_a21753c74fe21df02a036099,prov_co_llp_600059,2026-06-29,authorized,active,,snap_49941ce75946f286,https://www.coloradolegalregulation.com/wp-content/uploads/PDF/LLP/Admitted%20LLP%20Roster.pdf,2026-06-29T23:16:12.887720+0000,0.1.0
evt_a2851dfea5abbb2620d56d8c,prov_az_abs_29c50258bf77,2024-11-08,authorized,active,,snap_a6e3d292014fceaf,https://www.azcourts.gov/cld/Alternative-Business-Structure/Directory,2024-11-08T20:22:47.000000+0000,wayback-0.1.0
evt_a2b13511895d321c87a28011,prov_az_lp_82d0e946e98f,2026-06-29,authorized,active,,snap_26827600c4012050,https://www.azcourts.gov/cld/Legal-Paraprofessional/Directory,2026-06-29T14:08:10.694860+0000,0.1.0
evt_a2e2424dbacf13657a90dd86,prov_az_lp_3227d1572bb4,2026-06-29,authorized,active,,snap_26827600c4012050,https://www.azcourts.gov/cld/Legal-Paraprofessional/Directory,2026-06-29T14:08:10.694860+0000,0.1.0
evt_a3229c19e3ffad75ac0a36a5,prov_co_llp_600097,2026-06-29,authorized,active,,snap_49941ce75946f286,https://www.coloradolegalregulation.com/wp-content/uploads/PDF/LLP/Admitted%20LLP%20Roster.pdf,2026-06-29T23:16:12.887720+0000,0.1.0
evt_a37d978b316b0fdbe5e69d58,prov_az_abs_19d234b19175,2024-11-08,authorized,active,,snap_a6e3d292014fceaf,https://www.azcourts.gov/cld/Alternative-Business-Structure/Directory,2024-11-08T20:22:47.000000+0000,wayback-0.1.0
evt_a3a7c5cc65a35bd5d327b307,prov_wa_lllt_165,2026-06-30,authorized,active,,snap_c700fb20a472580a,https://www.mywsba.org/PersonifyEbusiness/LegalDirectory.aspx?ShowSearchResults=TRUE&LicenseType=LLLT,2026-06-30T00:18:15.570648+0000,0.1.0
evt_a3be5cac7d216be3a21dd4dd,prov_wa_lllt_123,2026-06-30,authorized,active,,snap_c700fb20a472580a,https://www.mywsba.org/PersonifyEbusiness/LegalDirectory.aspx?ShowSearchResults=TRUE&LicenseType=LLLT,2026-06-30T00:18:15.570648+0000,0.1.0
evt_a4795ccadb38f6d863ac4faf,prov_co_llp_600014,2026-06-29,authorized,active,,snap_49941ce75946f286,https://www.coloradolegalregulation.com/wp-content/uploads/PDF/LLP/Admitted%20LLP%20Roster.pdf,2026-06-29T23:16:12.887720+0000,0.1.0
evt_a52e05232bf4695b207e2585,prov_mn_lp_1022,2026-06-29,authorized,active,,snap_65dee7a93a241e8f,https://mncourts.gov/_media/migration/appellate/supreme-court/Roster-of-Approved-Legal-Paraprofessionals.pdf,2026-06-29T23:48:06.975920+0000,0.1.0
evt_a52fab1095670bc7349d527f,prov_ut_sandbox_635a7ad275d1,2025-06-12,authorized,exited,,snap_9722e7151b04a806,https://utahinnovationoffice.org/authorized-entities/,2025-06-12T21:17:13.000000+0000,wayback-0.1.0
evt_a57def83ac5694403aced16e,prov_wa_lllt_137,2026-06-30,authorized,active,,snap_c700fb20a472580a,https://www.mywsba.org/PersonifyEbusiness/LegalDirectory.aspx?ShowSearchResults=TRUE&LicenseType=LLLT,2026-06-30T00:18:15.570648+0000,0.1.0
evt_a58c830853b09a544a4a359c,prov_az_abs_f72f24438a18,2026-06-29,authorized,active,,snap_9f99d17bf219186a,https://www.azcourts.gov/cld/Alternative-Business-Structure/Directory,2026-06-29T02:04:20.369320+0000,0.1.0
evt_a5a17bb6a1990b2b3c8c368d,prov_az_abs_677e9a4ef056,2024-11-08,authorized,active,,snap_a6e3d292014fceaf,https://www.azcourts.gov/cld/Alternative-Business-Structure/Directory,2024-11-08T20:22:47.000000+0000,wayback-0.1.0
evt_a5b324745ecc9b6720ff0cb0,prov_ut_lpp_36df9d69f626,2026-06-29,authorized,active,,snap_9b77f407c9783028,https://www.licensedlawyer.org/cv/cgi-bin/memberdll.dll/CustomList?WHP=lawyers_header.htm&WBP=lawyers_list.htm&SQLNAME=GETDIRSEARCH&SRCHOPT=I%7cPOLITICALPARTY%7cLPPActive%7c%3d%5eI%7cCHAPTERID%7cUT-BAR%7c%3d&SORTOPT=LASTNAME&GETCOUNT=0&GETSIM=0&RANGE=1%2f10&WEM=search_error.htm,2026-06-29T14:43:26.821674+0000,0.1.0
evt_a65595b4e991546503b7cfa2,prov_az_abs_827fba738440,2026-06-29,authorized,active,,snap_9f99d17bf219186a,https://www.azcourts.gov/cld/Alternative-Business-Structure/Directory,2026-06-29T02:04:20.369320+0000,0.1.0
evt_a792c46b75152ca2ab1d58be,prov_az_abs_6c24d5c67a5b,2026-06-29,authorized,active,,snap_9f99d17bf219186a,https://www.azcourts.gov/cld/Alternative-Business-Structure/Directory,2026-06-29T02:04:20.369320+0000,0.1.0
evt_a88608190954d618bc547ef6,prov_wa_lllt_158,2026-06-30,authorized,active,,snap_c700fb20a472580a,https://www.mywsba.org/PersonifyEbusiness/LegalDirectory.aspx?ShowSearchResults=TRUE&LicenseType=LLLT,2026-06-30T00:18:15.570648+0000,0.1.0
evt_a88b57f89b75cb2affccfdb7,prov_az_abs_740c9730b774,2026-06-29,authorized,active,,snap_9f99d17bf219186a,https://www.azcourts.gov/cld/Alternative-Business-Structure/Directory,2026-06-29T02:04:20.369320+0000,0.1.0
evt_a88e3178562064bd35ecff39,prov_az_abs_b52c5163d071,2024-11-08,authorized,active,,snap_a6e3d292014fceaf,https://www.azcourts.gov/cld/Alternative-Business-Structure/Directory,2024-11-08T20:22:47.000000+0000,wayback-0.1.0
evt_a8efb52f7373fbf15a77596c,prov_ut_sandbox_3ec77d1fb348,2025-06-12,authorized,exited,,snap_9722e7151b04a806,https://utahinnovationoffice.org/authorized-entities/,2025-06-12T21:17:13.000000+0000,wayback-0.1.0
evt_a8f82cd37e92386186f76e2f,prov_az_abs_5b07c345bc6b,2024-11-08,authorized,active,,snap_a6e3d292014fceaf,https://www.azcourts.gov/cld/Alternative-Business-Structure/Directory,2024-11-08T20:22:47.000000+0000,wayback-0.1.0
evt_a966e878b4921ba000d766f9,prov_az_abs_452acf5f5904,2024-11-08,authorized,active,,snap_a6e3d292014fceaf,https://www.azcourts.gov/cld/Alternative-Business-Structure/Directory,2024-11-08T20:22:47.000000+0000,wayback-0.1.0
evt_a9f86ca2587985ed02b1575c,prov_wa_lllt_181,2026-06-30,authorized,active,,snap_c700fb20a472580a,https://www.mywsba.org/PersonifyEbusiness/LegalDirectory.aspx?ShowSearchResults=TRUE&LicenseType=LLLT,2026-06-30T00:18:15.570648+0000,0.1.0
evt_a9fddb1f901d3fe73eddf6b1,prov_co_llp_600088,2026-06-29,authorized,active,,snap_49941ce75946f286,https://www.coloradolegalregulation.com/wp-content/uploads/PDF/LLP/Admitted%20LLP%20Roster.pdf,2026-06-29T23:16:12.887720+0000,0.1.0
evt_aa9f69e1d38516a6509ceda4,prov_co_llp_600095,2026-06-29,authorized,active,,snap_49941ce75946f286,https://www.coloradolegalregulation.com/wp-content/uploads/PDF/LLP/Admitted%20LLP%20Roster.pdf,2026-06-29T23:16:12.887720+0000,0.1.0
evt_aab0ff00523e801a10a8f295,prov_co_llp_600102,2026-06-29,authorized,active,,snap_49941ce75946f286,https://www.coloradolegalregulation.com/wp-content/uploads/PDF/LLP/Admitted%20LLP%20Roster.pdf,2026-06-29T23:16:12.887720+0000,0.1.0
evt_aaebb33581f72723064610eb,prov_az_abs_05632a0d1215,2024-11-08,authorized,active,,snap_a6e3d292014fceaf,https://www.azcourts.gov/cld/Alternative-Business-Structure/Directory,2024-11-08T20:22:47.000000+0000,wayback-0.1.0
evt_ab25ad87a2ed3b06b34a3311,prov_az_lp_c69d7197ce90,2026-06-29,authorized,active,,snap_26827600c4012050,https://www.azcourts.gov/cld/Legal-Paraprofessional/Directory,2026-06-29T14:08:10.694860+0000,0.1.0
evt_ab2742ca0000d0a06c455356,prov_wa_lllt_126,2026-06-30,authorized,active,,snap_c700fb20a472580a,https://www.mywsba.org/PersonifyEbusiness/LegalDirectory.aspx?ShowSearchResults=TRUE&LicenseType=LLLT,2026-06-30T00:18:15.570648+0000,0.1.0
evt_ab2de1380123198595333317,prov_az_abs_33ccd4c862db,2024-11-08,authorized,active,,snap_a6e3d292014fceaf,https://www.azcourts.gov/cld/Alternative-Business-Structure/Directory,2024-11-08T20:22:47.000000+0000,wayback-0.1.0
evt_ab5afe8763bdac087f96bb55,prov_az_abs_fc0bc30fd5fc,2026-06-29,authorized,active,,snap_9f99d17bf219186a,https://www.azcourts.gov/cld/Alternative-Business-Structure/Directory,2026-06-29T02:04:20.369320+0000,0.1.0
evt_abe6ed50435e2a0e7a36fd25,prov_ut_sandbox_e2359baffb0f,2025-06-12,authorized,exited,,snap_9722e7151b04a806,https://utahinnovationoffice.org/authorized-entities/,2025-06-12T21:17:13.000000+0000,wayback-0.1.0
evt_ac17fc6a7bbf96d427ef0e1d,prov_wa_lllt_182,2026-06-30,authorized,active,,snap_c700fb20a472580a,https://www.mywsba.org/PersonifyEbusiness/LegalDirectory.aspx?ShowSearchResults=TRUE&LicenseType=LLLT,2026-06-30T00:18:15.570648+0000,0.1.0
evt_ac32e9a33d6f6b975aab0d3b,prov_az_abs_a8573e42940a,2024-11-08,authorized,active,,snap_a6e3d292014fceaf,https://www.azcourts.gov/cld/Alternative-Business-Structure/Directory,2024-11-08T20:22:47.000000+0000,wayback-0.1.0
evt_ac39c084de87a21aedff4b1a,prov_az_abs_7a69581a4491,2024-11-08,authorized,active,,snap_a6e3d292014fceaf,https://www.azcourts.gov/cld/Alternative-Business-Structure/Directory,2024-11-08T20:22:47.000000+0000,wayback-0.1.0
evt_ac5cdc99c1a3dd7155d477fe,prov_wa_lllt_104,2026-06-30,authorized,active,,snap_c700fb20a472580a,https://www.mywsba.org/PersonifyEbusiness/LegalDirectory.aspx?ShowSearchResults=TRUE&LicenseType=LLLT,2026-06-30T00:18:15.570648+0000,0.1.0
evt_ad5698f6878492bb35731a5c,prov_az_lp_8c666ae92547,2026-06-29,authorized,active,,snap_26827600c4012050,https://www.azcourts.gov/cld/Legal-Paraprofessional/Directory,2026-06-29T14:08:10.694860+0000,0.1.0
evt_adf2eb53c0ef55b1aea63d49,prov_az_lp_65030d772724,2026-06-29,authorized,active,,snap_26827600c4012050,https://www.azcourts.gov/cld/Legal-Paraprofessional/Directory,2026-06-29T14:08:10.694860+0000,0.1.0
evt_af3951233ad06eddd446f937,prov_ut_lpp_5d23aa68f6c6,2026-06-29,authorized,active,,snap_9b77f407c9783028,https://www.licensedlawyer.org/cv/cgi-bin/memberdll.dll/CustomList?WHP=lawyers_header.htm&WBP=lawyers_list.htm&SQLNAME=GETDIRSEARCH&SRCHOPT=I%7cPOLITICALPARTY%7cLPPActive%7c%3d%5eI%7cCHAPTERID%7cUT-BAR%7c%3d&SORTOPT=LASTNAME&GETCOUNT=0&GETSIM=0&RANGE=1%2f10&WEM=search_error.htm,2026-06-29T14:43:26.821674+0000,0.1.0
evt_afa8803ea9af2d3fd48b8625,prov_az_abs_ddef39b5b5b7,2026-06-29,authorized,active,,snap_9f99d17bf219186a,https://www.azcourts.gov/cld/Alternative-Business-Structure/Directory,2026-06-29T02:04:20.369320+0000,0.1.0
evt_b02cc41d87f697cd789654fa,prov_co_llp_600038,2026-06-29,authorized,active,,snap_49941ce75946f286,https://www.coloradolegalregulation.com/wp-content/uploads/PDF/LLP/Admitted%20LLP%20Roster.pdf,2026-06-29T23:16:12.887720+0000,0.1.0
evt_b0322e06efbcd66f6718dacd,prov_ut_sandbox_09ee03a98223,2025-06-12,authorized,exited,,snap_9722e7151b04a806,https://utahinnovationoffice.org/authorized-entities/,2025-06-12T21:17:13.000000+0000,wayback-0.1.0
evt_b03751423239caf2375a1bf0,prov_wa_lllt_107,2026-06-30,authorized,active,,snap_c700fb20a472580a,https://www.mywsba.org/PersonifyEbusiness/LegalDirectory.aspx?ShowSearchResults=TRUE&LicenseType=LLLT,2026-06-30T00:18:15.570648+0000,0.1.0
evt_b0d3ec4d543628b566d5106b,prov_ut_sandbox_71792b96da8d,2025-06-12,authorized,exited,,snap_9722e7151b04a806,https://utahinnovationoffice.org/authorized-entities/,2025-06-12T21:17:13.000000+0000,wayback-0.1.0
evt_b1cb31a2305ab948e5813d2a,prov_az_lp_ffb5e6be0f6e,2026-06-29,authorized,active,,snap_26827600c4012050,https://www.azcourts.gov/cld/Legal-Paraprofessional/Directory,2026-06-29T14:08:10.694860+0000,0.1.0
evt_b1fb93a733dbe2bc6f4dfd89,prov_az_abs_eaf16b95e943,2024-11-08,authorized,active,,snap_a6e3d292014fceaf,https://www.azcourts.gov/cld/Alternative-Business-Structure/Directory,2024-11-08T20:22:47.000000+0000,wayback-0.1.0
evt_b212a28fca8e1776c16ec760,prov_az_lp_caf8f8bcbb0a,2026-06-29,authorized,active,,snap_26827600c4012050,https://www.azcourts.gov/cld/Legal-Paraprofessional/Directory,2026-06-29T14:08:10.694860+0000,0.1.0
evt_b25b451fc3173e2ce949cea6,prov_az_abs_83983d484a99,2024-11-08,authorized,active,,snap_a6e3d292014fceaf,https://www.azcourts.gov/cld/Alternative-Business-Structure/Directory,2024-11-08T20:22:47.000000+0000,wayback-0.1.0
evt_b2a37adfaa57eb4f16288d7e,prov_az_abs_6747fe3cd0fb,2026-06-29,authorized,active,,snap_9f99d17bf219186a,https://www.azcourts.gov/cld/Alternative-Business-Structure/Directory,2026-06-29T02:04:20.369320+0000,0.1.0
evt_b2e5ea8790b5e162febae95a,prov_wa_lllt_135,2026-06-30,authorized,exited,,snap_c700fb20a472580a,https://www.mywsba.org/PersonifyEbusiness/LegalDirectory.aspx?ShowSearchResults=TRUE&LicenseType=LLLT,2026-06-30T00:18:15.570648+0000,0.1.0
evt_b35b53f8b599cf8161508dd7,prov_az_abs_033a08848927,2026-06-29,authorized,active,,snap_9f99d17bf219186a,https://www.azcourts.gov/cld/Alternative-Business-Structure/Directory,2026-06-29T02:04:20.369320+0000,0.1.0
evt_b36e5cd13cbf12bb1ae8f2b3,prov_co_llp_600099,2026-06-29,authorized,active,,snap_49941ce75946f286,https://www.coloradolegalregulation.com/wp-content/uploads/PDF/LLP/Admitted%20LLP%20Roster.pdf,2026-06-29T23:16:12.887720+0000,0.1.0
evt_b376af5f0cb04b3e4874460a,prov_az_lp_ac636224163f,2026-06-29,authorized,active,,snap_26827600c4012050,https://www.azcourts.gov/cld/Legal-Paraprofessional/Directory,2026-06-29T14:08:10.694860+0000,0.1.0
evt_b3ddb7423127a380e2242154,prov_co_llp_600079,2026-06-29,authorized,active,,snap_49941ce75946f286,https://www.coloradolegalregulation.com/wp-content/uploads/PDF/LLP/Admitted%20LLP%20Roster.pdf,2026-06-29T23:16:12.887720+0000,0.1.0
evt_b3e83dd96aa969c4f4bf6bde,prov_wa_lllt_144,2026-06-30,authorized,unknown,,snap_c700fb20a472580a,https://www.mywsba.org/PersonifyEbusiness/LegalDirectory.aspx?ShowSearchResults=TRUE&LicenseType=LLLT,2026-06-30T00:18:15.570648+0000,0.1.0
evt_b485dfd59a5147268ddbd3ed,prov_co_llp_600039,2026-06-29,authorized,active,,snap_49941ce75946f286,https://www.coloradolegalregulation.com/wp-content/uploads/PDF/LLP/Admitted%20LLP%20Roster.pdf,2026-06-29T23:16:12.887720+0000,0.1.0
evt_b5a879ff6dabb36f0ce7d5b6,prov_wa_lllt_124,2026-06-30,authorized,active,,snap_c700fb20a472580a,https://www.mywsba.org/PersonifyEbusiness/LegalDirectory.aspx?ShowSearchResults=TRUE&LicenseType=LLLT,2026-06-30T00:18:15.570648+0000,0.1.0
evt_b6ee58331892968bb92b2cfd,prov_co_llp_600013,2026-06-29,authorized,active,,snap_49941ce75946f286,https://www.coloradolegalregulation.com/wp-content/uploads/PDF/LLP/Admitted%20LLP%20Roster.pdf,2026-06-29T23:16:12.887720+0000,0.1.0
evt_b7499ef2e4b58b4704ccb646,prov_mn_lp_1008,2026-06-29,authorized,active,,snap_65dee7a93a241e8f,https://mncourts.gov/_media/migration/appellate/supreme-court/Roster-of-Approved-Legal-Paraprofessionals.pdf,2026-06-29T23:48:06.975920+0000,0.1.0
evt_b784c9e68a640ad0fabad04a,prov_az_lp_f947d6ba418d,2026-06-29,authorized,active,,snap_26827600c4012050,https://www.azcourts.gov/cld/Legal-Paraprofessional/Directory,2026-06-29T14:08:10.694860+0000,0.1.0
evt_b7bc2a39fd614dc2ffa1c551,prov_wa_lllt_125,2026-06-30,authorized,active,,snap_c700fb20a472580a,https://www.mywsba.org/PersonifyEbusiness/LegalDirectory.aspx?ShowSearchResults=TRUE&LicenseType=LLLT,2026-06-30T00:18:15.570648+0000,0.1.0
evt_b90f225e583d0a257695aa34,prov_az_lp_2d5184038041,2026-06-29,authorized,active,,snap_26827600c4012050,https://www.azcourts.gov/cld/Legal-Paraprofessional/Directory,2026-06-29T14:08:10.694860+0000,0.1.0
evt_b97d14203580e81195314b91,prov_co_llp_600091,2026-06-29,authorized,active,,snap_49941ce75946f286,https://www.coloradolegalregulation.com/wp-content/uploads/PDF/LLP/Admitted%20LLP%20Roster.pdf,2026-06-29T23:16:12.887720+0000,0.1.0
evt_b992bde42ea3f157a9999189,prov_mn_lp_1014,2026-06-29,authorized,active,,snap_65dee7a93a241e8f,https://mncourts.gov/_media/migration/appellate/supreme-court/Roster-of-Approved-Legal-Paraprofessionals.pdf,2026-06-29T23:48:06.975920+0000,0.1.0
evt_ba0344eb180770816d0e8486,prov_az_lp_897b51d42127,2026-06-29,authorized,active,,snap_26827600c4012050,https://www.azcourts.gov/cld/Legal-Paraprofessional/Directory,2026-06-29T14:08:10.694860+0000,0.1.0
evt_ba1113c542c8f0fd5cba69ce,prov_az_abs_abd1deccf700,2026-06-29,authorized,active,,snap_9f99d17bf219186a,https://www.azcourts.gov/cld/Alternative-Business-Structure/Directory,2026-06-29T02:04:20.369320+0000,0.1.0
evt_ba250053188713f1fb3a46fc,prov_co_llp_600005,2026-06-29,authorized,active,,snap_49941ce75946f286,https://www.coloradolegalregulation.com/wp-content/uploads/PDF/LLP/Admitted%20LLP%20Roster.pdf,2026-06-29T23:16:12.887720+0000,0.1.0
evt_ba921bca8720551e0bd03132,prov_az_abs_b20459376972,2026-06-29,authorized,active,,snap_9f99d17bf219186a,https://www.azcourts.gov/cld/Alternative-Business-Structure/Directory,2026-06-29T02:04:20.369320+0000,0.1.0
evt_bac9e2c82f9add66d679fb38,prov_mn_lp_1031,2026-06-29,authorized,active,,snap_65dee7a93a241e8f,https://mncourts.gov/_media/migration/appellate/supreme-court/Roster-of-Approved-Legal-Paraprofessionals.pdf,2026-06-29T23:48:06.975920+0000,0.1.0
evt_bb23fc252410012c7e44f7a9,prov_co_llp_600111,2026-06-29,authorized,active,,snap_49941ce75946f286,https://www.coloradolegalregulation.com/wp-content/uploads/PDF/LLP/Admitted%20LLP%20Roster.pdf,2026-06-29T23:16:12.887720+0000,0.1.0
evt_bb55d0806173e9455f1fc129,prov_az_abs_1e103fc20651,2024-11-08,authorized,active,,snap_a6e3d292014fceaf,https://www.azcourts.gov/cld/Alternative-Business-Structure/Directory,2024-11-08T20:22:47.000000+0000,wayback-0.1.0
evt_bb898e81ea6accff1efd01f9,prov_az_abs_d15f0a7cc38d,2026-06-29,authorized,active,,snap_9f99d17bf219186a,https://www.azcourts.gov/cld/Alternative-Business-Structure/Directory,2026-06-29T02:04:20.369320+0000,0.1.0
evt_bbe8095be07003bd9297a803,prov_ut_lpp_42969809ee38,2026-06-29,authorized,active,,snap_9b77f407c9783028,https://www.licensedlawyer.org/cv/cgi-bin/memberdll.dll/CustomList?WHP=lawyers_header.htm&WBP=lawyers_list.htm&SQLNAME=GETDIRSEARCH&SRCHOPT=I%7cPOLITICALPARTY%7cLPPActive%7c%3d%5eI%7cCHAPTERID%7cUT-BAR%7c%3d&SORTOPT=LASTNAME&GETCOUNT=0&GETSIM=0&RANGE=1%2f10&WEM=search_error.htm,2026-06-29T14:43:26.821674+0000,0.1.0
evt_bc984dbf799492e08725af31,prov_ut_sandbox_1f989306f2ab,2025-06-12,authorized,exited,,snap_9722e7151b04a806,https://utahinnovationoffice.org/authorized-entities/,2025-06-12T21:17:13.000000+0000,wayback-0.1.0
evt_bcda45f92d5809c8617dd59c,prov_co_llp_600002,2026-06-29,authorized,active,,snap_49941ce75946f286,https://www.coloradolegalregulation.com/wp-content/uploads/PDF/LLP/Admitted%20LLP%20Roster.pdf,2026-06-29T23:16:12.887720+0000,0.1.0
evt_bd7df78a1f0665c73e4cbc6b,prov_mn_lp_1019,2026-06-29,authorized,active,,snap_65dee7a93a241e8f,https://mncourts.gov/_media/migration/appellate/supreme-court/Roster-of-Approved-Legal-Paraprofessionals.pdf,2026-06-29T23:48:06.975920+0000,0.1.0
evt_be4620325e36c965eefb1408,prov_az_abs_d16aab67e179,2026-06-29,authorized,active,,snap_9f99d17bf219186a,https://www.azcourts.gov/cld/Alternative-Business-Structure/Directory,2026-06-29T02:04:20.369320+0000,0.1.0
evt_be65072cd0d28b938d1e793b,prov_ut_sandbox_a95f14976934,2025-06-12,authorized,exited,,snap_9722e7151b04a806,https://utahinnovationoffice.org/authorized-entities/,2025-06-12T21:17:13.000000+0000,wayback-0.1.0
evt_bed58fdf4da5ef051b661bb9,prov_az_abs_bd93a62c64dd,2024-11-08,authorized,active,,snap_a6e3d292014fceaf,https://www.azcourts.gov/cld/Alternative-Business-Structure/Directory,2024-11-08T20:22:47.000000+0000,wayback-0.1.0
evt_bf32f9fb9d1a4f47e1191661,prov_ut_sandbox_f353e67bbad4,2025-06-12,authorized,exited,,snap_9722e7151b04a806,https://utahinnovationoffice.org/authorized-entities/,2025-06-12T21:17:13.000000+0000,wayback-0.1.0
evt_bfaf36b73d0f7f904d2e6fae,prov_mn_lp_1039,2026-06-29,authorized,active,,snap_65dee7a93a241e8f,https://mncourts.gov/_media/migration/appellate/supreme-court/Roster-of-Approved-Legal-Paraprofessionals.pdf,2026-06-29T23:48:06.975920+0000,0.1.0
evt_c036bf7f1cd839ebb7d82eac,prov_az_abs_9e337fc005a3,2024-11-08,authorized,active,,snap_a6e3d292014fceaf,https://www.azcourts.gov/cld/Alternative-Business-Structure/Directory,2024-11-08T20:22:47.000000+0000,wayback-0.1.0
evt_c048d43c1a65df9301357535,prov_az_abs_0fd6e02a4a51,2026-06-29,authorized,exited,,snap_9f99d17bf219186a,https://www.azcourts.gov/cld/Alternative-Business-Structure/Directory,2026-06-29T02:04:20.369320+0000,0.1.0
evt_c060c997a50771e53a3fb6d1,prov_co_llp_600066,2026-06-29,authorized,active,,snap_49941ce75946f286,https://www.coloradolegalregulation.com/wp-content/uploads/PDF/LLP/Admitted%20LLP%20Roster.pdf,2026-06-29T23:16:12.887720+0000,0.1.0
evt_c0c6899b53cd29426aa44500,prov_az_lp_9a89a47967ce,2026-06-29,authorized,active,,snap_26827600c4012050,https://www.azcourts.gov/cld/Legal-Paraprofessional/Directory,2026-06-29T14:08:10.694860+0000,0.1.0
evt_c148ba569ae828dbca4dfaf7,prov_az_lp_70dc0d1ad492,2026-07-19,status_change,unknown,active → unknown,snap_642532999d024c19,https://www.azcourts.gov/cld/Legal-Paraprofessional/Directory,2026-07-19T23:25:45.013674+0000,0.1.0
evt_c15f91dabf498bca9a3b714b,prov_mn_lp_1017,2026-06-29,authorized,active,,snap_65dee7a93a241e8f,https://mncourts.gov/_media/migration/appellate/supreme-court/Roster-of-Approved-Legal-Paraprofessionals.pdf,2026-06-29T23:48:06.975920+0000,0.1.0
evt_c17e3196196aeadaa3b160ae,prov_mn_lp_1040,2026-06-29,authorized,active,,snap_65dee7a93a241e8f,https://mncourts.gov/_media/migration/appellate/supreme-court/Roster-of-Approved-Legal-Paraprofessionals.pdf,2026-06-29T23:48:06.975920+0000,0.1.0
evt_c19ca3918ad49b50d4066f37,prov_az_lp_327772a3ac8d,2026-06-29,authorized,active,,snap_26827600c4012050,https://www.azcourts.gov/cld/Legal-Paraprofessional/Directory,2026-06-29T14:08:10.694860+0000,0.1.0
evt_c2061d01b1f912e9a867b925,prov_ut_sandbox_131b7891d0f3,2025-06-12,authorized,exited,,snap_9722e7151b04a806,https://utahinnovationoffice.org/authorized-entities/,2025-06-12T21:17:13.000000+0000,wayback-0.1.0
evt_c21fb4afd39a337d16ff057e,prov_az_abs_42977a1e1354,2024-11-08,authorized,active,,snap_a6e3d292014fceaf,https://www.azcourts.gov/cld/Alternative-Business-Structure/Directory,2024-11-08T20:22:47.000000+0000,wayback-0.1.0
evt_c222a01fdb825826e71fb30d,prov_ut_sandbox_175c4c968b45,2025-06-12,authorized,exited,,snap_9722e7151b04a806,https://utahinnovationoffice.org/authorized-entities/,2025-06-12T21:17:13.000000+0000,wayback-0.1.0
evt_c246760f96273bbb1c9ec93f,prov_az_lp_4567d383ac4e,2026-06-29,authorized,active,,snap_26827600c4012050,https://www.azcourts.gov/cld/Legal-Paraprofessional/Directory,2026-06-29T14:08:10.694860+0000,0.1.0
evt_c2f99d77871e0c27277bcd2f,prov_az_lp_7df8da34a3ac,2026-06-29,authorized,exited,,snap_26827600c4012050,https://www.azcourts.gov/cld/Legal-Paraprofessional/Directory,2026-06-29T14:08:10.694860+0000,0.1.0
evt_c3107f0a1aae434e75d65a5c,prov_co_llp_600118,2026-06-29,authorized,active,,snap_49941ce75946f286,https://www.coloradolegalregulation.com/wp-content/uploads/PDF/LLP/Admitted%20LLP%20Roster.pdf,2026-06-29T23:16:12.887720+0000,0.1.0
evt_c36d59223053507dc5d9cb95,prov_az_abs_9847afa96cf3,2026-06-29,authorized,active,,snap_9f99d17bf219186a,https://www.azcourts.gov/cld/Alternative-Business-Structure/Directory,2026-06-29T02:04:20.369320+0000,0.1.0
evt_c4317d64754ab2f09dedbf10,prov_az_lp_6bfe9cb7df2c,2026-06-29,authorized,active,,snap_26827600c4012050,https://www.azcourts.gov/cld/Legal-Paraprofessional/Directory,2026-06-29T14:08:10.694860+0000,0.1.0
evt_c55cc8bc8265b4258f6903ea,prov_wa_lllt_142,2026-06-30,authorized,unknown,,snap_c700fb20a472580a,https://www.mywsba.org/PersonifyEbusiness/LegalDirectory.aspx?ShowSearchResults=TRUE&LicenseType=LLLT,2026-06-30T00:18:15.570648+0000,0.1.0
evt_c5726177ba0a106069aaaca2,prov_ut_sandbox_7ce6f4817855,2025-06-12,authorized,exited,,snap_9722e7151b04a806,https://utahinnovationoffice.org/authorized-entities/,2025-06-12T21:17:13.000000+0000,wayback-0.1.0
evt_c5f5312300ebd4ec642914a8,prov_wa_lllt_156,2026-06-30,authorized,active,,snap_c700fb20a472580a,https://www.mywsba.org/PersonifyEbusiness/LegalDirectory.aspx?ShowSearchResults=TRUE&LicenseType=LLLT,2026-06-30T00:18:15.570648+0000,0.1.0
evt_c64fdd23accac1648316ae55,prov_az_lp_c6c183eb0f81,2026-06-29,authorized,active,,snap_26827600c4012050,https://www.azcourts.gov/cld/Legal-Paraprofessional/Directory,2026-06-29T14:08:10.694860+0000,0.1.0
evt_c810c204db398201d5342a9c,prov_ut_lpp_8eccbee92896,2026-06-29,authorized,active,,snap_9b77f407c9783028,https://www.licensedlawyer.org/cv/cgi-bin/memberdll.dll/CustomList?WHP=lawyers_header.htm&WBP=lawyers_list.htm&SQLNAME=GETDIRSEARCH&SRCHOPT=I%7cPOLITICALPARTY%7cLPPActive%7c%3d%5eI%7cCHAPTERID%7cUT-BAR%7c%3d&SORTOPT=LASTNAME&GETCOUNT=0&GETSIM=0&RANGE=1%2f10&WEM=search_error.htm,2026-06-29T14:43:26.821674+0000,0.1.0
evt_c82fe31958643ed1cd1fb86b,prov_az_abs_c5c37a6124ae,2024-11-08,authorized,active,,snap_a6e3d292014fceaf,https://www.azcourts.gov/cld/Alternative-Business-Structure/Directory,2024-11-08T20:22:47.000000+0000,wayback-0.1.0
evt_c88c2e67c93a962e137f8713,prov_wa_lllt_163,2026-06-30,authorized,unknown,,snap_c700fb20a472580a,https://www.mywsba.org/PersonifyEbusiness/LegalDirectory.aspx?ShowSearchResults=TRUE&LicenseType=LLLT,2026-06-30T00:18:15.570648+0000,0.1.0
evt_c8a4caccb7c0479c9712175e,prov_co_llp_600051,2026-06-29,authorized,active,,snap_49941ce75946f286,https://www.coloradolegalregulation.com/wp-content/uploads/PDF/LLP/Admitted%20LLP%20Roster.pdf,2026-06-29T23:16:12.887720+0000,0.1.0
evt_c90546c3c162aca63c530bfd,prov_az_abs_76d65d09af26,2026-06-29,authorized,active,,snap_9f99d17bf219186a,https://www.azcourts.gov/cld/Alternative-Business-Structure/Directory,2026-06-29T02:04:20.369320+0000,0.1.0
evt_c929a1988372b860e02f986b,prov_az_abs_249ea0913e57,2024-11-08,authorized,active,,snap_a6e3d292014fceaf,https://www.azcourts.gov/cld/Alternative-Business-Structure/Directory,2024-11-08T20:22:47.000000+0000,wayback-0.1.0
evt_c98562288e68a6c897b33e9f,prov_co_llp_600104,2026-06-29,authorized,active,,snap_49941ce75946f286,https://www.coloradolegalregulation.com/wp-content/uploads/PDF/LLP/Admitted%20LLP%20Roster.pdf,2026-06-29T23:16:12.887720+0000,0.1.0
evt_c98781d506e343f540a7e259,prov_ut_sandbox_dd975ce584bc,2025-06-12,authorized,exited,,snap_9722e7151b04a806,https://utahinnovationoffice.org/authorized-entities/,2025-06-12T21:17:13.000000+0000,wayback-0.1.0
evt_ca2070b61f6e0d52ce97b2de,prov_az_abs_f061234d8a49,2026-06-29,authorized,active,,snap_9f99d17bf219186a,https://www.azcourts.gov/cld/Alternative-Business-Structure/Directory,2026-06-29T02:04:20.369320+0000,0.1.0
evt_ca3c36551434d1ce04923bbf,prov_az_abs_6c4ef0c52466,2026-06-29,authorized,active,,snap_9f99d17bf219186a,https://www.azcourts.gov/cld/Alternative-Business-Structure/Directory,2026-06-29T02:04:20.369320+0000,0.1.0
evt_ca9874c73245897d4fee1343,prov_az_abs_2620e30fae4b,2026-06-29,authorized,active,,snap_9f99d17bf219186a,https://www.azcourts.gov/cld/Alternative-Business-Structure/Directory,2026-06-29T02:04:20.369320+0000,0.1.0
evt_cab9d562f688f686ed1e03d1,prov_az_abs_2df5ad576edd,2026-06-29,authorized,active,,snap_9f99d17bf219186a,https://www.azcourts.gov/cld/Alternative-Business-Structure/Directory,2026-06-29T02:04:20.369320+0000,0.1.0
evt_cac542990f30a191011a2da9,prov_az_abs_546a2acfec8a,2026-06-29,authorized,active,,snap_9f99d17bf219186a,https://www.azcourts.gov/cld/Alternative-Business-Structure/Directory,2026-06-29T02:04:20.369320+0000,0.1.0
evt_caedd2d65dc4cc1ea1611930,prov_az_abs_64d847ac4ed9,2024-11-08,authorized,active,,snap_a6e3d292014fceaf,https://www.azcourts.gov/cld/Alternative-Business-Structure/Directory,2024-11-08T20:22:47.000000+0000,wayback-0.1.0
evt_cb36cfa31224fb94aaa4195c,prov_wa_lllt_190,2026-06-30,authorized,unknown,,snap_c700fb20a472580a,https://www.mywsba.org/PersonifyEbusiness/LegalDirectory.aspx?ShowSearchResults=TRUE&LicenseType=LLLT,2026-06-30T00:18:15.570648+0000,0.1.0
evt_cb993551d70b33b354429ffc,prov_wa_lllt_161,2026-06-30,authorized,active,,snap_c700fb20a472580a,https://www.mywsba.org/PersonifyEbusiness/LegalDirectory.aspx?ShowSearchResults=TRUE&LicenseType=LLLT,2026-06-30T00:18:15.570648+0000,0.1.0
evt_cbdb38438056cee1bb8be27a,prov_az_abs_b72b04738f9b,2024-11-08,authorized,active,,snap_a6e3d292014fceaf,https://www.azcourts.gov/cld/Alternative-Business-Structure/Directory,2024-11-08T20:22:47.000000+0000,wayback-0.1.0
evt_cc0e86597468946b7bfaa7ea,prov_co_llp_600024,2026-06-29,authorized,active,,snap_49941ce75946f286,https://www.coloradolegalregulation.com/wp-content/uploads/PDF/LLP/Admitted%20LLP%20Roster.pdf,2026-06-29T23:16:12.887720+0000,0.1.0
evt_cc2ea7ad1fde627af66d8d00,prov_co_llp_600084,2026-06-29,authorized,active,,snap_49941ce75946f286,https://www.coloradolegalregulation.com/wp-content/uploads/PDF/LLP/Admitted%20LLP%20Roster.pdf,2026-06-29T23:16:12.887720+0000,0.1.0
evt_cc50dabe015bd475e3cf3191,prov_az_lp_a91fd2c0fdde,2026-06-29,authorized,active,,snap_26827600c4012050,https://www.azcourts.gov/cld/Legal-Paraprofessional/Directory,2026-06-29T14:08:10.694860+0000,0.1.0
evt_cc8aab68065f076446364a0d,prov_az_lp_5aa26d7d3017,2026-06-29,authorized,active,,snap_26827600c4012050,https://www.azcourts.gov/cld/Legal-Paraprofessional/Directory,2026-06-29T14:08:10.694860+0000,0.1.0
evt_ccc247ad7e72830cf3d99239,prov_az_lp_44c8cf99c53f,2026-06-29,authorized,active,,snap_26827600c4012050,https://www.azcourts.gov/cld/Legal-Paraprofessional/Directory,2026-06-29T14:08:10.694860+0000,0.1.0
evt_cd56e1bf4ef0db5583d40cb0,prov_az_abs_4de9a7e33cdf,2026-06-29,authorized,active,,snap_9f99d17bf219186a,https://www.azcourts.gov/cld/Alternative-Business-Structure/Directory,2026-06-29T02:04:20.369320+0000,0.1.0
evt_cda319d697a69e8d8a03d40b,prov_ut_sandbox_289aa5fb603f,2025-06-12,authorized,exited,,snap_9722e7151b04a806,https://utahinnovationoffice.org/authorized-entities/,2025-06-12T21:17:13.000000+0000,wayback-0.1.0
evt_cdf73481d288f3f0d96f2b42,prov_az_abs_77cd63cd0712,2024-11-08,authorized,active,,snap_a6e3d292014fceaf,https://www.azcourts.gov/cld/Alternative-Business-Structure/Directory,2024-11-08T20:22:47.000000+0000,wayback-0.1.0
evt_ce4f72b3a7ae2d45c21d2dea,prov_co_llp_600056,2026-06-29,authorized,active,,snap_49941ce75946f286,https://www.coloradolegalregulation.com/wp-content/uploads/PDF/LLP/Admitted%20LLP%20Roster.pdf,2026-06-29T23:16:12.887720+0000,0.1.0
evt_ce72b8c6c0bd77897c0178e2,prov_co_llp_600119,2026-06-29,authorized,active,,snap_49941ce75946f286,https://www.coloradolegalregulation.com/wp-content/uploads/PDF/LLP/Admitted%20LLP%20Roster.pdf,2026-06-29T23:16:12.887720+0000,0.1.0
evt_cec5249639c30ed31bdb650d,prov_az_lp_b9f17f003b50,2026-06-29,authorized,active,,snap_26827600c4012050,https://www.azcourts.gov/cld/Legal-Paraprofessional/Directory,2026-06-29T14:08:10.694860+0000,0.1.0
evt_cfa1d155714e7056b0a70b3b,prov_mn_lp_1010,2026-06-29,authorized,active,,snap_65dee7a93a241e8f,https://mncourts.gov/_media/migration/appellate/supreme-court/Roster-of-Approved-Legal-Paraprofessionals.pdf,2026-06-29T23:48:06.975920+0000,0.1.0
evt_d0dac1abaf8405253fa6987a,prov_ut_sandbox_4e5baa38cc25,2025-06-12,authorized,exited,,snap_9722e7151b04a806,https://utahinnovationoffice.org/authorized-entities/,2025-06-12T21:17:13.000000+0000,wayback-0.1.0
evt_d127034ba541af707b461934,prov_mn_lp_1037,2026-06-29,authorized,active,,snap_65dee7a93a241e8f,https://mncourts.gov/_media/migration/appellate/supreme-court/Roster-of-Approved-Legal-Paraprofessionals.pdf,2026-06-29T23:48:06.975920+0000,0.1.0
evt_d12a06adbe09e8e527aded3a,prov_co_llp_600110,2026-06-29,authorized,active,,snap_49941ce75946f286,https://www.coloradolegalregulation.com/wp-content/uploads/PDF/LLP/Admitted%20LLP%20Roster.pdf,2026-06-29T23:16:12.887720+0000,0.1.0
evt_d1ec94c74e2d1a41f0ab2941,prov_mn_lp_1034,2026-06-29,authorized,active,,snap_65dee7a93a241e8f,https://mncourts.gov/_media/migration/appellate/supreme-court/Roster-of-Approved-Legal-Paraprofessionals.pdf,2026-06-29T23:48:06.975920+0000,0.1.0
evt_d202ca2b509f5ea5b44623d9,prov_az_lp_63a87c8d2ce2,2026-06-29,authorized,active,,snap_26827600c4012050,https://www.azcourts.gov/cld/Legal-Paraprofessional/Directory,2026-06-29T14:08:10.694860+0000,0.1.0
evt_d24ac1d65d3c0055296ce007,prov_ut_sandbox_58d577ca1116,2025-06-12,authorized,exited,,snap_9722e7151b04a806,https://utahinnovationoffice.org/authorized-entities/,2025-06-12T21:17:13.000000+0000,wayback-0.1.0
evt_d26fc57d8df1184f51e86519,prov_az_abs_40fb84deee81,2024-11-08,authorized,active,,snap_a6e3d292014fceaf,https://www.azcourts.gov/cld/Alternative-Business-Structure/Directory,2024-11-08T20:22:47.000000+0000,wayback-0.1.0
evt_d297351fb905db6a49ddb943,prov_az_abs_7748ce6e45a1,2026-06-29,authorized,active,,snap_9f99d17bf219186a,https://www.azcourts.gov/cld/Alternative-Business-Structure/Directory,2026-06-29T02:04:20.369320+0000,0.1.0
evt_d36fcd2ffe6312912a6b529c,prov_wa_lllt_187,2026-06-30,authorized,active,,snap_c700fb20a472580a,https://www.mywsba.org/PersonifyEbusiness/LegalDirectory.aspx?ShowSearchResults=TRUE&LicenseType=LLLT,2026-06-30T00:18:15.570648+0000,0.1.0
evt_d38e97dd39a79cc6e743807e,prov_wa_lllt_171,2026-06-30,authorized,active,,snap_c700fb20a472580a,https://www.mywsba.org/PersonifyEbusiness/LegalDirectory.aspx?ShowSearchResults=TRUE&LicenseType=LLLT,2026-06-30T00:18:15.570648+0000,0.1.0
evt_d4201d8dd3c9aa6a039358f0,prov_co_llp_600073,2026-06-29,authorized,active,,snap_49941ce75946f286,https://www.coloradolegalregulation.com/wp-content/uploads/PDF/LLP/Admitted%20LLP%20Roster.pdf,2026-06-29T23:16:12.887720+0000,0.1.0
evt_d50b9b9116cd7729f6526eb1,prov_az_abs_d7189209d6cb,2026-06-29,authorized,active,,snap_9f99d17bf219186a,https://www.azcourts.gov/cld/Alternative-Business-Structure/Directory,2026-06-29T02:04:20.369320+0000,0.1.0
evt_d5832d87ad23d50a0faebf42,prov_az_abs_cbd5ded6da30,2026-06-29,authorized,active,,snap_9f99d17bf219186a,https://www.azcourts.gov/cld/Alternative-Business-Structure/Directory,2026-06-29T02:04:20.369320+0000,0.1.0
evt_d691d59c25199d7f37566ce9,prov_az_abs_3d22cf6701e3,2024-11-08,authorized,active,,snap_a6e3d292014fceaf,https://www.azcourts.gov/cld/Alternative-Business-Structure/Directory,2024-11-08T20:22:47.000000+0000,wayback-0.1.0
evt_d708448c48ca50a46d4f9364,prov_az_abs_45fe3c8ce2c1,2024-11-08,authorized,active,,snap_a6e3d292014fceaf,https://www.azcourts.gov/cld/Alternative-Business-Structure/Directory,2024-11-08T20:22:47.000000+0000,wayback-0.1.0
evt_d77134ea00396f7a4a63c758,prov_ut_sandbox_e0e3ee94205d,2025-06-12,authorized,exited,,snap_9722e7151b04a806,https://utahinnovationoffice.org/authorized-entities/,2025-06-12T21:17:13.000000+0000,wayback-0.1.0
evt_d7a91216ad8513fbb32a5a16,prov_mn_lp_1035,2026-06-29,authorized,active,,snap_65dee7a93a241e8f,https://mncourts.gov/_media/migration/appellate/supreme-court/Roster-of-Approved-Legal-Paraprofessionals.pdf,2026-06-29T23:48:06.975920+0000,0.1.0
evt_d7b810af2c6690804b98ba59,prov_mn_lp_1011,2026-06-29,authorized,active,,snap_65dee7a93a241e8f,https://mncourts.gov/_media/migration/appellate/supreme-court/Roster-of-Approved-Legal-Paraprofessionals.pdf,2026-06-29T23:48:06.975920+0000,0.1.0
evt_d800d0b8ffc80e91facfb516,prov_ut_lpp_f24579f66574,2026-06-29,authorized,active,,snap_9b77f407c9783028,https://www.licensedlawyer.org/cv/cgi-bin/memberdll.dll/CustomList?WHP=lawyers_header.htm&WBP=lawyers_list.htm&SQLNAME=GETDIRSEARCH&SRCHOPT=I%7cPOLITICALPARTY%7cLPPActive%7c%3d%5eI%7cCHAPTERID%7cUT-BAR%7c%3d&SORTOPT=LASTNAME&GETCOUNT=0&GETSIM=0&RANGE=1%2f10&WEM=search_error.htm,2026-06-29T14:43:26.821674+0000,0.1.0
evt_d8515f8823d44b8306aeecb6,prov_ut_lpp_2631a13fa6b6,2026-06-29,authorized,active,,snap_9b77f407c9783028,https://www.licensedlawyer.org/cv/cgi-bin/memberdll.dll/CustomList?WHP=lawyers_header.htm&WBP=lawyers_list.htm&SQLNAME=GETDIRSEARCH&SRCHOPT=I%7cPOLITICALPARTY%7cLPPActive%7c%3d%5eI%7cCHAPTERID%7cUT-BAR%7c%3d&SORTOPT=LASTNAME&GETCOUNT=0&GETSIM=0&RANGE=1%2f10&WEM=search_error.htm,2026-06-29T14:43:26.821674+0000,0.1.0
evt_d8d3b9f9c050d5d1b8c70505,prov_ut_sandbox_74cad7763914,2025-06-12,authorized,active,,snap_9722e7151b04a806,https://utahinnovationoffice.org/authorized-entities/,2025-06-12T21:17:13.000000+0000,wayback-0.1.0
evt_d8ffa77b0633e7a15ce73fba,prov_co_llp_600071,2026-06-29,authorized,active,,snap_49941ce75946f286,https://www.coloradolegalregulation.com/wp-content/uploads/PDF/LLP/Admitted%20LLP%20Roster.pdf,2026-06-29T23:16:12.887720+0000,0.1.0
evt_d9238cfdb88e106bc8c469b5,prov_mn_lp_1025,2026-06-29,authorized,active,,snap_65dee7a93a241e8f,https://mncourts.gov/_media/migration/appellate/supreme-court/Roster-of-Approved-Legal-Paraprofessionals.pdf,2026-06-29T23:48:06.975920+0000,0.1.0
evt_d93169bbcc19a35d157f2f13,prov_az_abs_d0d4cc232bee,2024-11-08,authorized,active,,snap_a6e3d292014fceaf,https://www.azcourts.gov/cld/Alternative-Business-Structure/Directory,2024-11-08T20:22:47.000000+0000,wayback-0.1.0
evt_d9bac7c519d2d7846a05e8f0,prov_wa_lllt_110,2026-06-30,authorized,active,,snap_c700fb20a472580a,https://www.mywsba.org/PersonifyEbusiness/LegalDirectory.aspx?ShowSearchResults=TRUE&LicenseType=LLLT,2026-06-30T00:18:15.570648+0000,0.1.0
evt_d9cd2ac934c79714e0f9c7c5,prov_co_llp_600090,2026-06-29,authorized,active,,snap_49941ce75946f286,https://www.coloradolegalregulation.com/wp-content/uploads/PDF/LLP/Admitted%20LLP%20Roster.pdf,2026-06-29T23:16:12.887720+0000,0.1.0
evt_d9f1822feda4455b1d814f58,prov_az_abs_ebac884a5dfd,2024-11-08,authorized,active,,snap_a6e3d292014fceaf,https://www.azcourts.gov/cld/Alternative-Business-Structure/Directory,2024-11-08T20:22:47.000000+0000,wayback-0.1.0
evt_d9f814601c60c7260b906bf0,prov_ut_sandbox_e62b076f4049,2025-06-12,authorized,exited,,snap_9722e7151b04a806,https://utahinnovationoffice.org/authorized-entities/,2025-06-12T21:17:13.000000+0000,wayback-0.1.0
evt_da01a83c8f496d2c4706a1df,prov_ut_sandbox_5646be88fcf4,2025-06-12,authorized,exited,,snap_9722e7151b04a806,https://utahinnovationoffice.org/authorized-entities/,2025-06-12T21:17:13.000000+0000,wayback-0.1.0
evt_da53cb097c4780e3d6a6c555,prov_az_abs_17ff8e98d163,2024-11-08,authorized,active,,snap_a6e3d292014fceaf,https://www.azcourts.gov/cld/Alternative-Business-Structure/Directory,2024-11-08T20:22:47.000000+0000,wayback-0.1.0
evt_da6f03e539a73f56f0760518,prov_az_abs_692d0304e695,2026-06-29,authorized,active,,snap_9f99d17bf219186a,https://www.azcourts.gov/cld/Alternative-Business-Structure/Directory,2026-06-29T02:04:20.369320+0000,0.1.0
evt_dac8fb5190f7d3af7d9551a3,prov_az_abs_902964af74ba,2024-11-08,authorized,active,,snap_a6e3d292014fceaf,https://www.azcourts.gov/cld/Alternative-Business-Structure/Directory,2024-11-08T20:22:47.000000+0000,wayback-0.1.0
evt_db3bcec7b17b2e05f6be73a8,prov_az_lp_d50b42dbbdec,2026-06-29,authorized,active,,snap_26827600c4012050,https://www.azcourts.gov/cld/Legal-Paraprofessional/Directory,2026-06-29T14:08:10.694860+0000,0.1.0
evt_db718d60ad5c9c5222310d4b,prov_az_lp_5308e29e562a,2026-06-29,authorized,active,,snap_26827600c4012050,https://www.azcourts.gov/cld/Legal-Paraprofessional/Directory,2026-06-29T14:08:10.694860+0000,0.1.0
evt_db8343b911d625b1d7a05e7b,prov_mn_lp_1020,2026-06-29,authorized,active,,snap_65dee7a93a241e8f,https://mncourts.gov/_media/migration/appellate/supreme-court/Roster-of-Approved-Legal-Paraprofessionals.pdf,2026-06-29T23:48:06.975920+0000,0.1.0
evt_dc2779949b7bb303e66f0e7a,prov_co_llp_600123,2026-06-29,authorized,active,,snap_49941ce75946f286,https://www.coloradolegalregulation.com/wp-content/uploads/PDF/LLP/Admitted%20LLP%20Roster.pdf,2026-06-29T23:16:12.887720+0000,0.1.0
evt_dd2e69413909577dfcaeb3db,prov_mn_lp_1036,2026-06-29,authorized,active,,snap_65dee7a93a241e8f,https://mncourts.gov/_media/migration/appellate/supreme-court/Roster-of-Approved-Legal-Paraprofessionals.pdf,2026-06-29T23:48:06.975920+0000,0.1.0
evt_dd3dbe17676041ec22ca945d,prov_az_lp_65030d772724,2026-07-19,disappeared_from_roster,exited,,snap_642532999d024c19,https://www.azcourts.gov/cld/Legal-Paraprofessional/Directory,2026-07-19T23:25:45.013674+0000,0.1.0
evt_ddd0a98123e279454220bb80,prov_az_abs_33ccd4c862db,2026-06-29,disappeared_from_roster,exited,,snap_9f99d17bf219186a,https://www.azcourts.gov/cld/Alternative-Business-Structure/Directory,2026-06-29T02:04:20.369320+0000,0.1.0
evt_de1544d76c50430375668932,prov_co_llp_600075,2026-06-29,authorized,active,,snap_49941ce75946f286,https://www.coloradolegalregulation.com/wp-content/uploads/PDF/LLP/Admitted%20LLP%20Roster.pdf,2026-06-29T23:16:12.887720+0000,0.1.0
evt_de520246f08362aabb5cce3f,prov_wa_lllt_138,2026-06-30,authorized,suspended,,snap_c700fb20a472580a,https://www.mywsba.org/PersonifyEbusiness/LegalDirectory.aspx?ShowSearchResults=TRUE&LicenseType=LLLT,2026-06-30T00:18:15.570648+0000,0.1.0
evt_de5ebf76a4a45eac37f3c593,prov_ut_sandbox_9712d1735ff9,2025-06-12,authorized,active,,snap_9722e7151b04a806,https://utahinnovationoffice.org/authorized-entities/,2025-06-12T21:17:13.000000+0000,wayback-0.1.0
evt_deec2174db1a07feb8ef7f02,prov_az_abs_d78b8369e600,2026-06-29,authorized,active,,snap_9f99d17bf219186a,https://www.azcourts.gov/cld/Alternative-Business-Structure/Directory,2026-06-29T02:04:20.369320+0000,0.1.0
evt_e04e6b546982ef20ceff7775,prov_az_abs_48fb15a0c0f9,2024-11-08,authorized,active,,snap_a6e3d292014fceaf,https://www.azcourts.gov/cld/Alternative-Business-Structure/Directory,2024-11-08T20:22:47.000000+0000,wayback-0.1.0
evt_e05a743ebf5d2663f5694e89,prov_co_llp_600117,2026-06-29,authorized,active,,snap_49941ce75946f286,https://www.coloradolegalregulation.com/wp-content/uploads/PDF/LLP/Admitted%20LLP%20Roster.pdf,2026-06-29T23:16:12.887720+0000,0.1.0
evt_e107e22893a1193bd4c9aef4,prov_az_lp_5e69805f0769,2026-06-29,authorized,active,,snap_26827600c4012050,https://www.azcourts.gov/cld/Legal-Paraprofessional/Directory,2026-06-29T14:08:10.694860+0000,0.1.0
evt_e174c9605d219204f69087bf,prov_co_llp_600080,2026-06-29,authorized,active,,snap_49941ce75946f286,https://www.coloradolegalregulation.com/wp-content/uploads/PDF/LLP/Admitted%20LLP%20Roster.pdf,2026-06-29T23:16:12.887720+0000,0.1.0
evt_e206ad915fba6962fa78657b,prov_az_abs_b9a289ba6301,2024-11-08,authorized,active,,snap_a6e3d292014fceaf,https://www.azcourts.gov/cld/Alternative-Business-Structure/Directory,2024-11-08T20:22:47.000000+0000,wayback-0.1.0
evt_e25e3db04db59db9c7ac8352,prov_az_abs_f029c1429147,2026-06-29,authorized,active,,snap_9f99d17bf219186a,https://www.azcourts.gov/cld/Alternative-Business-Structure/Directory,2026-06-29T02:04:20.369320+0000,0.1.0
evt_e29a6e6171f3d931266520b4,prov_az_lp_08dbf9af4346,2026-06-29,authorized,active,,snap_26827600c4012050,https://www.azcourts.gov/cld/Legal-Paraprofessional/Directory,2026-06-29T14:08:10.694860+0000,0.1.0
evt_e29e0de705bdcd5ccdc73aa0,prov_ut_lpp_4975a0b920ee,2026-06-29,authorized,active,,snap_9b77f407c9783028,https://www.licensedlawyer.org/cv/cgi-bin/memberdll.dll/CustomList?WHP=lawyers_header.htm&WBP=lawyers_list.htm&SQLNAME=GETDIRSEARCH&SRCHOPT=I%7cPOLITICALPARTY%7cLPPActive%7c%3d%5eI%7cCHAPTERID%7cUT-BAR%7c%3d&SORTOPT=LASTNAME&GETCOUNT=0&GETSIM=0&RANGE=1%2f10&WEM=search_error.htm,2026-06-29T14:43:26.821674+0000,0.1.0
evt_e2e61564b3e46e1d43b54764,prov_az_abs_49dc4a4a32a6,2026-06-29,authorized,active,,snap_9f99d17bf219186a,https://www.azcourts.gov/cld/Alternative-Business-Structure/Directory,2026-06-29T02:04:20.369320+0000,0.1.0
evt_e3533d3a31f9d5c3d8fa3aa3,prov_co_llp_600007,2026-06-29,authorized,active,,snap_49941ce75946f286,https://www.coloradolegalregulation.com/wp-content/uploads/PDF/LLP/Admitted%20LLP%20Roster.pdf,2026-06-29T23:16:12.887720+0000,0.1.0
evt_e3731f8870fc6aed942a09a3,prov_ut_lpp_82135d9d2b9c,2026-06-29,authorized,active,,snap_9b77f407c9783028,https://www.licensedlawyer.org/cv/cgi-bin/memberdll.dll/CustomList?WHP=lawyers_header.htm&WBP=lawyers_list.htm&SQLNAME=GETDIRSEARCH&SRCHOPT=I%7cPOLITICALPARTY%7cLPPActive%7c%3d%5eI%7cCHAPTERID%7cUT-BAR%7c%3d&SORTOPT=LASTNAME&GETCOUNT=0&GETSIM=0&RANGE=1%2f10&WEM=search_error.htm,2026-06-29T14:43:26.821674+0000,0.1.0
evt_e3e031197e8f465e2f2180e0,prov_mn_lp_1027,2026-06-29,authorized,active,,snap_65dee7a93a241e8f,https://mncourts.gov/_media/migration/appellate/supreme-court/Roster-of-Approved-Legal-Paraprofessionals.pdf,2026-06-29T23:48:06.975920+0000,0.1.0
evt_e4b2329af28e8f24de5093fd,prov_az_lp_20d4df85670e,2026-06-29,authorized,active,,snap_26827600c4012050,https://www.azcourts.gov/cld/Legal-Paraprofessional/Directory,2026-06-29T14:08:10.694860+0000,0.1.0
evt_e57650552a282d582c9ebcbd,prov_az_lp_67964209f664,2026-06-29,authorized,active,,snap_26827600c4012050,https://www.azcourts.gov/cld/Legal-Paraprofessional/Directory,2026-06-29T14:08:10.694860+0000,0.1.0
evt_e58ee49e9ca6a20a2f97d5ba,prov_co_llp_600078,2026-06-29,authorized,active,,snap_49941ce75946f286,https://www.coloradolegalregulation.com/wp-content/uploads/PDF/LLP/Admitted%20LLP%20Roster.pdf,2026-06-29T23:16:12.887720+0000,0.1.0
evt_e6cfadaaf7096987bb0f3088,prov_az_abs_eb0dd4ad2df5,2024-11-08,authorized,active,,snap_a6e3d292014fceaf,https://www.azcourts.gov/cld/Alternative-Business-Structure/Directory,2024-11-08T20:22:47.000000+0000,wayback-0.1.0
evt_e6e9e753f50804632c1203d4,prov_wa_lllt_151,2026-06-30,authorized,active,,snap_c700fb20a472580a,https://www.mywsba.org/PersonifyEbusiness/LegalDirectory.aspx?ShowSearchResults=TRUE&LicenseType=LLLT,2026-06-30T00:18:15.570648+0000,0.1.0
evt_e701cc0d6adaa74ea48ac327,prov_az_lp_3d4050959801,2026-06-29,authorized,active,,snap_26827600c4012050,https://www.azcourts.gov/cld/Legal-Paraprofessional/Directory,2026-06-29T14:08:10.694860+0000,0.1.0
evt_e77a54b84a03ed86140b5c1d,prov_az_lp_67c570690217,2026-06-29,authorized,active,,snap_26827600c4012050,https://www.azcourts.gov/cld/Legal-Paraprofessional/Directory,2026-06-29T14:08:10.694860+0000,0.1.0
evt_e7c4ce9a5eb5662e9e7f475d,prov_az_abs_785f1d3e2195,2024-11-08,authorized,active,,snap_a6e3d292014fceaf,https://www.azcourts.gov/cld/Alternative-Business-Structure/Directory,2024-11-08T20:22:47.000000+0000,wayback-0.1.0
evt_e7dc37125315ce66bafeef2d,prov_az_abs_b12704b43e51,2024-11-08,authorized,active,,snap_a6e3d292014fceaf,https://www.azcourts.gov/cld/Alternative-Business-Structure/Directory,2024-11-08T20:22:47.000000+0000,wayback-0.1.0
evt_e8170cd7492d397aba9e6527,prov_ut_lpp_9a7ea9b9f47e,2026-06-29,authorized,active,,snap_9b77f407c9783028,https://www.licensedlawyer.org/cv/cgi-bin/memberdll.dll/CustomList?WHP=lawyers_header.htm&WBP=lawyers_list.htm&SQLNAME=GETDIRSEARCH&SRCHOPT=I%7cPOLITICALPARTY%7cLPPActive%7c%3d%5eI%7cCHAPTERID%7cUT-BAR%7c%3d&SORTOPT=LASTNAME&GETCOUNT=0&GETSIM=0&RANGE=1%2f10&WEM=search_error.htm,2026-06-29T14:43:26.821674+0000,0.1.0
evt_e86c58f5ed77a009ba32d9a7,prov_ut_lpp_2e6d610c2385,2026-06-29,authorized,active,,snap_9b77f407c9783028,https://www.licensedlawyer.org/cv/cgi-bin/memberdll.dll/CustomList?WHP=lawyers_header.htm&WBP=lawyers_list.htm&SQLNAME=GETDIRSEARCH&SRCHOPT=I%7cPOLITICALPARTY%7cLPPActive%7c%3d%5eI%7cCHAPTERID%7cUT-BAR%7c%3d&SORTOPT=LASTNAME&GETCOUNT=0&GETSIM=0&RANGE=1%2f10&WEM=search_error.htm,2026-06-29T14:43:26.821674+0000,0.1.0
evt_e938ce518c38b48c20e494bd,prov_az_lp_4b23af55bd1c,2026-07-19,authorized,active,,snap_642532999d024c19,https://www.azcourts.gov/cld/Legal-Paraprofessional/Directory,2026-07-19T23:25:45.013674+0000,0.1.0
evt_e93dcbbb2dc8a014f099693e,prov_az_abs_0d9f54b7de28,2026-06-29,authorized,active,,snap_9f99d17bf219186a,https://www.azcourts.gov/cld/Alternative-Business-Structure/Directory,2026-06-29T02:04:20.369320+0000,0.1.0
evt_e954fd57ad39b213a708b60f,prov_co_llp_600062,2026-06-29,authorized,active,,snap_49941ce75946f286,https://www.coloradolegalregulation.com/wp-content/uploads/PDF/LLP/Admitted%20LLP%20Roster.pdf,2026-06-29T23:16:12.887720+0000,0.1.0
evt_e9775b95891873935e35280f,prov_co_llp_600114,2026-06-29,authorized,active,,snap_49941ce75946f286,https://www.coloradolegalregulation.com/wp-content/uploads/PDF/LLP/Admitted%20LLP%20Roster.pdf,2026-06-29T23:16:12.887720+0000,0.1.0
evt_e989c0b0b0f705a0d8fd0e14,prov_az_abs_b01a48b127fe,2026-06-29,authorized,active,,snap_9f99d17bf219186a,https://www.azcourts.gov/cld/Alternative-Business-Structure/Directory,2026-06-29T02:04:20.369320+0000,0.1.0
evt_ea4e8dde514565fc0b0c9656,prov_ut_sandbox_e955a0470c18,2025-06-12,authorized,exited,,snap_9722e7151b04a806,https://utahinnovationoffice.org/authorized-entities/,2025-06-12T21:17:13.000000+0000,wayback-0.1.0
evt_eadadf3b701db69ba76ece01,prov_mn_lp_1004,2026-06-29,authorized,active,,snap_65dee7a93a241e8f,https://mncourts.gov/_media/migration/appellate/supreme-court/Roster-of-Approved-Legal-Paraprofessionals.pdf,2026-06-29T23:48:06.975920+0000,0.1.0
evt_eb2426a4b7b996d85e94517b,prov_az_abs_7ac32db28cc8,2026-06-29,authorized,active,,snap_9f99d17bf219186a,https://www.azcourts.gov/cld/Alternative-Business-Structure/Directory,2026-06-29T02:04:20.369320+0000,0.1.0
evt_ebbc9601dcaecb7884c62813,prov_az_abs_37a21a6a0663,2024-11-08,authorized,active,,snap_a6e3d292014fceaf,https://www.azcourts.gov/cld/Alternative-Business-Structure/Directory,2024-11-08T20:22:47.000000+0000,wayback-0.1.0
evt_ec19519c6b5ce1297e2817a4,prov_ut_lpp_292bcd645ebc,2026-06-29,authorized,active,,snap_9b77f407c9783028,https://www.licensedlawyer.org/cv/cgi-bin/memberdll.dll/CustomList?WHP=lawyers_header.htm&WBP=lawyers_list.htm&SQLNAME=GETDIRSEARCH&SRCHOPT=I%7cPOLITICALPARTY%7cLPPActive%7c%3d%5eI%7cCHAPTERID%7cUT-BAR%7c%3d&SORTOPT=LASTNAME&GETCOUNT=0&GETSIM=0&RANGE=1%2f10&WEM=search_error.htm,2026-06-29T14:43:26.821674+0000,0.1.0
evt_ec6fcec85c816e8403942ee0,prov_az_lp_59fca211f451,2026-06-29,authorized,active,,snap_26827600c4012050,https://www.azcourts.gov/cld/Legal-Paraprofessional/Directory,2026-06-29T14:08:10.694860+0000,0.1.0
evt_ec95ea83c7922ec5c911afc1,prov_ut_lpp_01636ff8044c,2026-06-29,authorized,active,,snap_9b77f407c9783028,https://www.licensedlawyer.org/cv/cgi-bin/memberdll.dll/CustomList?WHP=lawyers_header.htm&WBP=lawyers_list.htm&SQLNAME=GETDIRSEARCH&SRCHOPT=I%7cPOLITICALPARTY%7cLPPActive%7c%3d%5eI%7cCHAPTERID%7cUT-BAR%7c%3d&SORTOPT=LASTNAME&GETCOUNT=0&GETSIM=0&RANGE=1%2f10&WEM=search_error.htm,2026-06-29T14:43:26.821674+0000,0.1.0
evt_ed069eb6622c7717282fe959,prov_az_abs_a6a202140637,2024-11-08,authorized,active,,snap_a6e3d292014fceaf,https://www.azcourts.gov/cld/Alternative-Business-Structure/Directory,2024-11-08T20:22:47.000000+0000,wayback-0.1.0
evt_ed2c486911b7d55a42d00e9d,prov_az_abs_6e35154ed2dd,2026-06-29,authorized,active,,snap_9f99d17bf219186a,https://www.azcourts.gov/cld/Alternative-Business-Structure/Directory,2026-06-29T02:04:20.369320+0000,0.1.0
evt_edf8d89f748b22567ef9c82b,prov_az_abs_2696d9571a7d,2026-06-29,authorized,active,,snap_9f99d17bf219186a,https://www.azcourts.gov/cld/Alternative-Business-Structure/Directory,2026-06-29T02:04:20.369320+0000,0.1.0
evt_eeb0bb314361d1cb62bb8faf,prov_co_llp_600020,2026-06-29,authorized,active,,snap_49941ce75946f286,https://www.coloradolegalregulation.com/wp-content/uploads/PDF/LLP/Admitted%20LLP%20Roster.pdf,2026-06-29T23:16:12.887720+0000,0.1.0
evt_eed9b889d31e3824866cb95f,prov_mn_lp_1042,2026-06-29,authorized,active,,snap_65dee7a93a241e8f,https://mncourts.gov/_media/migration/appellate/supreme-court/Roster-of-Approved-Legal-Paraprofessionals.pdf,2026-06-29T23:48:06.975920+0000,0.1.0
evt_f1108ad34d8b67e518a2db28,prov_co_llp_600113,2026-06-29,authorized,active,,snap_49941ce75946f286,https://www.coloradolegalregulation.com/wp-content/uploads/PDF/LLP/Admitted%20LLP%20Roster.pdf,2026-06-29T23:16:12.887720+0000,0.1.0
evt_f13850cb10fa50960cc0ea5b,prov_wa_lllt_160,2026-06-30,authorized,active,,snap_c700fb20a472580a,https://www.mywsba.org/PersonifyEbusiness/LegalDirectory.aspx?ShowSearchResults=TRUE&LicenseType=LLLT,2026-06-30T00:18:15.570648+0000,0.1.0
evt_f1b1567f617356ea6a34decd,prov_az_lp_b8221601704f,2026-07-19,authorized,active,,snap_642532999d024c19,https://www.azcourts.gov/cld/Legal-Paraprofessional/Directory,2026-07-19T23:25:45.013674+0000,0.1.0
evt_f1fe0224cafd194d316cddfc,prov_ut_sandbox_8f19ba4d971d,2025-06-12,authorized,exited,,snap_9722e7151b04a806,https://utahinnovationoffice.org/authorized-entities/,2025-06-12T21:17:13.000000+0000,wayback-0.1.0
evt_f202fd09e11f31ce6c57d3cd,prov_co_llp_600106,2026-06-29,authorized,active,,snap_49941ce75946f286,https://www.coloradolegalregulation.com/wp-content/uploads/PDF/LLP/Admitted%20LLP%20Roster.pdf,2026-06-29T23:16:12.887720+0000,0.1.0
evt_f21a64d65df38dafa5994179,prov_az_lp_041b1eb72645,2026-06-29,authorized,active,,snap_26827600c4012050,https://www.azcourts.gov/cld/Legal-Paraprofessional/Directory,2026-06-29T14:08:10.694860+0000,0.1.0
evt_f2ab68adea32c39e78dac76e,prov_az_abs_42977a1e1354,2026-06-29,disappeared_from_roster,exited,,snap_9f99d17bf219186a,https://www.azcourts.gov/cld/Alternative-Business-Structure/Directory,2026-06-29T02:04:20.369320+0000,0.1.0
evt_f2ae04cdd8f2ec5a2f5e6dc8,prov_wa_lllt_154,2026-06-30,authorized,active,,snap_c700fb20a472580a,https://www.mywsba.org/PersonifyEbusiness/LegalDirectory.aspx?ShowSearchResults=TRUE&LicenseType=LLLT,2026-06-30T00:18:15.570648+0000,0.1.0
evt_f2cb2c14c3c7d1b24ed872a4,prov_ut_lpp_e3817b960db6,2026-06-29,authorized,active,,snap_9b77f407c9783028,https://www.licensedlawyer.org/cv/cgi-bin/memberdll.dll/CustomList?WHP=lawyers_header.htm&WBP=lawyers_list.htm&SQLNAME=GETDIRSEARCH&SRCHOPT=I%7cPOLITICALPARTY%7cLPPActive%7c%3d%5eI%7cCHAPTERID%7cUT-BAR%7c%3d&SORTOPT=LASTNAME&GETCOUNT=0&GETSIM=0&RANGE=1%2f10&WEM=search_error.htm,2026-06-29T14:43:26.821674+0000,0.1.0
evt_f369189afe2927af91fe71db,prov_ut_sandbox_c7d41b3d3f8d,2025-06-12,authorized,exited,,snap_9722e7151b04a806,https://utahinnovationoffice.org/authorized-entities/,2025-06-12T21:17:13.000000+0000,wayback-0.1.0
evt_f388d38a1c0818d41f8d73f4,prov_az_abs_392813b2db4e,2026-06-29,disappeared_from_roster,exited,,snap_9f99d17bf219186a,https://www.azcourts.gov/cld/Alternative-Business-Structure/Directory,2026-06-29T02:04:20.369320+0000,0.1.0
evt_f422d67a5f9face3f26c4e23,prov_az_lp_fc160ab33fda,2026-06-29,authorized,active,,snap_26827600c4012050,https://www.azcourts.gov/cld/Legal-Paraprofessional/Directory,2026-06-29T14:08:10.694860+0000,0.1.0
evt_f4254b181b3362031aa27b66,prov_az_abs_5c5f804a8db1,2026-06-29,disappeared_from_roster,exited,,snap_9f99d17bf219186a,https://www.azcourts.gov/cld/Alternative-Business-Structure/Directory,2026-06-29T02:04:20.369320+0000,0.1.0
evt_f46afc39dc944a23dacbda23,prov_az_abs_9cdf9d35ff73,2026-06-29,authorized,active,,snap_9f99d17bf219186a,https://www.azcourts.gov/cld/Alternative-Business-Structure/Directory,2026-06-29T02:04:20.369320+0000,0.1.0
evt_f52c53719c4819b0b8c4b9a7,prov_ut_lpp_f4197124091c,2026-06-29,authorized,active,,snap_9b77f407c9783028,https://www.licensedlawyer.org/cv/cgi-bin/memberdll.dll/CustomList?WHP=lawyers_header.htm&WBP=lawyers_list.htm&SQLNAME=GETDIRSEARCH&SRCHOPT=I%7cPOLITICALPARTY%7cLPPActive%7c%3d%5eI%7cCHAPTERID%7cUT-BAR%7c%3d&SORTOPT=LASTNAME&GETCOUNT=0&GETSIM=0&RANGE=1%2f10&WEM=search_error.htm,2026-06-29T14:43:26.821674+0000,0.1.0
evt_f554dcd7cdd8e56e7b3752db,prov_wa_lllt_166,2026-06-30,authorized,active,,snap_c700fb20a472580a,https://www.mywsba.org/PersonifyEbusiness/LegalDirectory.aspx?ShowSearchResults=TRUE&LicenseType=LLLT,2026-06-30T00:18:15.570648+0000,0.1.0
evt_f5597a40fb64605b063d1c33,prov_az_lp_f8d5d8c429df,2026-06-29,authorized,active,,snap_26827600c4012050,https://www.azcourts.gov/cld/Legal-Paraprofessional/Directory,2026-06-29T14:08:10.694860+0000,0.1.0
evt_f55a1d0f3c1b183b1c511b22,prov_ut_lpp_42e82ef0c393,2026-06-29,authorized,active,,snap_9b77f407c9783028,https://www.licensedlawyer.org/cv/cgi-bin/memberdll.dll/CustomList?WHP=lawyers_header.htm&WBP=lawyers_list.htm&SQLNAME=GETDIRSEARCH&SRCHOPT=I%7cPOLITICALPARTY%7cLPPActive%7c%3d%5eI%7cCHAPTERID%7cUT-BAR%7c%3d&SORTOPT=LASTNAME&GETCOUNT=0&GETSIM=0&RANGE=1%2f10&WEM=search_error.htm,2026-06-29T14:43:26.821674+0000,0.1.0
evt_f5c9363e84a990f533a3635f,prov_az_abs_9225e0caf40b,2024-11-08,authorized,active,,snap_a6e3d292014fceaf,https://www.azcourts.gov/cld/Alternative-Business-Structure/Directory,2024-11-08T20:22:47.000000+0000,wayback-0.1.0
evt_f64f718a5c395e26cffba8d4,prov_mn_lp_1024,2026-06-29,authorized,active,,snap_65dee7a93a241e8f,https://mncourts.gov/_media/migration/appellate/supreme-court/Roster-of-Approved-Legal-Paraprofessionals.pdf,2026-06-29T23:48:06.975920+0000,0.1.0
evt_f658a597b841066044880079,prov_az_lp_815bf1883771,2026-07-19,status_change,unknown,active → unknown,snap_642532999d024c19,https://www.azcourts.gov/cld/Legal-Paraprofessional/Directory,2026-07-19T23:25:45.013674+0000,0.1.0
evt_f8113aa8a746f5b1401b04e2,prov_co_llp_600045,2026-06-29,authorized,active,,snap_49941ce75946f286,https://www.coloradolegalregulation.com/wp-content/uploads/PDF/LLP/Admitted%20LLP%20Roster.pdf,2026-06-29T23:16:12.887720+0000,0.1.0
evt_f8250479abfa19a65d7f622f,prov_az_abs_9f557238059f,2024-11-08,authorized,active,,snap_a6e3d292014fceaf,https://www.azcourts.gov/cld/Alternative-Business-Structure/Directory,2024-11-08T20:22:47.000000+0000,wayback-0.1.0
evt_f86aef7cc34e65186ebe9a69,prov_az_lp_5e2d936cb167,2026-06-29,authorized,exited,,snap_26827600c4012050,https://www.azcourts.gov/cld/Legal-Paraprofessional/Directory,2026-06-29T14:08:10.694860+0000,0.1.0
evt_f8df84b7aa68e539f2e987c2,prov_wa_lllt_176,2026-06-30,authorized,active,,snap_c700fb20a472580a,https://www.mywsba.org/PersonifyEbusiness/LegalDirectory.aspx?ShowSearchResults=TRUE&LicenseType=LLLT,2026-06-30T00:18:15.570648+0000,0.1.0
evt_f92349219e086a98666e86d0,prov_wa_lllt_162,2026-06-30,authorized,active,,snap_c700fb20a472580a,https://www.mywsba.org/PersonifyEbusiness/LegalDirectory.aspx?ShowSearchResults=TRUE&LicenseType=LLLT,2026-06-30T00:18:15.570648+0000,0.1.0
evt_f944b644f13fe34c2c8d02b2,prov_ut_lpp_a75a60210796,2026-06-29,authorized,active,,snap_9b77f407c9783028,https://www.licensedlawyer.org/cv/cgi-bin/memberdll.dll/CustomList?WHP=lawyers_header.htm&WBP=lawyers_list.htm&SQLNAME=GETDIRSEARCH&SRCHOPT=I%7cPOLITICALPARTY%7cLPPActive%7c%3d%5eI%7cCHAPTERID%7cUT-BAR%7c%3d&SORTOPT=LASTNAME&GETCOUNT=0&GETSIM=0&RANGE=1%2f10&WEM=search_error.htm,2026-06-29T14:43:26.821674+0000,0.1.0
evt_f97fdecfac9e33e73822de64,prov_az_abs_a9d11841c2a7,2026-06-29,authorized,active,,snap_9f99d17bf219186a,https://www.azcourts.gov/cld/Alternative-Business-Structure/Directory,2026-06-29T02:04:20.369320+0000,0.1.0
evt_fa0f06ebbca9c78e0e4a625c,prov_ut_sandbox_56289196f402,2025-06-12,authorized,exited,,snap_9722e7151b04a806,https://utahinnovationoffice.org/authorized-entities/,2025-06-12T21:17:13.000000+0000,wayback-0.1.0
evt_fa5554e42b2365addbc0a0f9,prov_az_lp_de5de1b16542,2026-06-29,authorized,active,,snap_26827600c4012050,https://www.azcourts.gov/cld/Legal-Paraprofessional/Directory,2026-06-29T14:08:10.694860+0000,0.1.0
evt_fa6e37d563a711c5a7f274d0,prov_co_llp_600019,2026-06-29,authorized,active,,snap_49941ce75946f286,https://www.coloradolegalregulation.com/wp-content/uploads/PDF/LLP/Admitted%20LLP%20Roster.pdf,2026-06-29T23:16:12.887720+0000,0.1.0
evt_fac36fe67886a1ffe2db28a0,prov_wa_lllt_109,2026-06-30,authorized,exited,,snap_c700fb20a472580a,https://www.mywsba.org/PersonifyEbusiness/LegalDirectory.aspx?ShowSearchResults=TRUE&LicenseType=LLLT,2026-06-30T00:18:15.570648+0000,0.1.0
evt_fb0223e2f4d85dafe4113ab4,prov_az_lp_1cae319d5013,2026-06-29,authorized,active,,snap_26827600c4012050,https://www.azcourts.gov/cld/Legal-Paraprofessional/Directory,2026-06-29T14:08:10.694860+0000,0.1.0
evt_fbc3fa9a95c338eff0ce8881,prov_co_llp_600009,2026-06-29,authorized,active,,snap_49941ce75946f286,https://www.coloradolegalregulation.com/wp-content/uploads/PDF/LLP/Admitted%20LLP%20Roster.pdf,2026-06-29T23:16:12.887720+0000,0.1.0
evt_fbcb123d410fe79c86de538f,prov_az_abs_d9058b54232a,2026-06-29,authorized,active,,snap_9f99d17bf219186a,https://www.azcourts.gov/cld/Alternative-Business-Structure/Directory,2026-06-29T02:04:20.369320+0000,0.1.0
evt_fbd3604726653f7e39dd121c,prov_co_llp_600081,2026-06-29,authorized,active,,snap_49941ce75946f286,https://www.coloradolegalregulation.com/wp-content/uploads/PDF/LLP/Admitted%20LLP%20Roster.pdf,2026-06-29T23:16:12.887720+0000,0.1.0
evt_fc0e8b59b00cdc870523d6c1,prov_ut_sandbox_2d70ebab075e,2025-06-12,authorized,exited,,snap_9722e7151b04a806,https://utahinnovationoffice.org/authorized-entities/,2025-06-12T21:17:13.000000+0000,wayback-0.1.0
evt_fc3c3fa28c53d9de88383b79,prov_az_lp_10f1d0ff6ae3,2026-06-29,authorized,exited,,snap_26827600c4012050,https://www.azcourts.gov/cld/Legal-Paraprofessional/Directory,2026-06-29T14:08:10.694860+0000,0.1.0
evt_fc953d35d775fe2420bfc555,prov_wa_lllt_164,2026-06-30,authorized,active,,snap_c700fb20a472580a,https://www.mywsba.org/PersonifyEbusiness/LegalDirectory.aspx?ShowSearchResults=TRUE&LicenseType=LLLT,2026-06-30T00:18:15.570648+0000,0.1.0
evt_fd3f5d33ca892bb7a56254c5,prov_az_abs_d5b0a1f5a323,2026-06-29,disappeared_from_roster,exited,,snap_9f99d17bf219186a,https://www.azcourts.gov/cld/Alternative-Business-Structure/Directory,2026-06-29T02:04:20.369320+0000,0.1.0
evt_fddae8a54288883e2ca423c2,prov_az_abs_a7f11281bb1f,2026-06-29,disappeared_from_roster,exited,,snap_9f99d17bf219186a,https://www.azcourts.gov/cld/Alternative-Business-Structure/Directory,2026-06-29T02:04:20.369320+0000,0.1.0
evt_fe0a255539056949f180c2f3,prov_co_llp_600063,2026-06-29,authorized,active,,snap_49941ce75946f286,https://www.coloradolegalregulation.com/wp-content/uploads/PDF/LLP/Admitted%20LLP%20Roster.pdf,2026-06-29T23:16:12.887720+0000,0.1.0
evt_fe3e00ae1bfc10693f01a0b1,prov_az_lp_c06622f2ce55,2026-07-19,disappeared_from_roster,exited,,snap_642532999d024c19,https://www.azcourts.gov/cld/Legal-Paraprofessional/Directory,2026-07-19T23:25:45.013674+0000,0.1.0
evt_fea10ea66a71a10c8ae82f04,prov_az_abs_254472be8e30,2026-06-29,authorized,active,,snap_9f99d17bf219186a,https://www.azcourts.gov/cld/Alternative-Business-Structure/Directory,2026-06-29T02:04:20.369320+0000,0.1.0
evt_feb664384449dba0583021cc,prov_co_llp_600076,2026-06-29,authorized,active,,snap_49941ce75946f286,https://www.coloradolegalregulation.com/wp-content/uploads/PDF/LLP/Admitted%20LLP%20Roster.pdf,2026-06-29T23:16:12.887720+0000,0.1.0
evt_febb6a3b8b255970e0b37b8e,prov_ut_sandbox_0faa13ee7443,2025-06-12,authorized,exited,,snap_9722e7151b04a806,https://utahinnovationoffice.org/authorized-entities/,2025-06-12T21:17:13.000000+0000,wayback-0.1.0
evt_ff32246f3f89c0b934554ead,prov_az_lp_8d2f9e9c7869,2026-06-29,authorized,active,,snap_26827600c4012050,https://www.azcourts.gov/cld/Legal-Paraprofessional/Directory,2026-06-29T14:08:10.694860+0000,0.1.0
evt_ff670cc447bbea37f620de6d,prov_az_lp_32545d2ef792,2026-06-29,authorized,active,,snap_26827600c4012050,https://www.azcourts.gov/cld/Legal-Paraprofessional/Directory,2026-06-29T14:08:10.694860+0000,0.1.0
