provider_id,program_id,provider_type,legal_name,normalized_name,jurisdiction,authorization_date,current_status,practice_areas_raw,practice_areas_list,ownership_structure,uses_technology,uses_ai,website,first_seen_snapshot_id,last_seen_snapshot_id,source_url,retrieved_at,scraper_version
prov_az_abs_00a48aa3021e,prog_az_abs,entity,"Elias, Mendoza, Hill Law Group, P.C. (dba Mendoza Immigration)",elias mendoza hill law group dba mendoza immigration,AZ,,active,"",,,,,,snap_9f99d17bf219186a,snap_5fe4ce66dccfad89,https://www.azcourts.gov/cld/Alternative-Business-Structure/Directory,2026-07-27T15:59:08.115156+0000,0.1.0
prov_az_abs_01421e8e175e,prog_az_abs,entity,"National Niner, LLC",national niner,AZ,,active,"",,,,,,snap_9f99d17bf219186a,snap_5fe4ce66dccfad89,https://www.azcourts.gov/cld/Alternative-Business-Structure/Directory,2026-07-27T15:59:08.115156+0000,0.1.0
prov_az_abs_0156bae2ad3b,prog_az_abs,entity,"True North Justice, LLC (formerly Sunridge Law Group, LLC)",true north justice formerly sunridge law group,AZ,,active,"",,,,,,snap_9f99d17bf219186a,snap_5fe4ce66dccfad89,https://www.azcourts.gov/cld/Alternative-Business-Structure/Directory,2026-07-27T15:59:08.115156+0000,0.1.0
prov_az_abs_021b749c0a23,prog_az_abs,entity,"Colexit Law, PLLC",colexit law,AZ,,active,"",,,,,,snap_9f99d17bf219186a,snap_5fe4ce66dccfad89,https://www.azcourts.gov/cld/Alternative-Business-Structure/Directory,2026-07-27T15:59:08.115156+0000,0.1.0
prov_az_abs_033a08848927,prog_az_abs,entity,"Trident Legal, PLLC",trident legal,AZ,,active,"",,,,,,snap_9f99d17bf219186a,snap_5fe4ce66dccfad89,https://www.azcourts.gov/cld/Alternative-Business-Structure/Directory,2026-07-27T15:59:08.115156+0000,0.1.0
prov_az_abs_05632a0d1215,prog_az_abs,entity,"Auxana Legal, LLC",auxana legal,AZ,,active,"",,,,,,snap_a6e3d292014fceaf,snap_5fe4ce66dccfad89,https://www.azcourts.gov/cld/Alternative-Business-Structure/Directory,2026-07-27T15:59:08.115156+0000,0.1.0
prov_az_abs_0ccb3a66c8bb,prog_az_abs,entity,"Constant Legal Group, LLC",constant legal group,AZ,,active,"",,,,,,snap_9f99d17bf219186a,snap_5fe4ce66dccfad89,https://www.azcourts.gov/cld/Alternative-Business-Structure/Directory,2026-07-27T15:59:08.115156+0000,0.1.0
prov_az_abs_0d696da24d49,prog_az_abs,entity,"Law Leaders (Formerly, First Law, LLC)",law leaders formerly first law,AZ,,active,"",,,,,,snap_9f99d17bf219186a,snap_5fe4ce66dccfad89,https://www.azcourts.gov/cld/Alternative-Business-Structure/Directory,2026-07-27T15:59:08.115156+0000,0.1.0
prov_az_abs_0d9f54b7de28,prog_az_abs,entity,"LITCO ABS, Inc.",litco abs,AZ,,active,"",,,,,,snap_9f99d17bf219186a,snap_5fe4ce66dccfad89,https://www.azcourts.gov/cld/Alternative-Business-Structure/Directory,2026-07-27T15:59:08.115156+0000,0.1.0
prov_az_abs_0fd6e02a4a51,prog_az_abs,entity,Trademarkia Venture Partners,trademarkia venture partners,AZ,,exited,"",,,,,,snap_9f99d17bf219186a,snap_5fe4ce66dccfad89,https://www.azcourts.gov/cld/Alternative-Business-Structure/Directory,2026-07-27T15:59:08.115156+0000,0.1.0
prov_az_abs_10de05a363cd,prog_az_abs,entity,"Open Law Group, LTD",open law group,AZ,,active,"",,,,,,snap_9f99d17bf219186a,snap_5fe4ce66dccfad89,https://www.azcourts.gov/cld/Alternative-Business-Structure/Directory,2026-07-27T15:59:08.115156+0000,0.1.0
prov_az_abs_119ce13d89c6,prog_az_abs,entity,"Justpoint Law, LLP",justpoint law,AZ,,active,"",,,,,,snap_9f99d17bf219186a,snap_5fe4ce66dccfad89,https://www.azcourts.gov/cld/Alternative-Business-Structure/Directory,2026-07-27T15:59:08.115156+0000,0.1.0
prov_az_abs_134644644ecc,prog_az_abs,entity,"AZ Law Now, LLC",az law now,AZ,,active,"",,,,,https://azlawnow.com/,snap_9f99d17bf219186a,snap_5fe4ce66dccfad89,https://www.azcourts.gov/cld/Alternative-Business-Structure/Directory,2026-07-27T15:59:08.115156+0000,0.1.0
prov_az_abs_17ff8e98d163,prog_az_abs,entity,"LegaFi Law, LLC",legafi law,AZ,,active,"",,,,,https://legafi.com/,snap_a6e3d292014fceaf,snap_5fe4ce66dccfad89,https://www.azcourts.gov/cld/Alternative-Business-Structure/Directory,2026-07-27T15:59:08.115156+0000,0.1.0
prov_az_abs_182c8a8a9e07,prog_az_abs,entity,"Genesis Legal Group, LLC",genesis legal group,AZ,,exited,"[""All Arizona Counties""]",,,,,,snap_a6e3d292014fceaf,snap_a6e3d292014fceaf,https://www.azcourts.gov/cld/Alternative-Business-Structure/Directory,2024-11-08T20:22:47.000000+0000,wayback-0.1.0
prov_az_abs_19d234b19175,prog_az_abs,entity,"First Law, LLC",first law,AZ,,exited,"[""All Arizona Counties""]",,,,,,snap_a6e3d292014fceaf,snap_a6e3d292014fceaf,https://www.azcourts.gov/cld/Alternative-Business-Structure/Directory,2024-11-08T20:22:47.000000+0000,wayback-0.1.0
prov_az_abs_1c83769c8392,prog_az_abs,entity,K2D Law Corp,k2d law corp,AZ,,active,"",,,,,,snap_9f99d17bf219186a,snap_5fe4ce66dccfad89,https://www.azcourts.gov/cld/Alternative-Business-Structure/Directory,2026-07-27T15:59:08.115156+0000,0.1.0
prov_az_abs_1d6876520f57,prog_az_abs,entity,"Bergman Basha, LLC",bergman basha,AZ,,active,"[""Civil Litigation""]",,,,,https://us-west-2.protection.sophos.com?d=bergmanbasha.com&u=aHR0cDovL3d3dy5iZXJnbWFuYmFzaGEuY29t&i=NjNjYWNjMmY0N2I4MmYzM2VhMDA5NzFk&t=aG0zMm5XNXZzbDRLUjNPa1pIcThybDdVNTd5bTRxVU5hNjJleUp2UnN1Yz0=&h=1fe2b162d0ca4f48be26c70ff660efa4&s=AVNPUEhUT0NFTkNSWVBUSVbCqm-7R53HO-Pkk_1Y-fnpM61xRDKdwasPnGkUJmB_9g,snap_9f99d17bf219186a,snap_5fe4ce66dccfad89,https://www.azcourts.gov/cld/Alternative-Business-Structure/Directory,2026-07-27T15:59:08.115156+0000,0.1.0
prov_az_abs_1e103fc20651,prog_az_abs,entity,"Lawfty Legal, PLLC",lawfty legal,AZ,,active,"",,,,,,snap_a6e3d292014fceaf,snap_5fe4ce66dccfad89,https://www.azcourts.gov/cld/Alternative-Business-Structure/Directory,2026-07-27T15:59:08.115156+0000,0.1.0
prov_az_abs_1ea1168e1387,prog_az_abs,entity,"The Turner Law Firm, PLLC",turner law firm,AZ,,active,"",,,,,,snap_9f99d17bf219186a,snap_5fe4ce66dccfad89,https://www.azcourts.gov/cld/Alternative-Business-Structure/Directory,2026-07-27T15:59:08.115156+0000,0.1.0
prov_az_abs_21de7299ba14,prog_az_abs,entity,"Family Office Advisory, LLC",family office advisory,AZ,,active,"",,,,,,snap_9f99d17bf219186a,snap_5fe4ce66dccfad89,https://www.azcourts.gov/cld/Alternative-Business-Structure/Directory,2026-07-27T15:59:08.115156+0000,0.1.0
prov_az_abs_249ea0913e57,prog_az_abs,entity,"Aiken Farrell Kroloff, LLC",aiken farrell kroloff,AZ,,active,"[""Maricopa""]",,,,,https://afk-law.com,snap_a6e3d292014fceaf,snap_5fe4ce66dccfad89,https://www.azcourts.gov/cld/Alternative-Business-Structure/Directory,2026-07-27T15:59:08.115156+0000,0.1.0
prov_az_abs_254472be8e30,prog_az_abs,entity,Northern Arizona Legacy Law Group,northern arizona legacy law group,AZ,,active,"[""Estate planning"", ""Probate"", ""Guardianships/Conservatorships""]",,,,,,snap_9f99d17bf219186a,snap_5fe4ce66dccfad89,https://www.azcourts.gov/cld/Alternative-Business-Structure/Directory,2026-07-27T15:59:08.115156+0000,0.1.0
prov_az_abs_258989b95583,prog_az_abs,entity,"Mariner Law Firm, LLC",mariner law firm,AZ,,active,"",,,,,,snap_a6e3d292014fceaf,snap_5fe4ce66dccfad89,https://www.azcourts.gov/cld/Alternative-Business-Structure/Directory,2026-07-27T15:59:08.115156+0000,0.1.0
prov_az_abs_25cbbc50544d,prog_az_abs,entity,"TRT Legal, PLLC (dba Canopy Legal Partners)",trt legal dba canopy legal partners,AZ,,active,"",,,,,,snap_9f99d17bf219186a,snap_5fe4ce66dccfad89,https://www.azcourts.gov/cld/Alternative-Business-Structure/Directory,2026-07-27T15:59:08.115156+0000,0.1.0
prov_az_abs_2620e30fae4b,prog_az_abs,entity,"Big Auto - Accident Attorneys, PLLC (dba Big Auto Injury Attorneys)",big auto accident attorneys dba big auto injury attorneys,AZ,,active,"[""Plantiff Personal Injury Services""]",,,,,https://www.bigauto.com,snap_9f99d17bf219186a,snap_5fe4ce66dccfad89,https://www.azcourts.gov/cld/Alternative-Business-Structure/Directory,2026-07-27T15:59:08.115156+0000,0.1.0
prov_az_abs_2696d9571a7d,prog_az_abs,entity,"Aprio Legal, LLC",aprio legal,AZ,,active,"",,,,,,snap_9f99d17bf219186a,snap_5fe4ce66dccfad89,https://www.azcourts.gov/cld/Alternative-Business-Structure/Directory,2026-07-27T15:59:08.115156+0000,0.1.0
prov_az_abs_27cdee5ba35d,prog_az_abs,entity,My Visa Source Legal Group Corp,my visa source legal group corp,AZ,,active,"",,,,,,snap_9f99d17bf219186a,snap_5fe4ce66dccfad89,https://www.azcourts.gov/cld/Alternative-Business-Structure/Directory,2026-07-27T15:59:08.115156+0000,0.1.0
prov_az_abs_29c50258bf77,prog_az_abs,entity,"EAAZ Law, LLC",eaaz law,AZ,,active,"",,,,,https://arizonaemployeeadvocates.com,snap_a6e3d292014fceaf,snap_5fe4ce66dccfad89,https://www.azcourts.gov/cld/Alternative-Business-Structure/Directory,2026-07-27T15:59:08.115156+0000,0.1.0
prov_az_abs_2a8c26d10769,prog_az_abs,entity,"Law Max Group, LLC",law max group,AZ,,active,"",,,,,,snap_9f99d17bf219186a,snap_5fe4ce66dccfad89,https://www.azcourts.gov/cld/Alternative-Business-Structure/Directory,2026-07-27T15:59:08.115156+0000,0.1.0
prov_az_abs_2be469e1c197,prog_az_abs,entity,"Wilkie Puchi, LLP",wilkie puchi,AZ,,active,"",,,,,,snap_a6e3d292014fceaf,snap_5fe4ce66dccfad89,https://www.azcourts.gov/cld/Alternative-Business-Structure/Directory,2026-07-27T15:59:08.115156+0000,0.1.0
prov_az_abs_2df5ad576edd,prog_az_abs,entity,"Landmark Law Partners, LLC",landmark law partners,AZ,,active,"",,,,,,snap_9f99d17bf219186a,snap_5fe4ce66dccfad89,https://www.azcourts.gov/cld/Alternative-Business-Structure/Directory,2026-07-27T15:59:08.115156+0000,0.1.0
prov_az_abs_2eaccf778499,prog_az_abs,entity,"Hunterbrook Law, LLC",hunterbrook law,AZ,,active,"",,,,,,snap_9f99d17bf219186a,snap_5fe4ce66dccfad89,https://www.azcourts.gov/cld/Alternative-Business-Structure/Directory,2026-07-27T15:59:08.115156+0000,0.1.0
prov_az_abs_30db3615076c,prog_az_abs,entity,Charter Law Group,charter law group,AZ,,active,"",,,,,,snap_9f99d17bf219186a,snap_5fe4ce66dccfad89,https://www.azcourts.gov/cld/Alternative-Business-Structure/Directory,2026-07-27T15:59:08.115156+0000,0.1.0
prov_az_abs_31924ac87308,prog_az_abs,entity,"Alperstein & Associates, LLC",alperstein and associates,AZ,,active,"",,,,,,snap_9f99d17bf219186a,snap_5fe4ce66dccfad89,https://www.azcourts.gov/cld/Alternative-Business-Structure/Directory,2026-07-27T15:59:08.115156+0000,0.1.0
prov_az_abs_31a1e7b0a527,prog_az_abs,entity,"Motion Law, LLC",motion law,AZ,,active,"",,,,,,snap_a6e3d292014fceaf,snap_5fe4ce66dccfad89,https://www.azcourts.gov/cld/Alternative-Business-Structure/Directory,2026-07-27T15:59:08.115156+0000,0.1.0
prov_az_abs_338217fa25e7,prog_az_abs,entity,"Innovation Legal Services AZ, LLC",innovation legal services az,AZ,,active,"",,,,,,snap_9f99d17bf219186a,snap_5fe4ce66dccfad89,https://www.azcourts.gov/cld/Alternative-Business-Structure/Directory,2026-07-27T15:59:08.115156+0000,0.1.0
prov_az_abs_33ccd4c862db,prog_az_abs,entity,"Red Rock Securites Law, Inc",red rock securites law,AZ,,exited,"",,,,,,snap_a6e3d292014fceaf,snap_a6e3d292014fceaf,https://www.azcourts.gov/cld/Alternative-Business-Structure/Directory,2024-11-08T20:22:47.000000+0000,wayback-0.1.0
prov_az_abs_3540c8652651,prog_az_abs,entity,"Bar Pilot, LLC",bar pilot,AZ,,active,"",,,,,https://barpilot.us,snap_a6e3d292014fceaf,snap_5fe4ce66dccfad89,https://www.azcourts.gov/cld/Alternative-Business-Structure/Directory,2026-07-27T15:59:08.115156+0000,0.1.0
prov_az_abs_369b94cefeff,prog_az_abs,entity,"BrightRidge Legal, LLC (formerly Cartiga Legal, LLC)",brightridge legal formerly cartiga legal,AZ,,active,"",,,,,,snap_9f99d17bf219186a,snap_5fe4ce66dccfad89,https://www.azcourts.gov/cld/Alternative-Business-Structure/Directory,2026-07-27T15:59:08.115156+0000,0.1.0
prov_az_abs_374089fdfdf0,prog_az_abs,entity,Arizona Immigration & Legal Services (AILS Law Group),arizona immigration and legal services ails law group,AZ,,active,"[""Immigration""]",,,,,,snap_9f99d17bf219186a,snap_5fe4ce66dccfad89,https://www.azcourts.gov/cld/Alternative-Business-Structure/Directory,2026-07-27T15:59:08.115156+0000,0.1.0
prov_az_abs_37a21a6a0663,prog_az_abs,entity,"Bespoke Legal Services, PLLC",bespoke legal services,AZ,,active,"",,,,,,snap_a6e3d292014fceaf,snap_5fe4ce66dccfad89,https://www.azcourts.gov/cld/Alternative-Business-Structure/Directory,2026-07-27T15:59:08.115156+0000,0.1.0
prov_az_abs_392813b2db4e,prog_az_abs,entity,Arete Financial Solutions,arete financial solutions,AZ,,exited,"",,,,,,snap_a6e3d292014fceaf,snap_a6e3d292014fceaf,https://www.azcourts.gov/cld/Alternative-Business-Structure/Directory,2024-11-08T20:22:47.000000+0000,wayback-0.1.0
prov_az_abs_3d22cf6701e3,prog_az_abs,entity,"Esquire Law, LLC",esquire law,AZ,,active,"",,,,,,snap_a6e3d292014fceaf,snap_5fe4ce66dccfad89,https://www.azcourts.gov/cld/Alternative-Business-Structure/Directory,2026-07-27T15:59:08.115156+0000,0.1.0
prov_az_abs_3f16de8baf9e,prog_az_abs,entity,"Access Justice Group, LLC",access justice group,AZ,,active,"",,,,,,snap_9f99d17bf219186a,snap_5fe4ce66dccfad89,https://www.azcourts.gov/cld/Alternative-Business-Structure/Directory,2026-07-27T15:59:08.115156+0000,0.1.0
prov_az_abs_3f5bd719f111,prog_az_abs,entity,"Novus Lex, LLC",novus lex,AZ,,active,"",,,,,,snap_a6e3d292014fceaf,snap_5fe4ce66dccfad89,https://www.azcourts.gov/cld/Alternative-Business-Structure/Directory,2026-07-27T15:59:08.115156+0000,0.1.0
prov_az_abs_40496596366d,prog_az_abs,entity,"Red Rock Securities Law, Inc (Formerly, Regulation D Resources Enterprises, Inc)",red rock securities law formerly regulation d resources enterprises,AZ,,active,"",,,,,,snap_9f99d17bf219186a,snap_5fe4ce66dccfad89,https://www.azcourts.gov/cld/Alternative-Business-Structure/Directory,2026-07-27T15:59:08.115156+0000,0.1.0
prov_az_abs_40fb84deee81,prog_az_abs,entity,Arizona Immigration & Legal Services,arizona immigration and legal services,AZ,,exited,"",,,,,,snap_a6e3d292014fceaf,snap_a6e3d292014fceaf,https://www.azcourts.gov/cld/Alternative-Business-Structure/Directory,2024-11-08T20:22:47.000000+0000,wayback-0.1.0
prov_az_abs_42977a1e1354,prog_az_abs,entity,"Bad Drug Law Firm, PLLC",bad drug law firm,AZ,,exited,"",,,,,,snap_a6e3d292014fceaf,snap_a6e3d292014fceaf,https://www.azcourts.gov/cld/Alternative-Business-Structure/Directory,2024-11-08T20:22:47.000000+0000,wayback-0.1.0
prov_az_abs_4370f7310ee0,prog_az_abs,entity,Veteran Legacy Counsel,veteran legacy counsel,AZ,,active,"",,,,,,snap_9f99d17bf219186a,snap_5fe4ce66dccfad89,https://www.azcourts.gov/cld/Alternative-Business-Structure/Directory,2026-07-27T15:59:08.115156+0000,0.1.0
prov_az_abs_452acf5f5904,prog_az_abs,entity,"eLegacy Law, PLLC",elegacy law,AZ,,active,"",,,,,,snap_a6e3d292014fceaf,snap_5fe4ce66dccfad89,https://www.azcourts.gov/cld/Alternative-Business-Structure/Directory,2026-07-27T15:59:08.115156+0000,0.1.0
prov_az_abs_45fe3c8ce2c1,prog_az_abs,entity,"G Law Services, LLC",g law services,AZ,,active,"",,,,,,snap_a6e3d292014fceaf,snap_5fe4ce66dccfad89,https://www.azcourts.gov/cld/Alternative-Business-Structure/Directory,2026-07-27T15:59:08.115156+0000,0.1.0
prov_az_abs_47a7eb4f5555,prog_az_abs,entity,"Vertical Advocacy, LLC",vertical advocacy,AZ,,active,"",,,,,,snap_a6e3d292014fceaf,snap_5fe4ce66dccfad89,https://www.azcourts.gov/cld/Alternative-Business-Structure/Directory,2026-07-27T15:59:08.115156+0000,0.1.0
prov_az_abs_48fb15a0c0f9,prog_az_abs,entity,Axiom Advice & Counsel LLC,axiom advice and counsel,AZ,,active,"[""All Arizona Counties""]",,,,,https://www.axiomadviceandcounsel.com/,snap_a6e3d292014fceaf,snap_5fe4ce66dccfad89,https://www.azcourts.gov/cld/Alternative-Business-Structure/Directory,2026-07-27T15:59:08.115156+0000,0.1.0
prov_az_abs_4951cdfe4a81,prog_az_abs,entity,"DC Legal Law Firm, PLLC",dc legal law firm,AZ,,active,"",,,,,,snap_9f99d17bf219186a,snap_5fe4ce66dccfad89,https://www.azcourts.gov/cld/Alternative-Business-Structure/Directory,2026-07-27T15:59:08.115156+0000,0.1.0
prov_az_abs_49dc4a4a32a6,prog_az_abs,entity,"Get Right Legal, LLC",get right legal,AZ,,active,"",,,,,,snap_9f99d17bf219186a,snap_5fe4ce66dccfad89,https://www.azcourts.gov/cld/Alternative-Business-Structure/Directory,2026-07-27T15:59:08.115156+0000,0.1.0
prov_az_abs_4b6432255d0d,prog_az_abs,entity,"Next League Executive Board, LLC",next league executive board,AZ,,active,"",,,,,,snap_9f99d17bf219186a,snap_5fe4ce66dccfad89,https://www.azcourts.gov/cld/Alternative-Business-Structure/Directory,2026-07-27T15:59:08.115156+0000,0.1.0
prov_az_abs_4de9a7e33cdf,prog_az_abs,entity,"Creative Planning Legal Services, LLC",creative planning legal services,AZ,,active,"[""Estate Planning""]",,,,,,snap_9f99d17bf219186a,snap_5fe4ce66dccfad89,https://www.azcourts.gov/cld/Alternative-Business-Structure/Directory,2026-07-27T15:59:08.115156+0000,0.1.0
prov_az_abs_52993e5c291b,prog_az_abs,entity,"Newland Chase Legal, LLC",newland chase legal,AZ,,active,"",,,,,,snap_9f99d17bf219186a,snap_5fe4ce66dccfad89,https://www.azcourts.gov/cld/Alternative-Business-Structure/Directory,2026-07-27T15:59:08.115156+0000,0.1.0
prov_az_abs_546a2acfec8a,prog_az_abs,entity,"PDH Law, LLC",pdh law,AZ,,active,"",,,,,,snap_9f99d17bf219186a,snap_5fe4ce66dccfad89,https://www.azcourts.gov/cld/Alternative-Business-Structure/Directory,2026-07-27T15:59:08.115156+0000,0.1.0
prov_az_abs_55745bb817e9,prog_az_abs,entity,"Litix Legal, LLC",litix legal,AZ,,active,"",,,,,,snap_9f99d17bf219186a,snap_5fe4ce66dccfad89,https://www.azcourts.gov/cld/Alternative-Business-Structure/Directory,2026-07-27T15:59:08.115156+0000,0.1.0
prov_az_abs_56b9c35f6b8f,prog_az_abs,entity,"Law on Call, LLC",law on call,AZ,,active,"",,,,,,snap_a6e3d292014fceaf,snap_5fe4ce66dccfad89,https://www.azcourts.gov/cld/Alternative-Business-Structure/Directory,2026-07-27T15:59:08.115156+0000,0.1.0
prov_az_abs_571336066ac1,prog_az_abs,entity,"Conduit Law, LLC",conduit law,AZ,,active,"",,,,,,snap_9f99d17bf219186a,snap_5fe4ce66dccfad89,https://www.azcourts.gov/cld/Alternative-Business-Structure/Directory,2026-07-27T15:59:08.115156+0000,0.1.0
prov_az_abs_58eb2ce9c2c6,prog_az_abs,entity,"Turquoise Law Group, PLLC",turquoise law group,AZ,,active,"",,,,,,snap_9f99d17bf219186a,snap_5fe4ce66dccfad89,https://www.azcourts.gov/cld/Alternative-Business-Structure/Directory,2026-07-27T15:59:08.115156+0000,0.1.0
prov_az_abs_5b07c345bc6b,prog_az_abs,entity,"Premier Injury Law Groups, LLC",premier injury law groups,AZ,,active,"",,,,,,snap_a6e3d292014fceaf,snap_5fe4ce66dccfad89,https://www.azcourts.gov/cld/Alternative-Business-Structure/Directory,2026-07-27T15:59:08.115156+0000,0.1.0
prov_az_abs_5c5f804a8db1,prog_az_abs,entity,"Elias Mendoza Hill Law Group, LLC",elias mendoza hill law group,AZ,,exited,"",,,,,,snap_a6e3d292014fceaf,snap_a6e3d292014fceaf,https://www.azcourts.gov/cld/Alternative-Business-Structure/Directory,2024-11-08T20:22:47.000000+0000,wayback-0.1.0
prov_az_abs_5dd8c6be215d,prog_az_abs,entity,"J.O. Law Group, LLC",j o law group,AZ,,active,"",,,,,,snap_9f99d17bf219186a,snap_5fe4ce66dccfad89,https://www.azcourts.gov/cld/Alternative-Business-Structure/Directory,2026-07-27T15:59:08.115156+0000,0.1.0
prov_az_abs_5ebe35b2df58,prog_az_abs,entity,"Healthcare Law Group, PLLC",healthcare law group,AZ,,active,"",,,,,,snap_a6e3d292014fceaf,snap_5fe4ce66dccfad89,https://www.azcourts.gov/cld/Alternative-Business-Structure/Directory,2026-07-27T15:59:08.115156+0000,0.1.0
prov_az_abs_60683e560abe,prog_az_abs,entity,"Legal Networks, LLC",legal networks,AZ,,active,"",,,,,,snap_9f99d17bf219186a,snap_5fe4ce66dccfad89,https://www.azcourts.gov/cld/Alternative-Business-Structure/Directory,2026-07-27T15:59:08.115156+0000,0.1.0
prov_az_abs_61817efab51f,prog_az_abs,entity,"CAO Legal, LLC",cao legal,AZ,,active,"[""Class Action"", ""Mass Tort"", ""Mass Arbitration""]",,,,,,snap_9f99d17bf219186a,snap_5fe4ce66dccfad89,https://www.azcourts.gov/cld/Alternative-Business-Structure/Directory,2026-07-27T15:59:08.115156+0000,0.1.0
prov_az_abs_61e6d5f800e9,prog_az_abs,entity,"PatentVest, Inc.",patentvest,AZ,,active,"",,,,,https://www.patentvest.com,snap_a6e3d292014fceaf,snap_5fe4ce66dccfad89,https://www.azcourts.gov/cld/Alternative-Business-Structure/Directory,2026-07-27T15:59:08.115156+0000,0.1.0
prov_az_abs_64715244fa9c,prog_az_abs,entity,"Patriot Law Goup, LLC",patriot law goup,AZ,,exited,"",,,,,,snap_a6e3d292014fceaf,snap_a6e3d292014fceaf,https://www.azcourts.gov/cld/Alternative-Business-Structure/Directory,2024-11-08T20:22:47.000000+0000,wayback-0.1.0
prov_az_abs_6488ac3d5a25,prog_az_abs,entity,"Wall and Olson, LLC (dba Bridgemont Group)",wall and olson dba bridgemont group,AZ,,active,"",,,,,,snap_9f99d17bf219186a,snap_5fe4ce66dccfad89,https://www.azcourts.gov/cld/Alternative-Business-Structure/Directory,2026-07-27T15:59:08.115156+0000,0.1.0
prov_az_abs_64d847ac4ed9,prog_az_abs,entity,"ElevateNext, LLC",elevatenext,AZ,,active,"",,,,,,snap_a6e3d292014fceaf,snap_5fe4ce66dccfad89,https://www.azcourts.gov/cld/Alternative-Business-Structure/Directory,2026-07-27T15:59:08.115156+0000,0.1.0
prov_az_abs_65718c95862b,prog_az_abs,entity,"Shine Lawyers US, LLC",shine lawyers us,AZ,,active,"[""Personal Injuries"", ""Class Actions"", ""Mass Torts"", ""Product Liability Claims""]",,,,,,snap_9f99d17bf219186a,snap_5fe4ce66dccfad89,https://www.azcourts.gov/cld/Alternative-Business-Structure/Directory,2026-07-27T15:59:08.115156+0000,0.1.0
prov_az_abs_6747fe3cd0fb,prog_az_abs,entity,"Justice On Demand, PLLC",justice on demand,AZ,,active,"[""Personal Injury - Plaintiff""]",,,,,https://Justiceondemand.com,snap_9f99d17bf219186a,snap_5fe4ce66dccfad89,https://www.azcourts.gov/cld/Alternative-Business-Structure/Directory,2026-07-27T15:59:08.115156+0000,0.1.0
prov_az_abs_677e9a4ef056,prog_az_abs,entity,"Vantage Law Firm, LLC",vantage law firm,AZ,,active,"",,,,,,snap_a6e3d292014fceaf,snap_5fe4ce66dccfad89,https://www.azcourts.gov/cld/Alternative-Business-Structure/Directory,2026-07-27T15:59:08.115156+0000,0.1.0
prov_az_abs_692d0304e695,prog_az_abs,entity,"DB Justice Group, LLC (Formerly, Don Bivens Justice Group, LLC)",db justice group formerly don bivens justice group,AZ,,active,"",,,,,,snap_9f99d17bf219186a,snap_5fe4ce66dccfad89,https://www.azcourts.gov/cld/Alternative-Business-Structure/Directory,2026-07-27T15:59:08.115156+0000,0.1.0
prov_az_abs_6c24d5c67a5b,prog_az_abs,entity,"Crimson Talent Immigration, LLC",crimson talent immigration,AZ,,active,"",,,,,,snap_9f99d17bf219186a,snap_5fe4ce66dccfad89,https://www.azcourts.gov/cld/Alternative-Business-Structure/Directory,2026-07-27T15:59:08.115156+0000,0.1.0
prov_az_abs_6c4ef0c52466,prog_az_abs,entity,"Genesis Legal Group, LLC (Formerly, HFC Legal, LLC)",genesis legal group formerly hfc legal,AZ,,active,"",,,,,https://genesislegalgroup.com,snap_9f99d17bf219186a,snap_5fe4ce66dccfad89,https://www.azcourts.gov/cld/Alternative-Business-Structure/Directory,2026-07-27T15:59:08.115156+0000,0.1.0
prov_az_abs_6c8afa97baf7,prog_az_abs,entity,"Shared Practices, LLC",shared practices,AZ,,active,"",,,,,,snap_a6e3d292014fceaf,snap_5fe4ce66dccfad89,https://www.azcourts.gov/cld/Alternative-Business-Structure/Directory,2026-07-27T15:59:08.115156+0000,0.1.0
prov_az_abs_6e35154ed2dd,prog_az_abs,entity,"OCK Law Firm, LLC",ock law firm,AZ,,active,"",,,,,https://www.ocklawfirm.com,snap_9f99d17bf219186a,snap_5fe4ce66dccfad89,https://www.azcourts.gov/cld/Alternative-Business-Structure/Directory,2026-07-27T15:59:08.115156+0000,0.1.0
prov_az_abs_6f03b90c5e21,prog_az_abs,entity,"Law Bear, LLC (dba Law Bear Auto Accident Attorneys)",law bear dba law bear auto accident attorneys,AZ,,active,"[""Personal Injury - Plaintiff""]",,,,,,snap_9f99d17bf219186a,snap_5fe4ce66dccfad89,https://www.azcourts.gov/cld/Alternative-Business-Structure/Directory,2026-07-27T15:59:08.115156+0000,0.1.0
prov_az_abs_707665cab2e2,prog_az_abs,entity,"API Law of Arizona, PLLC (Formerly, Hive Legal, LLC)",api law of arizona formerly hive legal,AZ,,active,"",,,,,https://www.api.law/,snap_9f99d17bf219186a,snap_5fe4ce66dccfad89,https://www.azcourts.gov/cld/Alternative-Business-Structure/Directory,2026-07-27T15:59:08.115156+0000,0.1.0
prov_az_abs_740c9730b774,prog_az_abs,entity,"Globiliti Legal, LLC (dba VisaPlace Legal, LLC)",globiliti legal dba visaplace legal,AZ,,active,"",,,,,https://www.globilitilegal.com/,snap_9f99d17bf219186a,snap_5fe4ce66dccfad89,https://www.azcourts.gov/cld/Alternative-Business-Structure/Directory,2026-07-27T15:59:08.115156+0000,0.1.0
prov_az_abs_74fd19b2ad14,prog_az_abs,entity,"Rasa Legal, PLLC",rasa legal,AZ,,active,"[""All Arizona Counties""]",,,,,https://info@rasa-legal.com,snap_a6e3d292014fceaf,snap_5fe4ce66dccfad89,https://www.azcourts.gov/cld/Alternative-Business-Structure/Directory,2026-07-27T15:59:08.115156+0000,0.1.0
prov_az_abs_7588977987ed,prog_az_abs,entity,"Copper State Legal Services, LLC",copper state legal services,AZ,,active,"",,,,,,snap_9f99d17bf219186a,snap_5fe4ce66dccfad89,https://www.azcourts.gov/cld/Alternative-Business-Structure/Directory,2026-07-27T15:59:08.115156+0000,0.1.0
prov_az_abs_76d65d09af26,prog_az_abs,entity,"Summit National Law Group, LLC",summit national law group,AZ,,active,"",,,,,,snap_9f99d17bf219186a,snap_5fe4ce66dccfad89,https://www.azcourts.gov/cld/Alternative-Business-Structure/Directory,2026-07-27T15:59:08.115156+0000,0.1.0
prov_az_abs_7748ce6e45a1,prog_az_abs,entity,"Bad Drug Law Firm, PLLC (dba Bad Law)",bad drug law firm dba bad law,AZ,,active,"[""Law""]",,,,,,snap_9f99d17bf219186a,snap_5fe4ce66dccfad89,https://www.azcourts.gov/cld/Alternative-Business-Structure/Directory,2026-07-27T15:59:08.115156+0000,0.1.0
prov_az_abs_77cd63cd0712,prog_az_abs,entity,"Ethic Alliance Legal Group, LLC",ethic alliance legal group,AZ,,active,"",,,,,,snap_a6e3d292014fceaf,snap_5fe4ce66dccfad89,https://www.azcourts.gov/cld/Alternative-Business-Structure/Directory,2026-07-27T15:59:08.115156+0000,0.1.0
prov_az_abs_785f1d3e2195,prog_az_abs,entity,Big Auto-Accident Attorneys PLLC,big auto accident attorneys,AZ,,exited,"",,,,,,snap_a6e3d292014fceaf,snap_a6e3d292014fceaf,https://www.azcourts.gov/cld/Alternative-Business-Structure/Directory,2024-11-08T20:22:47.000000+0000,wayback-0.1.0
prov_az_abs_7a69581a4491,prog_az_abs,entity,"Singular Law Group, PLLC",singular law group,AZ,,active,"",,,,,,snap_a6e3d292014fceaf,snap_5fe4ce66dccfad89,https://www.azcourts.gov/cld/Alternative-Business-Structure/Directory,2026-07-27T15:59:08.115156+0000,0.1.0
prov_az_abs_7ac32db28cc8,prog_az_abs,entity,"JusticeDirect Law Firm, LLC",justicedirect law firm,AZ,,active,"",,,,,https://www.justicedirect.com,snap_9f99d17bf219186a,snap_5fe4ce66dccfad89,https://www.azcourts.gov/cld/Alternative-Business-Structure/Directory,2026-07-27T15:59:08.115156+0000,0.1.0
prov_az_abs_7b0b71b170fc,prog_az_abs,entity,"KPMG Law US, LLC",kpmg law us,AZ,,active,"",,,,,,snap_9f99d17bf219186a,snap_5fe4ce66dccfad89,https://www.azcourts.gov/cld/Alternative-Business-Structure/Directory,2026-07-27T15:59:08.115156+0000,0.1.0
prov_az_abs_7c3a65561f13,prog_az_abs,entity,"RP Legal Group, LLC",rp legal group,AZ,,active,"[""Legal Services""]",,,,,,snap_9f99d17bf219186a,snap_5fe4ce66dccfad89,https://www.azcourts.gov/cld/Alternative-Business-Structure/Directory,2026-07-27T15:59:08.115156+0000,0.1.0
prov_az_abs_7e8c5d2c6517,prog_az_abs,entity,"Hive Legal, LLC",hive legal,AZ,,exited,"",,,,,,snap_a6e3d292014fceaf,snap_a6e3d292014fceaf,https://www.azcourts.gov/cld/Alternative-Business-Structure/Directory,2024-11-08T20:22:47.000000+0000,wayback-0.1.0
prov_az_abs_8163af0942d3,prog_az_abs,entity,"Level Up Law, LLC",level up law,AZ,,active,"",,,,,,snap_9f99d17bf219186a,snap_5fe4ce66dccfad89,https://www.azcourts.gov/cld/Alternative-Business-Structure/Directory,2026-07-27T15:59:08.115156+0000,0.1.0
prov_az_abs_81c4268d8445,prog_az_abs,entity,"Sterling Shield Legal, LLC",sterling shield legal,AZ,,active,"",,,,,,snap_9f99d17bf219186a,snap_5fe4ce66dccfad89,https://www.azcourts.gov/cld/Alternative-Business-Structure/Directory,2026-07-27T15:59:08.115156+0000,0.1.0
prov_az_abs_827fba738440,prog_az_abs,entity,"CE Acceleration Studio, LLC",ce acceleration studio,AZ,,active,"",,,,,,snap_9f99d17bf219186a,snap_5fe4ce66dccfad89,https://www.azcourts.gov/cld/Alternative-Business-Structure/Directory,2026-07-27T15:59:08.115156+0000,0.1.0
prov_az_abs_82c8ac7cce32,prog_az_abs,entity,"Fidelity Legal, LLC (Formerly, Case Partners, LLC)",fidelity legal formerly case partners,AZ,,active,"",,,,,,snap_9f99d17bf219186a,snap_5fe4ce66dccfad89,https://www.azcourts.gov/cld/Alternative-Business-Structure/Directory,2026-07-27T15:59:08.115156+0000,0.1.0
prov_az_abs_83983d484a99,prog_az_abs,entity,"BOSS Advisors, PLC (formerly Payne Huebsch, LLC)",boss advisors plc formerly payne huebsch,AZ,,active,"",,,,,,snap_a6e3d292014fceaf,snap_5fe4ce66dccfad89,https://www.azcourts.gov/cld/Alternative-Business-Structure/Directory,2026-07-27T15:59:08.115156+0000,0.1.0
prov_az_abs_83f700272248,prog_az_abs,entity,"National Injury Attorneys, LLC",national injury attorneys,AZ,,active,"",,,,,https://www.Nationalinjuryattorneys.com,snap_a6e3d292014fceaf,snap_5fe4ce66dccfad89,https://www.azcourts.gov/cld/Alternative-Business-Structure/Directory,2026-07-27T15:59:08.115156+0000,0.1.0
prov_az_abs_846afb4099f1,prog_az_abs,entity,"Manifest Legal Services, LLC",manifest legal services,AZ,,active,"",,,,,,snap_9f99d17bf219186a,snap_5fe4ce66dccfad89,https://www.azcourts.gov/cld/Alternative-Business-Structure/Directory,2026-07-27T15:59:08.115156+0000,0.1.0
prov_az_abs_848b9e866018,prog_az_abs,entity,"Sambare, Qin & Gudise, LLC",sambare qin and gudise,AZ,,active,"[""Immigration""]",,,,,,snap_9f99d17bf219186a,snap_5fe4ce66dccfad89,https://www.azcourts.gov/cld/Alternative-Business-Structure/Directory,2026-07-27T15:59:08.115156+0000,0.1.0
prov_az_abs_8587516614b2,prog_az_abs,entity,"ABPV, LLC",abpv,AZ,,active,"",,,,,,snap_9f99d17bf219186a,snap_5fe4ce66dccfad89,https://www.azcourts.gov/cld/Alternative-Business-Structure/Directory,2026-07-27T15:59:08.115156+0000,0.1.0
prov_az_abs_887ab755347f,prog_az_abs,entity,"Legal Help Partners, PLLC",legal help partners,AZ,,active,"[""All Arizona Counties""]",,,,,https://www.lhplawgroup.com,snap_a6e3d292014fceaf,snap_5fe4ce66dccfad89,https://www.azcourts.gov/cld/Alternative-Business-Structure/Directory,2026-07-27T15:59:08.115156+0000,0.1.0
prov_az_abs_8a1045f9076b,prog_az_abs,entity,"Outreach Legal, LLC",outreach legal,AZ,,active,"",,,,,,snap_9f99d17bf219186a,snap_5fe4ce66dccfad89,https://www.azcourts.gov/cld/Alternative-Business-Structure/Directory,2026-07-27T15:59:08.115156+0000,0.1.0
prov_az_abs_8ada51c0aacf,prog_az_abs,entity,"The Meadow Law Firm, LLC",meadow law firm,AZ,,active,"",,,,,,snap_a6e3d292014fceaf,snap_5fe4ce66dccfad89,https://www.azcourts.gov/cld/Alternative-Business-Structure/Directory,2026-07-27T15:59:08.115156+0000,0.1.0
prov_az_abs_8b8a679b5769,prog_az_abs,entity,"Heritage Family Offices, LLP",heritage family offices,AZ,,active,"",,,,,,snap_a6e3d292014fceaf,snap_5fe4ce66dccfad89,https://www.azcourts.gov/cld/Alternative-Business-Structure/Directory,2026-07-27T15:59:08.115156+0000,0.1.0
prov_az_abs_8bbca7b99c7c,prog_az_abs,entity,"BLS Law, LLC",bls law,AZ,,active,"",,,,,,snap_9f99d17bf219186a,snap_5fe4ce66dccfad89,https://www.azcourts.gov/cld/Alternative-Business-Structure/Directory,2026-07-27T15:59:08.115156+0000,0.1.0
prov_az_abs_8bcba1bb3832,prog_az_abs,entity,"Ryan Legal Services, PLLC",ryan legal services,AZ,,active,"",,,,,,snap_9f99d17bf219186a,snap_5fe4ce66dccfad89,https://www.azcourts.gov/cld/Alternative-Business-Structure/Directory,2026-07-27T15:59:08.115156+0000,0.1.0
prov_az_abs_8dbfecee113f,prog_az_abs,entity,"Sunridge Law Group, LLC",sunridge law group,AZ,,exited,"[""Maricopa""]",,,,,,snap_a6e3d292014fceaf,snap_a6e3d292014fceaf,https://www.azcourts.gov/cld/Alternative-Business-Structure/Directory,2024-11-08T20:22:47.000000+0000,wayback-0.1.0
prov_az_abs_8e050ab72ad2,prog_az_abs,entity,"Amborella Law, PLLC",amborella law,AZ,,active,"",,,,,,snap_a6e3d292014fceaf,snap_5fe4ce66dccfad89,https://www.azcourts.gov/cld/Alternative-Business-Structure/Directory,2026-07-27T15:59:08.115156+0000,0.1.0
prov_az_abs_902964af74ba,prog_az_abs,entity,"TRT Legal, PLLC",trt legal,AZ,,exited,"",,,,,,snap_a6e3d292014fceaf,snap_a6e3d292014fceaf,https://www.azcourts.gov/cld/Alternative-Business-Structure/Directory,2024-11-08T20:22:47.000000+0000,wayback-0.1.0
prov_az_abs_9225e0caf40b,prog_az_abs,entity,"Radix Professional Services, LLC",radix professional services,AZ,,exited,"",,,,,,snap_a6e3d292014fceaf,snap_a6e3d292014fceaf,https://www.azcourts.gov/cld/Alternative-Business-Structure/Directory,2024-11-08T20:22:47.000000+0000,wayback-0.1.0
prov_az_abs_966990f2838e,prog_az_abs,entity,"The Auto Injury Firm, PLLC",auto injury firm,AZ,,active,"[""Personal Injury""]",,,,,,snap_9f99d17bf219186a,snap_5fe4ce66dccfad89,https://www.azcourts.gov/cld/Alternative-Business-Structure/Directory,2026-07-27T15:59:08.115156+0000,0.1.0
prov_az_abs_9847afa96cf3,prog_az_abs,entity,"SiliconPath, PLLC",siliconpath,AZ,,active,"",,,,,,snap_9f99d17bf219186a,snap_5fe4ce66dccfad89,https://www.azcourts.gov/cld/Alternative-Business-Structure/Directory,2026-07-27T15:59:08.115156+0000,0.1.0
prov_az_abs_98548ee973a7,prog_az_abs,entity,"Inmigracion Al Dia AZ, PLLC (DBA Amigos Al Dia)",inmigracion al dia az dba amigos al dia,AZ,,exited,"",,,,,,snap_9f99d17bf219186a,snap_5fe4ce66dccfad89,https://www.azcourts.gov/cld/Alternative-Business-Structure/Directory,2026-07-27T15:59:08.115156+0000,0.1.0
prov_az_abs_98afda98d331,prog_az_abs,entity,"GFO Law, LLC",gfo law,AZ,,active,"",,,,,,snap_9f99d17bf219186a,snap_5fe4ce66dccfad89,https://www.azcourts.gov/cld/Alternative-Business-Structure/Directory,2026-07-27T15:59:08.115156+0000,0.1.0
prov_az_abs_9cdf9d35ff73,prog_az_abs,entity,"Enumero Law, Inc.",enumero law,AZ,,active,"",,,,,,snap_9f99d17bf219186a,snap_5fe4ce66dccfad89,https://www.azcourts.gov/cld/Alternative-Business-Structure/Directory,2026-07-27T15:59:08.115156+0000,0.1.0
prov_az_abs_9e337fc005a3,prog_az_abs,entity,K2D LAW,k2d law,AZ,,exited,"",,,,,,snap_a6e3d292014fceaf,snap_a6e3d292014fceaf,https://www.azcourts.gov/cld/Alternative-Business-Structure/Directory,2024-11-08T20:22:47.000000+0000,wayback-0.1.0
prov_az_abs_9f557238059f,prog_az_abs,entity,"Scout Law Group, LLC",scout law group,AZ,,exited,"[""Maricopa""]",,,,,,snap_a6e3d292014fceaf,snap_a6e3d292014fceaf,https://www.azcourts.gov/cld/Alternative-Business-Structure/Directory,2024-11-08T20:22:47.000000+0000,wayback-0.1.0
prov_az_abs_a21332c1199a,prog_az_abs,entity,National Mass Tort & Class Action Law Firm PLLC,national mass tort and class action law firm,AZ,,exited,"",,,,,,snap_a6e3d292014fceaf,snap_a6e3d292014fceaf,https://www.azcourts.gov/cld/Alternative-Business-Structure/Directory,2024-11-08T20:22:47.000000+0000,wayback-0.1.0
prov_az_abs_a2305291e6da,prog_az_abs,entity,"Bay Point Legal Partners, PLLC (dba The Shatter Firm)",bay point legal partners dba the shatter firm,AZ,,active,"[""Litigation""]",,,,,,snap_9f99d17bf219186a,snap_5fe4ce66dccfad89,https://www.azcourts.gov/cld/Alternative-Business-Structure/Directory,2026-07-27T15:59:08.115156+0000,0.1.0
prov_az_abs_a6a202140637,prog_az_abs,entity,"LS5 Legal, LLC",ls5 legal,AZ,,active,"",,,,,,snap_a6e3d292014fceaf,snap_5fe4ce66dccfad89,https://www.azcourts.gov/cld/Alternative-Business-Structure/Directory,2026-07-27T15:59:08.115156+0000,0.1.0
prov_az_abs_a7f11281bb1f,prog_az_abs,entity,ClaimsHero Holdings LLC,claimshero holdings,AZ,,exited,"",,,,,,snap_a6e3d292014fceaf,snap_a6e3d292014fceaf,https://www.azcourts.gov/cld/Alternative-Business-Structure/Directory,2024-11-08T20:22:47.000000+0000,wayback-0.1.0
prov_az_abs_a8573e42940a,prog_az_abs,entity,"Swyft Legal, LLC",swyft legal,AZ,,active,"[""All Arizona Counties""]",,,,,https://www.swyftfilings.com,snap_a6e3d292014fceaf,snap_5fe4ce66dccfad89,https://www.azcourts.gov/cld/Alternative-Business-Structure/Directory,2026-07-27T15:59:08.115156+0000,0.1.0
prov_az_abs_a9d11841c2a7,prog_az_abs,entity,"Accident Recovery Law Firm, LLC",accident recovery law firm,AZ,,active,"[""Personal Injury""]",,,,,,snap_9f99d17bf219186a,snap_5fe4ce66dccfad89,https://www.azcourts.gov/cld/Alternative-Business-Structure/Directory,2026-07-27T15:59:08.115156+0000,0.1.0
prov_az_abs_aaab3122d355,prog_az_abs,entity,"Reliant Law Group, PLLC",reliant law group,AZ,,active,"",,,,,,snap_a6e3d292014fceaf,snap_5fe4ce66dccfad89,https://www.azcourts.gov/cld/Alternative-Business-Structure/Directory,2026-07-27T15:59:08.115156+0000,0.1.0
prov_az_abs_abd1deccf700,prog_az_abs,entity,"National Justice Partners, LLC",national justice partners,AZ,,active,"",,,,,,snap_9f99d17bf219186a,snap_5fe4ce66dccfad89,https://www.azcourts.gov/cld/Alternative-Business-Structure/Directory,2026-07-27T15:59:08.115156+0000,0.1.0
prov_az_abs_abe7b41ced9c,prog_az_abs,entity,"Ellis Legal, LLC",ellis legal,AZ,,active,"",,,,,,snap_9f99d17bf219186a,snap_5fe4ce66dccfad89,https://www.azcourts.gov/cld/Alternative-Business-Structure/Directory,2026-07-27T15:59:08.115156+0000,0.1.0
prov_az_abs_b01a48b127fe,prog_az_abs,entity,"Boundless Legal, LLC",boundless legal,AZ,,active,"",,,,,,snap_9f99d17bf219186a,snap_5fe4ce66dccfad89,https://www.azcourts.gov/cld/Alternative-Business-Structure/Directory,2026-07-27T15:59:08.115156+0000,0.1.0
prov_az_abs_b12704b43e51,prog_az_abs,entity,"McCormick Law, Car Wreck Attorneys, PLLC",mccormick law car wreck attorneys,AZ,,active,"[""All Arizona Counties""]",,,,,,snap_a6e3d292014fceaf,snap_5fe4ce66dccfad89,https://www.azcourts.gov/cld/Alternative-Business-Structure/Directory,2026-07-27T15:59:08.115156+0000,0.1.0
prov_az_abs_b20459376972,prog_az_abs,entity,"Eudia Counsel, LLC",eudia counsel,AZ,,active,"",,,,,,snap_9f99d17bf219186a,snap_5fe4ce66dccfad89,https://www.azcourts.gov/cld/Alternative-Business-Structure/Directory,2026-07-27T15:59:08.115156+0000,0.1.0
prov_az_abs_b51f379246bc,prog_az_abs,entity,"10xLaw.com, Inc.",10xlaw com,AZ,,active,"",,,,,,snap_a6e3d292014fceaf,snap_5fe4ce66dccfad89,https://www.azcourts.gov/cld/Alternative-Business-Structure/Directory,2026-07-27T15:59:08.115156+0000,0.1.0
prov_az_abs_b52c5163d071,prog_az_abs,entity,"Rocket Legal Professional Services, Inc.",rocket legal professional services,AZ,,active,"",,,,,,snap_a6e3d292014fceaf,snap_5fe4ce66dccfad89,https://www.azcourts.gov/cld/Alternative-Business-Structure/Directory,2026-07-27T15:59:08.115156+0000,0.1.0
prov_az_abs_b5ce4e67bd0b,prog_az_abs,entity,"Ask a Pro Law, LLC",ask a pro law,AZ,,active,"",,,,,,snap_9f99d17bf219186a,snap_5fe4ce66dccfad89,https://www.azcourts.gov/cld/Alternative-Business-Structure/Directory,2026-07-27T15:59:08.115156+0000,0.1.0
prov_az_abs_b72b04738f9b,prog_az_abs,entity,"Magic Law Group, Inc.",magic law group,AZ,,active,"",,,,,,snap_a6e3d292014fceaf,snap_5fe4ce66dccfad89,https://www.azcourts.gov/cld/Alternative-Business-Structure/Directory,2026-07-27T15:59:08.115156+0000,0.1.0
prov_az_abs_b94cf5402fb8,prog_az_abs,entity,"Meta-Attorney, PC",meta attorney,AZ,,active,"",,,,,,snap_a6e3d292014fceaf,snap_5fe4ce66dccfad89,https://www.azcourts.gov/cld/Alternative-Business-Structure/Directory,2026-07-27T15:59:08.115156+0000,0.1.0
prov_az_abs_b9a289ba6301,prog_az_abs,entity,"1787 Legal Group, LLC",1787 legal group,AZ,,active,"",,,,,,snap_a6e3d292014fceaf,snap_5fe4ce66dccfad89,https://www.azcourts.gov/cld/Alternative-Business-Structure/Directory,2026-07-27T15:59:08.115156+0000,0.1.0
prov_az_abs_bba24e840743,prog_az_abs,entity,"McCarthy Family Law, PLLC",mccarthy family law,AZ,,active,"",,,,,,snap_9f99d17bf219186a,snap_5fe4ce66dccfad89,https://www.azcourts.gov/cld/Alternative-Business-Structure/Directory,2026-07-27T15:59:08.115156+0000,0.1.0
prov_az_abs_bc47296fb1ed,prog_az_abs,entity,"McRae Management Services, LLC",mcrae management services,AZ,,active,"",,,,,,snap_a6e3d292014fceaf,snap_5fe4ce66dccfad89,https://www.azcourts.gov/cld/Alternative-Business-Structure/Directory,2026-07-27T15:59:08.115156+0000,0.1.0
prov_az_abs_bd93a62c64dd,prog_az_abs,entity,"WesternTrust Law, LLC",westerntrust law,AZ,,active,"",,,,,,snap_a6e3d292014fceaf,snap_5fe4ce66dccfad89,https://www.azcourts.gov/cld/Alternative-Business-Structure/Directory,2026-07-27T15:59:08.115156+0000,0.1.0
prov_az_abs_c448cef7a47b,prog_az_abs,entity,"Cactus Blossom Legal, LLC",cactus blossom legal,AZ,,exited,"[""Inactive""]",,,,,,snap_a6e3d292014fceaf,snap_5fe4ce66dccfad89,https://www.azcourts.gov/cld/Alternative-Business-Structure/Directory,2026-07-27T15:59:08.115156+0000,0.1.0
prov_az_abs_c58ac42bc03d,prog_az_abs,entity,"Simply Legal, LLC",simply legal,AZ,,active,"",,,,,,snap_9f99d17bf219186a,snap_5fe4ce66dccfad89,https://www.azcourts.gov/cld/Alternative-Business-Structure/Directory,2026-07-27T15:59:08.115156+0000,0.1.0
prov_az_abs_c5c37a6124ae,prog_az_abs,entity,"Eos Law, LLC",eos law,AZ,,active,"",,,,,,snap_a6e3d292014fceaf,snap_5fe4ce66dccfad89,https://www.azcourts.gov/cld/Alternative-Business-Structure/Directory,2026-07-27T15:59:08.115156+0000,0.1.0
prov_az_abs_c9df5b7eb3c0,prog_az_abs,entity,"Harmony Law, PLLC",harmony law,AZ,,active,"",,,,,,snap_9f99d17bf219186a,snap_5fe4ce66dccfad89,https://www.azcourts.gov/cld/Alternative-Business-Structure/Directory,2026-07-27T15:59:08.115156+0000,0.1.0
prov_az_abs_cb18f5a0a66f,prog_az_abs,entity,"Consumer Defense Partners, LLC",consumer defense partners,AZ,,exited,"",,,,,,snap_9f99d17bf219186a,snap_5fe4ce66dccfad89,https://www.azcourts.gov/cld/Alternative-Business-Structure/Directory,2026-07-27T15:59:08.115156+0000,0.1.0
prov_az_abs_cb251b78925e,prog_az_abs,entity,"KWP Estate Planning, LLC (Keystone Wealth Partners)",kwp estate planning keystone wealth partners,AZ,,exited,"",,,,,,snap_9f99d17bf219186a,snap_5fe4ce66dccfad89,https://www.azcourts.gov/cld/Alternative-Business-Structure/Directory,2026-07-27T15:59:08.115156+0000,0.1.0
prov_az_abs_cb4d97aa38c0,prog_az_abs,entity,"Cartiga Legal, LLC",cartiga legal,AZ,,exited,"",,,,,,snap_a6e3d292014fceaf,snap_a6e3d292014fceaf,https://www.azcourts.gov/cld/Alternative-Business-Structure/Directory,2024-11-08T20:22:47.000000+0000,wayback-0.1.0
prov_az_abs_cbd5ded6da30,prog_az_abs,entity,"The American Advocate, LLC",american advocate,AZ,,active,"",,,,,,snap_9f99d17bf219186a,snap_5fe4ce66dccfad89,https://www.azcourts.gov/cld/Alternative-Business-Structure/Directory,2026-07-27T15:59:08.115156+0000,0.1.0
prov_az_abs_cc6d6dfd086d,prog_az_abs,entity,"Big League Law, LLC",big league law,AZ,,active,"",,,,,,snap_9f99d17bf219186a,snap_5fe4ce66dccfad89,https://www.azcourts.gov/cld/Alternative-Business-Structure/Directory,2026-07-27T15:59:08.115156+0000,0.1.0
prov_az_abs_d01587a1595a,prog_az_abs,entity,"Arete Financial, LLC (Formerly, MLR Tax Professional Tax Services, LLC)",arete financial formerly mlr tax professional tax services,AZ,,active,"",,,,,,snap_9f99d17bf219186a,snap_5fe4ce66dccfad89,https://www.azcourts.gov/cld/Alternative-Business-Structure/Directory,2026-07-27T15:59:08.115156+0000,0.1.0
prov_az_abs_d059e986d44b,prog_az_abs,entity,"Fidelity Legal, LLC",fidelity legal,AZ,,exited,"",,,,,,snap_a6e3d292014fceaf,snap_a6e3d292014fceaf,https://www.azcourts.gov/cld/Alternative-Business-Structure/Directory,2024-11-08T20:22:47.000000+0000,wayback-0.1.0
prov_az_abs_d0d4cc232bee,prog_az_abs,entity,"Saddle Rock Legal Group, LLC",saddle rock legal group,AZ,,active,"",,,,,,snap_a6e3d292014fceaf,snap_5fe4ce66dccfad89,https://www.azcourts.gov/cld/Alternative-Business-Structure/Directory,2026-07-27T15:59:08.115156+0000,0.1.0
prov_az_abs_d15f0a7cc38d,prog_az_abs,entity,"Eleos Law, LLP",eleos law,AZ,,active,"",,,,,,snap_9f99d17bf219186a,snap_5fe4ce66dccfad89,https://www.azcourts.gov/cld/Alternative-Business-Structure/Directory,2026-07-27T15:59:08.115156+0000,0.1.0
prov_az_abs_d16aab67e179,prog_az_abs,entity,"Priority Financial Group, LLC",priority financial group,AZ,,active,"",,,,,,snap_9f99d17bf219186a,snap_5fe4ce66dccfad89,https://www.azcourts.gov/cld/Alternative-Business-Structure/Directory,2026-07-27T15:59:08.115156+0000,0.1.0
prov_az_abs_d5b0a1f5a323,prog_az_abs,entity,"DB Justice Group, LLC",db justice group,AZ,,exited,"",,,,,,snap_a6e3d292014fceaf,snap_a6e3d292014fceaf,https://www.azcourts.gov/cld/Alternative-Business-Structure/Directory,2024-11-08T20:22:47.000000+0000,wayback-0.1.0
prov_az_abs_d7189209d6cb,prog_az_abs,entity,"United Alliance Law, PLLC",united alliance law,AZ,,active,"",,,,,,snap_9f99d17bf219186a,snap_5fe4ce66dccfad89,https://www.azcourts.gov/cld/Alternative-Business-Structure/Directory,2026-07-27T15:59:08.115156+0000,0.1.0
prov_az_abs_d78b8369e600,prog_az_abs,entity,"Jacoby & Meyers Mass Torts Law Firm, PLLC (Formerly, National Mass Tort & Class Action Law Firm, PLLC)",jacoby and meyers mass torts law firm formerly national mass tort and class action law firm,AZ,,active,"",,,,,,snap_9f99d17bf219186a,snap_5fe4ce66dccfad89,https://www.azcourts.gov/cld/Alternative-Business-Structure/Directory,2026-07-27T15:59:08.115156+0000,0.1.0
prov_az_abs_d9058b54232a,prog_az_abs,entity,"Patriot Law Group, LLC (dba Ninth Avenue Capital Legal Fund, LP)",patriot law group dba ninth avenue capital legal fund lp,AZ,,active,"",,,,,,snap_9f99d17bf219186a,snap_5fe4ce66dccfad89,https://www.azcourts.gov/cld/Alternative-Business-Structure/Directory,2026-07-27T15:59:08.115156+0000,0.1.0
prov_az_abs_d95d8d60ad61,prog_az_abs,entity,"Trajan Estate, LLC",trajan estate,AZ,,active,"[""All Arizona Counties""]",,,,,https://www.trajanestate.com,snap_a6e3d292014fceaf,snap_5fe4ce66dccfad89,https://www.azcourts.gov/cld/Alternative-Business-Structure/Directory,2026-07-27T15:59:08.115156+0000,0.1.0
prov_az_abs_dc85a317226f,prog_az_abs,entity,"Bay Point Legal Partners, PLLC",bay point legal partners,AZ,,exited,"",,,,,,snap_a6e3d292014fceaf,snap_a6e3d292014fceaf,https://www.azcourts.gov/cld/Alternative-Business-Structure/Directory,2024-11-08T20:22:47.000000+0000,wayback-0.1.0
prov_az_abs_dde09bf4e540,prog_az_abs,entity,"NextPoint Law Group, LLC",nextpoint law group,AZ,,active,"",,,,,,snap_a6e3d292014fceaf,snap_5fe4ce66dccfad89,https://www.azcourts.gov/cld/Alternative-Business-Structure/Directory,2026-07-27T15:59:08.115156+0000,0.1.0
prov_az_abs_ddef39b5b5b7,prog_az_abs,entity,"All Access Advocates, LLC",all access advocates,AZ,,active,"",,,,,,snap_9f99d17bf219186a,snap_5fe4ce66dccfad89,https://www.azcourts.gov/cld/Alternative-Business-Structure/Directory,2026-07-27T15:59:08.115156+0000,0.1.0
prov_az_abs_de69a23c2643,prog_az_abs,entity,"Copper Wren Law, LLC",copper wren law,AZ,,active,"[""All Arizona Counties""]",,,,,https://govswift.com,snap_a6e3d292014fceaf,snap_5fe4ce66dccfad89,https://www.azcourts.gov/cld/Alternative-Business-Structure/Directory,2026-07-27T15:59:08.115156+0000,0.1.0
prov_az_abs_df25adde04cd,prog_az_abs,entity,"For All Legal, LLC",for all legal,AZ,,active,"",,,,,,snap_9f99d17bf219186a,snap_5fe4ce66dccfad89,https://www.azcourts.gov/cld/Alternative-Business-Structure/Directory,2026-07-27T15:59:08.115156+0000,0.1.0
prov_az_abs_e3bd2f08c326,prog_az_abs,entity,"Freeway Law, PC",freeway law,AZ,,active,"",,,,,,snap_9f99d17bf219186a,snap_5fe4ce66dccfad89,https://www.azcourts.gov/cld/Alternative-Business-Structure/Directory,2026-07-27T15:59:08.115156+0000,0.1.0
prov_az_abs_e45fa819c0f4,prog_az_abs,entity,"Greenlight Path, Inc",greenlight path,AZ,,exited,"",,,,,,snap_9f99d17bf219186a,snap_5fe4ce66dccfad89,https://www.azcourts.gov/cld/Alternative-Business-Structure/Directory,2026-07-27T15:59:08.115156+0000,0.1.0
prov_az_abs_e50cfd6e214d,prog_az_abs,entity,"Vanegas Law & Co, LLC",vanegas law and,AZ,,active,"[""Immigration""]",,,,,,snap_9f99d17bf219186a,snap_5fe4ce66dccfad89,https://www.azcourts.gov/cld/Alternative-Business-Structure/Directory,2026-07-27T15:59:08.115156+0000,0.1.0
prov_az_abs_e77d25e4da70,prog_az_abs,entity,"VisaPlace Legal (formerly Globiliti Legal, LLC)",visaplace legal formerly globiliti legal,AZ,,exited,"",,,,,,snap_a6e3d292014fceaf,snap_a6e3d292014fceaf,https://www.azcourts.gov/cld/Alternative-Business-Structure/Directory,2024-11-08T20:22:47.000000+0000,wayback-0.1.0
prov_az_abs_e7cc8bfccd18,prog_az_abs,entity,"Aracor Law, LLC",aracor law,AZ,,active,"",,,,,https://aracorlaw.com,snap_a6e3d292014fceaf,snap_5fe4ce66dccfad89,https://www.azcourts.gov/cld/Alternative-Business-Structure/Directory,2026-07-27T15:59:08.115156+0000,0.1.0
prov_az_abs_e7f9d9946f56,prog_az_abs,entity,"Lex Generalis, LLC",lex generalis,AZ,,active,"",,,,,,snap_9f99d17bf219186a,snap_5fe4ce66dccfad89,https://www.azcourts.gov/cld/Alternative-Business-Structure/Directory,2026-07-27T15:59:08.115156+0000,0.1.0
prov_az_abs_eaf16b95e943,prog_az_abs,entity,"Aurum Law Group, PLLC",aurum law group,AZ,,active,"[""All Arizona Counties""]",,,,,,snap_a6e3d292014fceaf,snap_5fe4ce66dccfad89,https://www.azcourts.gov/cld/Alternative-Business-Structure/Directory,2026-07-27T15:59:08.115156+0000,0.1.0
prov_az_abs_eb0dd4ad2df5,prog_az_abs,entity,"JusticeDirect Law Group, LLC",justicedirect law group,AZ,,exited,"",,,,,,snap_a6e3d292014fceaf,snap_a6e3d292014fceaf,https://www.azcourts.gov/cld/Alternative-Business-Structure/Directory,2024-11-08T20:22:47.000000+0000,wayback-0.1.0
prov_az_abs_eb54f19a6524,prog_az_abs,entity,"Elysium Legal-AZ, LLC",elysium legal az,AZ,,active,"[""Estate Planning""]",,,,,https://myelysium.com/,snap_9f99d17bf219186a,snap_5fe4ce66dccfad89,https://www.azcourts.gov/cld/Alternative-Business-Structure/Directory,2026-07-27T15:59:08.115156+0000,0.1.0
prov_az_abs_ebac884a5dfd,prog_az_abs,entity,"Bridgemont Group, ABS (formerly Wall and Olson)",bridgemont group abs formerly wall and olson,AZ,,exited,"",,,,,,snap_a6e3d292014fceaf,snap_a6e3d292014fceaf,https://www.azcourts.gov/cld/Alternative-Business-Structure/Directory,2024-11-08T20:22:47.000000+0000,wayback-0.1.0
prov_az_abs_efe42ea44120,prog_az_abs,entity,"LZ Legal Services, LLC",lz legal services,AZ,,active,"",,,,,,snap_a6e3d292014fceaf,snap_5fe4ce66dccfad89,https://www.azcourts.gov/cld/Alternative-Business-Structure/Directory,2026-07-27T15:59:08.115156+0000,0.1.0
prov_az_abs_f029c1429147,prog_az_abs,entity,"Skyview Legal Group, LLC",skyview legal group,AZ,,active,"",,,,,,snap_9f99d17bf219186a,snap_5fe4ce66dccfad89,https://www.azcourts.gov/cld/Alternative-Business-Structure/Directory,2026-07-27T15:59:08.115156+0000,0.1.0
prov_az_abs_f061234d8a49,prog_az_abs,entity,"Pickett Umizaj, PLLC",pickett umizaj,AZ,,active,"",,,,,,snap_9f99d17bf219186a,snap_5fe4ce66dccfad89,https://www.azcourts.gov/cld/Alternative-Business-Structure/Directory,2026-07-27T15:59:08.115156+0000,0.1.0
prov_az_abs_f238081c46ee,prog_az_abs,entity,"San Novus Trademark, LLP",san novus trademark,AZ,,active,"",,,,,,snap_9f99d17bf219186a,snap_5fe4ce66dccfad89,https://www.azcourts.gov/cld/Alternative-Business-Structure/Directory,2026-07-27T15:59:08.115156+0000,0.1.0
prov_az_abs_f2c50050f019,prog_az_abs,entity,"Centurion Law, LLC",centurion law,AZ,,active,"",,,,,,snap_9f99d17bf219186a,snap_5fe4ce66dccfad89,https://www.azcourts.gov/cld/Alternative-Business-Structure/Directory,2026-07-27T15:59:08.115156+0000,0.1.0
prov_az_abs_f433e3c404b2,prog_az_abs,entity,"Corporate Immigration Attorneys, LLC",corporate immigration attorneys,AZ,,exited,"[""Immigration Legal Services""]",,,,,,snap_9f99d17bf219186a,snap_5fe4ce66dccfad89,https://www.azcourts.gov/cld/Alternative-Business-Structure/Directory,2026-07-27T15:59:08.115156+0000,0.1.0
prov_az_abs_f698e9b238a9,prog_az_abs,entity,ClaimsHero Holdings LLC (dba ClaimsHero),claimshero holdings dba claimshero,AZ,,active,"[""Consumer Justice""]",,,,,,snap_9f99d17bf219186a,snap_5fe4ce66dccfad89,https://www.azcourts.gov/cld/Alternative-Business-Structure/Directory,2026-07-27T15:59:08.115156+0000,0.1.0
prov_az_abs_f72f24438a18,prog_az_abs,entity,"Mayfair Legal, LLC",mayfair legal,AZ,,active,"[""Personal Injury"", ""Mass Arbitrations"", ""Wrongful Imprisonment"", ""Family Law"", ""and Estate Planning""]",,,,,,snap_9f99d17bf219186a,snap_5fe4ce66dccfad89,https://www.azcourts.gov/cld/Alternative-Business-Structure/Directory,2026-07-27T15:59:08.115156+0000,0.1.0
prov_az_abs_f7be8671e0f0,prog_az_abs,entity,"Homefront Group, LLC",homefront group,AZ,,active,"[""VA Disability"", ""Mass Tort"", ""Government Claims""]",,,,,https://homefrontgroup.com,snap_9f99d17bf219186a,snap_5fe4ce66dccfad89,https://www.azcourts.gov/cld/Alternative-Business-Structure/Directory,2026-07-27T15:59:08.115156+0000,0.1.0
prov_az_abs_fb45080a4cf1,prog_az_abs,entity,"Delta Legal Services, Inc.",delta legal services,AZ,,active,"",,,,,,snap_9f99d17bf219186a,snap_5fe4ce66dccfad89,https://www.azcourts.gov/cld/Alternative-Business-Structure/Directory,2026-07-27T15:59:08.115156+0000,0.1.0
prov_az_abs_fbde4df5fd56,prog_az_abs,entity,"Tice Mendes Law, PLLC",tice mendes law,AZ,,active,"",,,,,,snap_9f99d17bf219186a,snap_5fe4ce66dccfad89,https://www.azcourts.gov/cld/Alternative-Business-Structure/Directory,2026-07-27T15:59:08.115156+0000,0.1.0
prov_az_abs_fc0bc30fd5fc,prog_az_abs,entity,"Kaplan Law, LLC",kaplan law,AZ,,active,"",,,,,,snap_9f99d17bf219186a,snap_5fe4ce66dccfad89,https://www.azcourts.gov/cld/Alternative-Business-Structure/Directory,2026-07-27T15:59:08.115156+0000,0.1.0
prov_az_abs_fe096e0619b4,prog_az_abs,entity,"Redwood Grove Law, LLC (Formerly, Arizona Redwood)",redwood grove law formerly arizona redwood,AZ,,active,"",,,,,https://Redwoodgrovelaw.com,snap_a6e3d292014fceaf,snap_5fe4ce66dccfad89,https://www.azcourts.gov/cld/Alternative-Business-Structure/Directory,2026-07-27T15:59:08.115156+0000,0.1.0
prov_az_abs_fe76ca614d51,prog_az_abs,entity,"iVisa Legal, LLC",ivisa legal,AZ,,active,"[""Immigration"", ""Documentation""]",,,,,https://ivisalegal.com/,snap_9f99d17bf219186a,snap_5fe4ce66dccfad89,https://www.azcourts.gov/cld/Alternative-Business-Structure/Directory,2026-07-27T15:59:08.115156+0000,0.1.0
prov_az_lp_03a43163f52f,prog_az_lp,individual,Candace Thude,candace thude,AZ,,active,"[""Family""]",,,,,,snap_26827600c4012050,snap_d026b814dd81ac5e,https://www.azcourts.gov/cld/Legal-Paraprofessional/Directory,2026-07-27T15:59:12.322029+0000,0.1.0
prov_az_lp_041b1eb72645,prog_az_lp,individual,Hamilton (Hal) Van Woert,hamilton hal van woert,AZ,,active,"[""Family"", ""Civil"", ""Criminal""]",,,,,,snap_26827600c4012050,snap_d026b814dd81ac5e,https://www.azcourts.gov/cld/Legal-Paraprofessional/Directory,2026-07-27T15:59:12.322029+0000,0.1.0
prov_az_lp_086f4c50b59b,prog_az_lp,individual,Dawn Elliott,dawn elliott,AZ,,exited,"[""Civil""]",,,,,,snap_26827600c4012050,snap_1360d9f9a1d9297e,https://www.azcourts.gov/cld/Legal-Paraprofessional/Directory,2026-07-20T16:17:50.442158+0000,0.1.0
prov_az_lp_08dbf9af4346,prog_az_lp,individual,Michael Bilodeau,michael bilodeau,AZ,,active,"[""Family""]",,,,,,snap_26827600c4012050,snap_d026b814dd81ac5e,https://www.azcourts.gov/cld/Legal-Paraprofessional/Directory,2026-07-27T15:59:12.322029+0000,0.1.0
prov_az_lp_0f3c11b7b4ca,prog_az_lp,individual,Joanna MacLean,joanna maclean,AZ,,active,"[""Family""]",,,,,,snap_26827600c4012050,snap_d026b814dd81ac5e,https://www.azcourts.gov/cld/Legal-Paraprofessional/Directory,2026-07-27T15:59:12.322029+0000,0.1.0
prov_az_lp_10f1d0ff6ae3,prog_az_lp,individual,Jared Gunn,jared gunn,AZ,,exited,"[""Juvenile""]",,,,,,snap_26827600c4012050,snap_1360d9f9a1d9297e,https://www.azcourts.gov/cld/Legal-Paraprofessional/Directory,2026-07-20T16:17:50.442158+0000,0.1.0
prov_az_lp_1108d81d9b40,prog_az_lp,individual,Samantha Hope Gilchrist,samantha hope gilchrist,AZ,,active,"[""Family"", ""Criminal""]",,,,,,snap_26827600c4012050,snap_d026b814dd81ac5e,https://www.azcourts.gov/cld/Legal-Paraprofessional/Directory,2026-07-27T15:59:12.322029+0000,0.1.0
prov_az_lp_1ae1bceaa4f2,prog_az_lp,individual,Roberta Moon,roberta moon,AZ,,active,"[""Family""]",,,,,,snap_26827600c4012050,snap_d026b814dd81ac5e,https://www.azcourts.gov/cld/Legal-Paraprofessional/Directory,2026-07-27T15:59:12.322029+0000,0.1.0
prov_az_lp_1b00f99daaed,prog_az_lp,individual,Jennifer Pierson,jennifer pierson,AZ,,active,"[""Family""]",,,,,,snap_26827600c4012050,snap_d026b814dd81ac5e,https://www.azcourts.gov/cld/Legal-Paraprofessional/Directory,2026-07-27T15:59:12.322029+0000,0.1.0
prov_az_lp_1cae319d5013,prog_az_lp,individual,Sabrina Bell,sabrina bell,AZ,,active,"[""Family""]",,,,,,snap_26827600c4012050,snap_d026b814dd81ac5e,https://www.azcourts.gov/cld/Legal-Paraprofessional/Directory,2026-07-27T15:59:12.322029+0000,0.1.0
prov_az_lp_1ddb7e070ddc,prog_az_lp,individual,Jodie Alami,jodie alami,AZ,,unknown,"[""Civil""]",,,,,,snap_d026b814dd81ac5e,snap_d026b814dd81ac5e,https://www.azcourts.gov/cld/Legal-Paraprofessional/Directory,2026-07-27T15:59:12.322029+0000,0.1.0
prov_az_lp_1ee190c3a291,prog_az_lp,individual,Holli Parsons,holli parsons,AZ,,active,"[""Family""]",,,,,,snap_26827600c4012050,snap_d026b814dd81ac5e,https://www.azcourts.gov/cld/Legal-Paraprofessional/Directory,2026-07-27T15:59:12.322029+0000,0.1.0
prov_az_lp_20d4df85670e,prog_az_lp,individual,Amber Labadie,amber labadie,AZ,,active,"[""Family""]",,,,,,snap_26827600c4012050,snap_d026b814dd81ac5e,https://www.azcourts.gov/cld/Legal-Paraprofessional/Directory,2026-07-27T15:59:12.322029+0000,0.1.0
prov_az_lp_28a23eda86f0,prog_az_lp,individual,Leon Estrada,leon estrada,AZ,,active,"[""Civil""]",,,,,,snap_26827600c4012050,snap_d026b814dd81ac5e,https://www.azcourts.gov/cld/Legal-Paraprofessional/Directory,2026-07-27T15:59:12.322029+0000,0.1.0
prov_az_lp_28bfe09bd5a1,prog_az_lp,individual,Jason Halper,jason halper,AZ,,active,"[""Civil"", ""Family""]",,,,,,snap_26827600c4012050,snap_d026b814dd81ac5e,https://www.azcourts.gov/cld/Legal-Paraprofessional/Directory,2026-07-27T15:59:12.322029+0000,0.1.0
prov_az_lp_2cdf257040bd,prog_az_lp,individual,Stacy James,stacy james,AZ,,active,"[""Family""]",,,,,,snap_26827600c4012050,snap_d026b814dd81ac5e,https://www.azcourts.gov/cld/Legal-Paraprofessional/Directory,2026-07-27T15:59:12.322029+0000,0.1.0
prov_az_lp_2cf882bd03c8,prog_az_lp,individual,Kevin Kas,kevin kas,AZ,,active,"[""Family""]",,,,,,snap_26827600c4012050,snap_d026b814dd81ac5e,https://www.azcourts.gov/cld/Legal-Paraprofessional/Directory,2026-07-27T15:59:12.322029+0000,0.1.0
prov_az_lp_2d5184038041,prog_az_lp,individual,Gay Mennuti,gay mennuti,AZ,,active,"[""Civil""]",,,,,,snap_26827600c4012050,snap_d026b814dd81ac5e,https://www.azcourts.gov/cld/Legal-Paraprofessional/Directory,2026-07-27T15:59:12.322029+0000,0.1.0
prov_az_lp_2ead5917a6b2,prog_az_lp,individual,Nitasha Miller,nitasha miller,AZ,,active,"[""Family"", ""Criminal""]",,,,,,snap_26827600c4012050,snap_d026b814dd81ac5e,https://www.azcourts.gov/cld/Legal-Paraprofessional/Directory,2026-07-27T15:59:12.322029+0000,0.1.0
prov_az_lp_3227d1572bb4,prog_az_lp,individual,Jeremy Jack,jeremy jack,AZ,,active,"[""Family""]",,,,,,snap_26827600c4012050,snap_d026b814dd81ac5e,https://www.azcourts.gov/cld/Legal-Paraprofessional/Directory,2026-07-27T15:59:12.322029+0000,0.1.0
prov_az_lp_322d46f0168a,prog_az_lp,individual,Joel Wresh,joel wresh,AZ,,active,"[""Civil""]",,,,,,snap_26827600c4012050,snap_d026b814dd81ac5e,https://www.azcourts.gov/cld/Legal-Paraprofessional/Directory,2026-07-27T15:59:12.322029+0000,0.1.0
prov_az_lp_32545d2ef792,prog_az_lp,individual,Elisa Aldaco,elisa aldaco,AZ,,active,"[""Family""]",,,,,,snap_26827600c4012050,snap_d026b814dd81ac5e,https://www.azcourts.gov/cld/Legal-Paraprofessional/Directory,2026-07-27T15:59:12.322029+0000,0.1.0
prov_az_lp_327772a3ac8d,prog_az_lp,individual,Crystal Corona,crystal corona,AZ,,active,"[""Family""]",,,,,,snap_26827600c4012050,snap_d026b814dd81ac5e,https://www.azcourts.gov/cld/Legal-Paraprofessional/Directory,2026-07-27T15:59:12.322029+0000,0.1.0
prov_az_lp_3333eed1f0a4,prog_az_lp,individual,Randi Partain,randi partain,AZ,,active,"[""Family""]",,,,,,snap_26827600c4012050,snap_d026b814dd81ac5e,https://www.azcourts.gov/cld/Legal-Paraprofessional/Directory,2026-07-27T15:59:12.322029+0000,0.1.0
prov_az_lp_33a3a6c0ce28,prog_az_lp,individual,Colton Wiggs,colton wiggs,AZ,,active,"[""Family""]",,,,,,snap_26827600c4012050,snap_d026b814dd81ac5e,https://www.azcourts.gov/cld/Legal-Paraprofessional/Directory,2026-07-27T15:59:12.322029+0000,0.1.0
prov_az_lp_38487810bc6f,prog_az_lp,individual,Sabrina Shanahan,sabrina shanahan,AZ,,active,"[""Family""]",,,,,,snap_d026b814dd81ac5e,snap_d026b814dd81ac5e,https://www.azcourts.gov/cld/Legal-Paraprofessional/Directory,2026-07-27T15:59:12.322029+0000,0.1.0
prov_az_lp_3a9bac043b4e,prog_az_lp,individual,Victoria Seros,victoria seros,AZ,,active,"[""Family""]",,,,,,snap_26827600c4012050,snap_d026b814dd81ac5e,https://www.azcourts.gov/cld/Legal-Paraprofessional/Directory,2026-07-27T15:59:12.322029+0000,0.1.0
prov_az_lp_3b407c429f2b,prog_az_lp,individual,Roland Jones,roland jones,AZ,,exited,"[""Family""]",,,,,,snap_26827600c4012050,snap_1360d9f9a1d9297e,https://www.azcourts.gov/cld/Legal-Paraprofessional/Directory,2026-07-20T16:17:50.442158+0000,0.1.0
prov_az_lp_3d4050959801,prog_az_lp,individual,Rebekah Chapman,rebekah chapman,AZ,,active,"[""Family""]",,,,,,snap_26827600c4012050,snap_d026b814dd81ac5e,https://www.azcourts.gov/cld/Legal-Paraprofessional/Directory,2026-07-27T15:59:12.322029+0000,0.1.0
prov_az_lp_3d8615f9956f,prog_az_lp,individual,Jennifer Staskey,jennifer staskey,AZ,,exited,"[""Family""]",,,,,,snap_26827600c4012050,snap_1360d9f9a1d9297e,https://www.azcourts.gov/cld/Legal-Paraprofessional/Directory,2026-07-20T16:17:50.442158+0000,0.1.0
prov_az_lp_421900155140,prog_az_lp,individual,Kristen Kiernan,kristen kiernan,AZ,,active,"[""Family""]",,,,,,snap_26827600c4012050,snap_d026b814dd81ac5e,https://www.azcourts.gov/cld/Legal-Paraprofessional/Directory,2026-07-27T15:59:12.322029+0000,0.1.0
prov_az_lp_44c8cf99c53f,prog_az_lp,individual,Amy Miller,amy miller,AZ,,active,"[""Family""]",,,,,,snap_26827600c4012050,snap_d026b814dd81ac5e,https://www.azcourts.gov/cld/Legal-Paraprofessional/Directory,2026-07-27T15:59:12.322029+0000,0.1.0
prov_az_lp_45091554dfaf,prog_az_lp,individual,Bryanda Davila-Pradel,bryanda davila pradel,AZ,,active,"[""Family""]",,,,,,snap_26827600c4012050,snap_d026b814dd81ac5e,https://www.azcourts.gov/cld/Legal-Paraprofessional/Directory,2026-07-27T15:59:12.322029+0000,0.1.0
prov_az_lp_4567d383ac4e,prog_az_lp,individual,Tyson Marsh,tyson marsh,AZ,,active,"[""Family""]",,,,,,snap_26827600c4012050,snap_d026b814dd81ac5e,https://www.azcourts.gov/cld/Legal-Paraprofessional/Directory,2026-07-27T15:59:12.322029+0000,0.1.0
prov_az_lp_47f74afdc19e,prog_az_lp,individual,Peggy Cochran,peggy cochran,AZ,,active,"[""Family""]",,,,,,snap_26827600c4012050,snap_d026b814dd81ac5e,https://www.azcourts.gov/cld/Legal-Paraprofessional/Directory,2026-07-27T15:59:12.322029+0000,0.1.0
prov_az_lp_4889199614ed,prog_az_lp,individual,Christina Johnston Meyers,christina johnston meyers,AZ,,active,"[""Criminal""]",,,,,,snap_26827600c4012050,snap_d026b814dd81ac5e,https://www.azcourts.gov/cld/Legal-Paraprofessional/Directory,2026-07-27T15:59:12.322029+0000,0.1.0
prov_az_lp_4b23af55bd1c,prog_az_lp,individual,Tammy Leach,tammy leach,AZ,,active,"[""Family""]",,,,,,snap_642532999d024c19,snap_d026b814dd81ac5e,https://www.azcourts.gov/cld/Legal-Paraprofessional/Directory,2026-07-27T15:59:12.322029+0000,0.1.0
prov_az_lp_4b6e1319b691,prog_az_lp,individual,Michele Ryan,michele ryan,AZ,,active,"[""Civil""]",,,,,,snap_26827600c4012050,snap_d026b814dd81ac5e,https://www.azcourts.gov/cld/Legal-Paraprofessional/Directory,2026-07-27T15:59:12.322029+0000,0.1.0
prov_az_lp_5308e29e562a,prog_az_lp,individual,Tara Hughes,tara hughes,AZ,,active,"[""Family""]",,,,,,snap_26827600c4012050,snap_d026b814dd81ac5e,https://www.azcourts.gov/cld/Legal-Paraprofessional/Directory,2026-07-27T15:59:12.322029+0000,0.1.0
prov_az_lp_53a5ff5394b6,prog_az_lp,individual,Nichol Fitzpatrick,nichol fitzpatrick,AZ,,active,"[""Family""]",,,,,,snap_26827600c4012050,snap_d026b814dd81ac5e,https://www.azcourts.gov/cld/Legal-Paraprofessional/Directory,2026-07-27T15:59:12.322029+0000,0.1.0
prov_az_lp_5583bd0f4f33,prog_az_lp,individual,Benjamin Schwartz,benjamin schwartz,AZ,,active,"[""Family""]",,,,,,snap_26827600c4012050,snap_d026b814dd81ac5e,https://www.azcourts.gov/cld/Legal-Paraprofessional/Directory,2026-07-27T15:59:12.322029+0000,0.1.0
prov_az_lp_56055ba65583,prog_az_lp,individual,Destiny Stamper,destiny stamper,AZ,,active,"[""Family""]",,,,,,snap_26827600c4012050,snap_d026b814dd81ac5e,https://www.azcourts.gov/cld/Legal-Paraprofessional/Directory,2026-07-27T15:59:12.322029+0000,0.1.0
prov_az_lp_59fca211f451,prog_az_lp,individual,Jessica Fleming,jessica fleming,AZ,,active,"[""Criminal""]",,,,,,snap_26827600c4012050,snap_d026b814dd81ac5e,https://www.azcourts.gov/cld/Legal-Paraprofessional/Directory,2026-07-27T15:59:12.322029+0000,0.1.0
prov_az_lp_5aa26d7d3017,prog_az_lp,individual,Daniella Hull,daniella hull,AZ,,active,"[""Family""]",,,,,,snap_26827600c4012050,snap_d026b814dd81ac5e,https://www.azcourts.gov/cld/Legal-Paraprofessional/Directory,2026-07-27T15:59:12.322029+0000,0.1.0
prov_az_lp_5d1e442ebfee,prog_az_lp,individual,Beth Maxwell,beth maxwell,AZ,,active,"[""Family""]",,,,,,snap_26827600c4012050,snap_d026b814dd81ac5e,https://www.azcourts.gov/cld/Legal-Paraprofessional/Directory,2026-07-27T15:59:12.322029+0000,0.1.0
prov_az_lp_5d1eded4c569,prog_az_lp,individual,Cyndy Espinoza,cyndy espinoza,AZ,,active,"[""Family"", ""Criminal""]",,,,,,snap_26827600c4012050,snap_d026b814dd81ac5e,https://www.azcourts.gov/cld/Legal-Paraprofessional/Directory,2026-07-27T15:59:12.322029+0000,0.1.0
prov_az_lp_5e2d936cb167,prog_az_lp,individual,Hannah Sturdevant,hannah sturdevant,AZ,,exited,"[""Civil""]",,,,,,snap_26827600c4012050,snap_1360d9f9a1d9297e,https://www.azcourts.gov/cld/Legal-Paraprofessional/Directory,2026-07-20T16:17:50.442158+0000,0.1.0
prov_az_lp_5e69805f0769,prog_az_lp,individual,Staci Maret,staci maret,AZ,,active,"[""Family""]",,,,,,snap_26827600c4012050,snap_d026b814dd81ac5e,https://www.azcourts.gov/cld/Legal-Paraprofessional/Directory,2026-07-27T15:59:12.322029+0000,0.1.0
prov_az_lp_5f7f426999c8,prog_az_lp,individual,Cynthia Wences-Nunez,cynthia wences nunez,AZ,,active,"[""Family""]",,,,,,snap_d026b814dd81ac5e,snap_d026b814dd81ac5e,https://www.azcourts.gov/cld/Legal-Paraprofessional/Directory,2026-07-27T15:59:12.322029+0000,0.1.0
prov_az_lp_63a87c8d2ce2,prog_az_lp,individual,Kimberly Sisk,kimberly sisk,AZ,,active,"[""Family""]",,,,,,snap_26827600c4012050,snap_d026b814dd81ac5e,https://www.azcourts.gov/cld/Legal-Paraprofessional/Directory,2026-07-27T15:59:12.322029+0000,0.1.0
prov_az_lp_65030d772724,prog_az_lp,individual,Robyn McCraw,robyn mccraw,AZ,,exited,"[""Family""]",,,,,,snap_26827600c4012050,snap_26827600c4012050,https://www.azcourts.gov/cld/Legal-Paraprofessional/Directory,2026-06-29T14:08:10.694860+0000,0.1.0
prov_az_lp_65d0a06ff60d,prog_az_lp,individual,Alison Lucas,alison lucas,AZ,,active,"[""Family""]",,,,,,snap_26827600c4012050,snap_d026b814dd81ac5e,https://www.azcourts.gov/cld/Legal-Paraprofessional/Directory,2026-07-27T15:59:12.322029+0000,0.1.0
prov_az_lp_66912177e150,prog_az_lp,individual,Heather Humphreys,heather humphreys,AZ,,active,"[""Family"", ""Civil"", ""Juvenile""]",,,,,,snap_26827600c4012050,snap_d026b814dd81ac5e,https://www.azcourts.gov/cld/Legal-Paraprofessional/Directory,2026-07-27T15:59:12.322029+0000,0.1.0
prov_az_lp_67964209f664,prog_az_lp,individual,Celeste Llona,celeste llona,AZ,,active,"[""Family""]",,,,,,snap_26827600c4012050,snap_d026b814dd81ac5e,https://www.azcourts.gov/cld/Legal-Paraprofessional/Directory,2026-07-27T15:59:12.322029+0000,0.1.0
prov_az_lp_67c570690217,prog_az_lp,individual,Jennelle DeAtley,jennelle deatley,AZ,,active,"[""Family""]",,,,,,snap_26827600c4012050,snap_d026b814dd81ac5e,https://www.azcourts.gov/cld/Legal-Paraprofessional/Directory,2026-07-27T15:59:12.322029+0000,0.1.0
prov_az_lp_68301ac865a9,prog_az_lp,individual,Deanette Schonbachler,deanette schonbachler,AZ,,active,"[""Civil""]",,,,,,snap_26827600c4012050,snap_d026b814dd81ac5e,https://www.azcourts.gov/cld/Legal-Paraprofessional/Directory,2026-07-27T15:59:12.322029+0000,0.1.0
prov_az_lp_6902777ce54d,prog_az_lp,individual,Mary Polucci,mary polucci,AZ,,active,"[""Family""]",,,,,,snap_26827600c4012050,snap_d026b814dd81ac5e,https://www.azcourts.gov/cld/Legal-Paraprofessional/Directory,2026-07-27T15:59:12.322029+0000,0.1.0
prov_az_lp_6a1621f0a4a7,prog_az_lp,individual,Brenda Pratt,brenda pratt,AZ,,active,"[""Family""]",,,,,,snap_26827600c4012050,snap_d026b814dd81ac5e,https://www.azcourts.gov/cld/Legal-Paraprofessional/Directory,2026-07-27T15:59:12.322029+0000,0.1.0
prov_az_lp_6bfe9cb7df2c,prog_az_lp,individual,Paul Gladden,paul gladden,AZ,,active,"[""Civil"", ""Family""]",,,,,,snap_26827600c4012050,snap_d026b814dd81ac5e,https://www.azcourts.gov/cld/Legal-Paraprofessional/Directory,2026-07-27T15:59:12.322029+0000,0.1.0
prov_az_lp_6d78af876c57,prog_az_lp,individual,Dionne Howell,dionne howell,AZ,,active,"[""Family""]",,,,,,snap_26827600c4012050,snap_d026b814dd81ac5e,https://www.azcourts.gov/cld/Legal-Paraprofessional/Directory,2026-07-27T15:59:12.322029+0000,0.1.0
prov_az_lp_6dd211f42e12,prog_az_lp,individual,CJ Garan,cj garan,AZ,,active,"[""Criminal""]",,,,,,snap_26827600c4012050,snap_d026b814dd81ac5e,https://www.azcourts.gov/cld/Legal-Paraprofessional/Directory,2026-07-27T15:59:12.322029+0000,0.1.0
prov_az_lp_6e7f30963c58,prog_az_lp,individual,Daniella Montez,daniella montez,AZ,,active,"[""Family""]",,,,,,snap_26827600c4012050,snap_d026b814dd81ac5e,https://www.azcourts.gov/cld/Legal-Paraprofessional/Directory,2026-07-27T15:59:12.322029+0000,0.1.0
prov_az_lp_70dc0d1ad492,prog_az_lp,individual,Demario Butchee,demario butchee,AZ,,unknown,"[""Juvenile""]",,,,,,snap_26827600c4012050,snap_d026b814dd81ac5e,https://www.azcourts.gov/cld/Legal-Paraprofessional/Directory,2026-07-27T15:59:12.322029+0000,0.1.0
prov_az_lp_7274ddce9b9c,prog_az_lp,individual,Alejandra Gerardo,alejandra gerardo,AZ,,active,"[""Family""]",,,,,,snap_26827600c4012050,snap_d026b814dd81ac5e,https://www.azcourts.gov/cld/Legal-Paraprofessional/Directory,2026-07-27T15:59:12.322029+0000,0.1.0
prov_az_lp_73fc13227dc5,prog_az_lp,individual,Jaymi Trimble,jaymi trimble,AZ,,active,"[""Family""]",,,,,,snap_26827600c4012050,snap_d026b814dd81ac5e,https://www.azcourts.gov/cld/Legal-Paraprofessional/Directory,2026-07-27T15:59:12.322029+0000,0.1.0
prov_az_lp_7542240bc0f6,prog_az_lp,individual,Jamie Wright,jamie wright,AZ,,active,"[""Family""]",,,,,,snap_26827600c4012050,snap_d026b814dd81ac5e,https://www.azcourts.gov/cld/Legal-Paraprofessional/Directory,2026-07-27T15:59:12.322029+0000,0.1.0
prov_az_lp_75ecb1f57e87,prog_az_lp,individual,Kimberly Wallace,kimberly wallace,AZ,,active,"[""Administrative""]",,,,,,snap_26827600c4012050,snap_d026b814dd81ac5e,https://www.azcourts.gov/cld/Legal-Paraprofessional/Directory,2026-07-27T15:59:12.322029+0000,0.1.0
prov_az_lp_75f0807c5b4f,prog_az_lp,individual,Najaht Herrera,najaht herrera,AZ,,active,"[""Family""]",,,,,,snap_26827600c4012050,snap_d026b814dd81ac5e,https://www.azcourts.gov/cld/Legal-Paraprofessional/Directory,2026-07-27T15:59:12.322029+0000,0.1.0
prov_az_lp_79bdae555a9c,prog_az_lp,individual,Mandi Hemming,mandi hemming,AZ,,active,"[""Family""]",,,,,,snap_26827600c4012050,snap_d026b814dd81ac5e,https://www.azcourts.gov/cld/Legal-Paraprofessional/Directory,2026-07-27T15:59:12.322029+0000,0.1.0
prov_az_lp_7df8da34a3ac,prog_az_lp,individual,Chelsea Woodworth,chelsea woodworth,AZ,,exited,"[""Family"", ""Civil""]",,,,,,snap_26827600c4012050,snap_1360d9f9a1d9297e,https://www.azcourts.gov/cld/Legal-Paraprofessional/Directory,2026-07-20T16:17:50.442158+0000,0.1.0
prov_az_lp_80cf7b6affa2,prog_az_lp,individual,Lucas Woyton,lucas woyton,AZ,,active,"[""Family""]",,,,,,snap_26827600c4012050,snap_d026b814dd81ac5e,https://www.azcourts.gov/cld/Legal-Paraprofessional/Directory,2026-07-27T15:59:12.322029+0000,0.1.0
prov_az_lp_815bf1883771,prog_az_lp,individual,C. Richard Caudill-Arundell,c richard caudill arundell,AZ,,unknown,"[""Civil""]",,,,,,snap_26827600c4012050,snap_d026b814dd81ac5e,https://www.azcourts.gov/cld/Legal-Paraprofessional/Directory,2026-07-27T15:59:12.322029+0000,0.1.0
prov_az_lp_81e2006976bc,prog_az_lp,individual,Don Burns,don burns,AZ,,active,"[""Civil""]",,,,,,snap_26827600c4012050,snap_d026b814dd81ac5e,https://www.azcourts.gov/cld/Legal-Paraprofessional/Directory,2026-07-27T15:59:12.322029+0000,0.1.0
prov_az_lp_82d0e946e98f,prog_az_lp,individual,Jennifer Bonillas,jennifer bonillas,AZ,,active,"[""Family""]",,,,,,snap_26827600c4012050,snap_d026b814dd81ac5e,https://www.azcourts.gov/cld/Legal-Paraprofessional/Directory,2026-07-27T15:59:12.322029+0000,0.1.0
prov_az_lp_850a4961d8db,prog_az_lp,individual,Katherine Hofland,katherine hofland,AZ,,active,"[""Administrative""]",,,,,,snap_26827600c4012050,snap_d026b814dd81ac5e,https://www.azcourts.gov/cld/Legal-Paraprofessional/Directory,2026-07-27T15:59:12.322029+0000,0.1.0
prov_az_lp_86a57526bbee,prog_az_lp,individual,Trey Boblett,trey boblett,AZ,,active,"[""Family""]",,,,,,snap_26827600c4012050,snap_d026b814dd81ac5e,https://www.azcourts.gov/cld/Legal-Paraprofessional/Directory,2026-07-27T15:59:12.322029+0000,0.1.0
prov_az_lp_86f05b265eec,prog_az_lp,individual,Alise Eckel,alise eckel,AZ,,exited,"[""Criminal""]",,,,,,snap_26827600c4012050,snap_1360d9f9a1d9297e,https://www.azcourts.gov/cld/Legal-Paraprofessional/Directory,2026-07-20T16:17:50.442158+0000,0.1.0
prov_az_lp_880a1824e09a,prog_az_lp,individual,Rhonda Levitz Chatman,rhonda levitz chatman,AZ,,active,"[""Family""]",,,,,,snap_26827600c4012050,snap_d026b814dd81ac5e,https://www.azcourts.gov/cld/Legal-Paraprofessional/Directory,2026-07-27T15:59:12.322029+0000,0.1.0
prov_az_lp_897b51d42127,prog_az_lp,individual,Stephanie Villalobos,stephanie villalobos,AZ,,active,"[""Family""]",,,,,,snap_26827600c4012050,snap_d026b814dd81ac5e,https://www.azcourts.gov/cld/Legal-Paraprofessional/Directory,2026-07-27T15:59:12.322029+0000,0.1.0
prov_az_lp_8c666ae92547,prog_az_lp,individual,Heather Potter,heather potter,AZ,,active,"[""Family""]",,,,,,snap_26827600c4012050,snap_d026b814dd81ac5e,https://www.azcourts.gov/cld/Legal-Paraprofessional/Directory,2026-07-27T15:59:12.322029+0000,0.1.0
prov_az_lp_8d2f9e9c7869,prog_az_lp,individual,Quincy Garcia,quincy garcia,AZ,,active,"[""Criminal""]",,,,,,snap_26827600c4012050,snap_d026b814dd81ac5e,https://www.azcourts.gov/cld/Legal-Paraprofessional/Directory,2026-07-27T15:59:12.322029+0000,0.1.0
prov_az_lp_8e268b031175,prog_az_lp,individual,Melissa Higbee,melissa higbee,AZ,,active,"[""Family""]",,,,,,snap_26827600c4012050,snap_d026b814dd81ac5e,https://www.azcourts.gov/cld/Legal-Paraprofessional/Directory,2026-07-27T15:59:12.322029+0000,0.1.0
prov_az_lp_8f32d3bde2e2,prog_az_lp,individual,Ember Bielanski,ember bielanski,AZ,,active,"[""Family""]",,,,,,snap_26827600c4012050,snap_d026b814dd81ac5e,https://www.azcourts.gov/cld/Legal-Paraprofessional/Directory,2026-07-27T15:59:12.322029+0000,0.1.0
prov_az_lp_93c0b7d995bf,prog_az_lp,individual,Guy Ecklund,guy ecklund,AZ,,active,"[""Civil""]",,,,,,snap_26827600c4012050,snap_d026b814dd81ac5e,https://www.azcourts.gov/cld/Legal-Paraprofessional/Directory,2026-07-27T15:59:12.322029+0000,0.1.0
prov_az_lp_94df5c0a02e0,prog_az_lp,individual,Julia Domilovskaia,julia domilovskaia,AZ,,active,"[""Criminal""]",,,,,,snap_26827600c4012050,snap_d026b814dd81ac5e,https://www.azcourts.gov/cld/Legal-Paraprofessional/Directory,2026-07-27T15:59:12.322029+0000,0.1.0
prov_az_lp_9a89a47967ce,prog_az_lp,individual,Christy Farmer,christy farmer,AZ,,active,"[""Family""]",,,,,,snap_26827600c4012050,snap_d026b814dd81ac5e,https://www.azcourts.gov/cld/Legal-Paraprofessional/Directory,2026-07-27T15:59:12.322029+0000,0.1.0
prov_az_lp_9d8a3cc224ca,prog_az_lp,individual,Michele West,michele west,AZ,,active,"[""Family""]",,,,,,snap_26827600c4012050,snap_d026b814dd81ac5e,https://www.azcourts.gov/cld/Legal-Paraprofessional/Directory,2026-07-27T15:59:12.322029+0000,0.1.0
prov_az_lp_9febc17d391d,prog_az_lp,individual,Jenifer Bone,jenifer bone,AZ,,active,"[""Family""]",,,,,,snap_26827600c4012050,snap_d026b814dd81ac5e,https://www.azcourts.gov/cld/Legal-Paraprofessional/Directory,2026-07-27T15:59:12.322029+0000,0.1.0
prov_az_lp_a001a32f2eb1,prog_az_lp,individual,William Ennis,william ennis,AZ,,active,"[""Criminal""]",,,,,,snap_26827600c4012050,snap_d026b814dd81ac5e,https://www.azcourts.gov/cld/Legal-Paraprofessional/Directory,2026-07-27T15:59:12.322029+0000,0.1.0
prov_az_lp_a3e6a01b2c7f,prog_az_lp,individual,Arminda Herrera,arminda herrera,AZ,,active,"[""Family""]",,,,,,snap_26827600c4012050,snap_d026b814dd81ac5e,https://www.azcourts.gov/cld/Legal-Paraprofessional/Directory,2026-07-27T15:59:12.322029+0000,0.1.0
prov_az_lp_a7c08fbcf049,prog_az_lp,individual,Devin Bullock,devin bullock,AZ,,active,"[""Family""]",,,,,,snap_26827600c4012050,snap_d026b814dd81ac5e,https://www.azcourts.gov/cld/Legal-Paraprofessional/Directory,2026-07-27T15:59:12.322029+0000,0.1.0
prov_az_lp_a91fd2c0fdde,prog_az_lp,individual,Tamara Broekhuizen,tamara broekhuizen,AZ,,active,"[""Family""]",,,,,,snap_26827600c4012050,snap_d026b814dd81ac5e,https://www.azcourts.gov/cld/Legal-Paraprofessional/Directory,2026-07-27T15:59:12.322029+0000,0.1.0
prov_az_lp_aa8158c4f23d,prog_az_lp,individual,Jennifer Partin,jennifer partin,AZ,,active,"[""Civil""]",,,,,,snap_26827600c4012050,snap_d026b814dd81ac5e,https://www.azcourts.gov/cld/Legal-Paraprofessional/Directory,2026-07-27T15:59:12.322029+0000,0.1.0
prov_az_lp_ac636224163f,prog_az_lp,individual,Kelly Phillips,kelly phillips,AZ,,active,"[""Family""]",,,,,,snap_26827600c4012050,snap_d026b814dd81ac5e,https://www.azcourts.gov/cld/Legal-Paraprofessional/Directory,2026-07-27T15:59:12.322029+0000,0.1.0
prov_az_lp_aed2a8e264f2,prog_az_lp,individual,Siegrid Burton,siegrid burton,AZ,,exited,"[""Criminal""]",,,,,,snap_26827600c4012050,snap_1360d9f9a1d9297e,https://www.azcourts.gov/cld/Legal-Paraprofessional/Directory,2026-07-20T16:17:50.442158+0000,0.1.0
prov_az_lp_b23d4ccc3e9b,prog_az_lp,individual,Conrad Simon,conrad simon,AZ,,active,"[""Family""]",,,,,,snap_26827600c4012050,snap_d026b814dd81ac5e,https://www.azcourts.gov/cld/Legal-Paraprofessional/Directory,2026-07-27T15:59:12.322029+0000,0.1.0
prov_az_lp_b5069385b076,prog_az_lp,individual,Amy Kadlec,amy kadlec,AZ,,active,"[""Family""]",,,,,,snap_26827600c4012050,snap_d026b814dd81ac5e,https://www.azcourts.gov/cld/Legal-Paraprofessional/Directory,2026-07-27T15:59:12.322029+0000,0.1.0
prov_az_lp_b7e976d552c4,prog_az_lp,individual,Victoria Castro,victoria castro,AZ,,active,"[""Family"", ""Criminal""]",,,,,,snap_26827600c4012050,snap_d026b814dd81ac5e,https://www.azcourts.gov/cld/Legal-Paraprofessional/Directory,2026-07-27T15:59:12.322029+0000,0.1.0
prov_az_lp_b7fc98c222b7,prog_az_lp,individual,Michele Surett,michele surett,AZ,,active,"[""Family""]",,,,,,snap_26827600c4012050,snap_d026b814dd81ac5e,https://www.azcourts.gov/cld/Legal-Paraprofessional/Directory,2026-07-27T15:59:12.322029+0000,0.1.0
prov_az_lp_b8221601704f,prog_az_lp,individual,Robyn Mayhew,robyn mayhew,AZ,,active,"[""Family""]",,,,,,snap_642532999d024c19,snap_d026b814dd81ac5e,https://www.azcourts.gov/cld/Legal-Paraprofessional/Directory,2026-07-27T15:59:12.322029+0000,0.1.0
prov_az_lp_b9f17f003b50,prog_az_lp,individual,Erica Marinone-Knight,erica marinone knight,AZ,,active,"[""Criminal""]",,,,,,snap_26827600c4012050,snap_d026b814dd81ac5e,https://www.azcourts.gov/cld/Legal-Paraprofessional/Directory,2026-07-27T15:59:12.322029+0000,0.1.0
prov_az_lp_c02529df2727,prog_az_lp,individual,Anthony Alongi,anthony alongi,AZ,,active,"[""Family""]",,,,,,snap_26827600c4012050,snap_d026b814dd81ac5e,https://www.azcourts.gov/cld/Legal-Paraprofessional/Directory,2026-07-27T15:59:12.322029+0000,0.1.0
prov_az_lp_c06622f2ce55,prog_az_lp,individual,Tammy Uhling,tammy uhling,AZ,,exited,"[""Family""]",,,,,,snap_26827600c4012050,snap_26827600c4012050,https://www.azcourts.gov/cld/Legal-Paraprofessional/Directory,2026-06-29T14:08:10.694860+0000,0.1.0
prov_az_lp_c14fc4c15efc,prog_az_lp,individual,Shayna Thompson,shayna thompson,AZ,,active,"[""Family""]",,,,,,snap_26827600c4012050,snap_d026b814dd81ac5e,https://www.azcourts.gov/cld/Legal-Paraprofessional/Directory,2026-07-27T15:59:12.322029+0000,0.1.0
prov_az_lp_c563bc746af3,prog_az_lp,individual,Michelle Herro,michelle herro,AZ,,active,"[""Family""]",,,,,,snap_26827600c4012050,snap_d026b814dd81ac5e,https://www.azcourts.gov/cld/Legal-Paraprofessional/Directory,2026-07-27T15:59:12.322029+0000,0.1.0
prov_az_lp_c69d7197ce90,prog_az_lp,individual,Jacqueline Dabney,jacqueline dabney,AZ,,active,"[""Family""]",,,,,,snap_26827600c4012050,snap_d026b814dd81ac5e,https://www.azcourts.gov/cld/Legal-Paraprofessional/Directory,2026-07-27T15:59:12.322029+0000,0.1.0
prov_az_lp_c6c183eb0f81,prog_az_lp,individual,"John ""Jack"" Hastings",john jack hastings,AZ,,active,"[""Civil"", ""Criminal""]",,,,,,snap_26827600c4012050,snap_d026b814dd81ac5e,https://www.azcourts.gov/cld/Legal-Paraprofessional/Directory,2026-07-27T15:59:12.322029+0000,0.1.0
prov_az_lp_c7ac83697558,prog_az_lp,individual,Michelle Codega,michelle codega,AZ,,active,"[""Criminal""]",,,,,,snap_26827600c4012050,snap_d026b814dd81ac5e,https://www.azcourts.gov/cld/Legal-Paraprofessional/Directory,2026-07-27T15:59:12.322029+0000,0.1.0
prov_az_lp_caf8f8bcbb0a,prog_az_lp,individual,Leslie Martinez,leslie martinez,AZ,,active,"[""Family""]",,,,,,snap_26827600c4012050,snap_d026b814dd81ac5e,https://www.azcourts.gov/cld/Legal-Paraprofessional/Directory,2026-07-27T15:59:12.322029+0000,0.1.0
prov_az_lp_d1dd1728720b,prog_az_lp,individual,Ruby Gaxiola,ruby gaxiola,AZ,,active,"[""Family"", ""Criminal""]",,,,,,snap_26827600c4012050,snap_d026b814dd81ac5e,https://www.azcourts.gov/cld/Legal-Paraprofessional/Directory,2026-07-27T15:59:12.322029+0000,0.1.0
prov_az_lp_d30638c5d013,prog_az_lp,individual,Julie Rodriguez,julie rodriguez,AZ,,unknown,"[""Civil""]",,,,,,snap_26827600c4012050,snap_d026b814dd81ac5e,https://www.azcourts.gov/cld/Legal-Paraprofessional/Directory,2026-07-27T15:59:12.322029+0000,0.1.0
prov_az_lp_d50b42dbbdec,prog_az_lp,individual,Pedro Roman,pedro roman,AZ,,active,"[""Family"", ""Civil""]",,,,,,snap_26827600c4012050,snap_d026b814dd81ac5e,https://www.azcourts.gov/cld/Legal-Paraprofessional/Directory,2026-07-27T15:59:12.322029+0000,0.1.0
prov_az_lp_d72c3c48789b,prog_az_lp,individual,Jennifer Damner,jennifer damner,AZ,,active,"[""Family""]",,,,,,snap_26827600c4012050,snap_d026b814dd81ac5e,https://www.azcourts.gov/cld/Legal-Paraprofessional/Directory,2026-07-27T15:59:12.322029+0000,0.1.0
prov_az_lp_d9d343c49731,prog_az_lp,individual,Sandra Bauer,sandra bauer,AZ,,active,"[""Family""]",,,,,,snap_26827600c4012050,snap_d026b814dd81ac5e,https://www.azcourts.gov/cld/Legal-Paraprofessional/Directory,2026-07-27T15:59:12.322029+0000,0.1.0
prov_az_lp_dc985f296172,prog_az_lp,individual,Christina Drake,christina drake,AZ,,active,"",,,,,,snap_d026b814dd81ac5e,snap_d026b814dd81ac5e,https://www.azcourts.gov/cld/Legal-Paraprofessional/Directory,2026-07-27T15:59:12.322029+0000,0.1.0
prov_az_lp_de5de1b16542,prog_az_lp,individual,Jessica Fanto,jessica fanto,AZ,,active,"[""Administrative""]",,,,,,snap_26827600c4012050,snap_d026b814dd81ac5e,https://www.azcourts.gov/cld/Legal-Paraprofessional/Directory,2026-07-27T15:59:12.322029+0000,0.1.0
prov_az_lp_e9e7ba557952,prog_az_lp,individual,Donna Owen,donna owen,AZ,,active,"[""Family""]",,,,,,snap_26827600c4012050,snap_d026b814dd81ac5e,https://www.azcourts.gov/cld/Legal-Paraprofessional/Directory,2026-07-27T15:59:12.322029+0000,0.1.0
prov_az_lp_f1d611f24f26,prog_az_lp,individual,Kaitlin Bokal,kaitlin bokal,AZ,,active,"[""Family""]",,,,,,snap_26827600c4012050,snap_d026b814dd81ac5e,https://www.azcourts.gov/cld/Legal-Paraprofessional/Directory,2026-07-27T15:59:12.322029+0000,0.1.0
prov_az_lp_f38596295f55,prog_az_lp,individual,Elizabeth Petculescu (Ramia),elizabeth petculescu ramia,AZ,,active,"[""Family""]",,,,,,snap_26827600c4012050,snap_d026b814dd81ac5e,https://www.azcourts.gov/cld/Legal-Paraprofessional/Directory,2026-07-27T15:59:12.322029+0000,0.1.0
prov_az_lp_f56fad469241,prog_az_lp,individual,Lynae Bustamante,lynae bustamante,AZ,,active,"[""Family""]",,,,,,snap_26827600c4012050,snap_d026b814dd81ac5e,https://www.azcourts.gov/cld/Legal-Paraprofessional/Directory,2026-07-27T15:59:12.322029+0000,0.1.0
prov_az_lp_f58b6faad5a0,prog_az_lp,individual,Michelle Byrd,michelle byrd,AZ,,active,"[""Family""]",,,,,,snap_26827600c4012050,snap_d026b814dd81ac5e,https://www.azcourts.gov/cld/Legal-Paraprofessional/Directory,2026-07-27T15:59:12.322029+0000,0.1.0
prov_az_lp_f8d5d8c429df,prog_az_lp,individual,Kaitlin Gapen,kaitlin gapen,AZ,,active,"[""Family""]",,,,,,snap_26827600c4012050,snap_d026b814dd81ac5e,https://www.azcourts.gov/cld/Legal-Paraprofessional/Directory,2026-07-27T15:59:12.322029+0000,0.1.0
prov_az_lp_f947d6ba418d,prog_az_lp,individual,Carrie Gremard,carrie gremard,AZ,,active,"[""Family""]",,,,,,snap_26827600c4012050,snap_d026b814dd81ac5e,https://www.azcourts.gov/cld/Legal-Paraprofessional/Directory,2026-07-27T15:59:12.322029+0000,0.1.0
prov_az_lp_fc160ab33fda,prog_az_lp,individual,Melissa Hahn,melissa hahn,AZ,,active,"[""Criminal""]",,,,,,snap_26827600c4012050,snap_d026b814dd81ac5e,https://www.azcourts.gov/cld/Legal-Paraprofessional/Directory,2026-07-27T15:59:12.322029+0000,0.1.0
prov_az_lp_fdbe8456bcbf,prog_az_lp,individual,Donna Thompson,donna thompson,AZ,,active,"[""Family""]",,,,,,snap_26827600c4012050,snap_d026b814dd81ac5e,https://www.azcourts.gov/cld/Legal-Paraprofessional/Directory,2026-07-27T15:59:12.322029+0000,0.1.0
prov_az_lp_ffb5e6be0f6e,prog_az_lp,individual,Erin Kvist,erin kvist,AZ,,active,"[""Civil""]",,,,,,snap_26827600c4012050,snap_d026b814dd81ac5e,https://www.azcourts.gov/cld/Legal-Paraprofessional/Directory,2026-07-27T15:59:12.322029+0000,0.1.0
prov_co_llp_600000,prog_co_llp,individual,Catherine Joy McClaugherty,catherine joy mcclaugherty,CO,,active,"[""Domestic Relations""]",,,,,,snap_49941ce75946f286,snap_49941ce75946f286,https://www.coloradolegalregulation.com/wp-content/uploads/PDF/LLP/Admitted%20LLP%20Roster.pdf,2026-06-29T23:16:12.887720+0000,0.1.0
prov_co_llp_600001,prog_co_llp,individual,Ronni Nicole Victorino,ronni nicole victorino,CO,,active,"[""Domestic Relations""]",,,,,,snap_49941ce75946f286,snap_49941ce75946f286,https://www.coloradolegalregulation.com/wp-content/uploads/PDF/LLP/Admitted%20LLP%20Roster.pdf,2026-06-29T23:16:12.887720+0000,0.1.0
prov_co_llp_600002,prog_co_llp,individual,Gail Arlene Rodosevich,gail arlene rodosevich,CO,,active,"[""Domestic Relations""]",,,,,,snap_49941ce75946f286,snap_49941ce75946f286,https://www.coloradolegalregulation.com/wp-content/uploads/PDF/LLP/Admitted%20LLP%20Roster.pdf,2026-06-29T23:16:12.887720+0000,0.1.0
prov_co_llp_600003,prog_co_llp,individual,Kimberly Sheree Peterson,kimberly sheree peterson,CO,,active,"[""Domestic Relations""]",,,,,,snap_49941ce75946f286,snap_49941ce75946f286,https://www.coloradolegalregulation.com/wp-content/uploads/PDF/LLP/Admitted%20LLP%20Roster.pdf,2026-06-29T23:16:12.887720+0000,0.1.0
prov_co_llp_600004,prog_co_llp,individual,Vickie Marlene Vetter,vickie marlene vetter,CO,,active,"[""Domestic Relations""]",,,,,,snap_49941ce75946f286,snap_49941ce75946f286,https://www.coloradolegalregulation.com/wp-content/uploads/PDF/LLP/Admitted%20LLP%20Roster.pdf,2026-06-29T23:16:12.887720+0000,0.1.0
prov_co_llp_600005,prog_co_llp,individual,Demi Alyssa Valdez,demi alyssa valdez,CO,,active,"[""Domestic Relations""]",,,,,,snap_49941ce75946f286,snap_49941ce75946f286,https://www.coloradolegalregulation.com/wp-content/uploads/PDF/LLP/Admitted%20LLP%20Roster.pdf,2026-06-29T23:16:12.887720+0000,0.1.0
prov_co_llp_600006,prog_co_llp,individual,Brittany Anne Joerger,brittany anne joerger,CO,,active,"[""Domestic Relations""]",,,,,,snap_49941ce75946f286,snap_49941ce75946f286,https://www.coloradolegalregulation.com/wp-content/uploads/PDF/LLP/Admitted%20LLP%20Roster.pdf,2026-06-29T23:16:12.887720+0000,0.1.0
prov_co_llp_600007,prog_co_llp,individual,Meghan Mary Flanagan,meghan mary flanagan,CO,,active,"[""Domestic Relations""]",,,,,,snap_49941ce75946f286,snap_49941ce75946f286,https://www.coloradolegalregulation.com/wp-content/uploads/PDF/LLP/Admitted%20LLP%20Roster.pdf,2026-06-29T23:16:12.887720+0000,0.1.0
prov_co_llp_600008,prog_co_llp,individual,Lea Ann Lyster,lea ann lyster,CO,,active,"[""Domestic Relations""]",,,,,,snap_49941ce75946f286,snap_49941ce75946f286,https://www.coloradolegalregulation.com/wp-content/uploads/PDF/LLP/Admitted%20LLP%20Roster.pdf,2026-06-29T23:16:12.887720+0000,0.1.0
prov_co_llp_600009,prog_co_llp,individual,Alexia Elizabeth Smith,alexia elizabeth smith,CO,,active,"[""Domestic Relations""]",,,,,,snap_49941ce75946f286,snap_49941ce75946f286,https://www.coloradolegalregulation.com/wp-content/uploads/PDF/LLP/Admitted%20LLP%20Roster.pdf,2026-06-29T23:16:12.887720+0000,0.1.0
prov_co_llp_600010,prog_co_llp,individual,Jessica Ursula Virkler,jessica ursula virkler,CO,,active,"[""Domestic Relations""]",,,,,,snap_49941ce75946f286,snap_49941ce75946f286,https://www.coloradolegalregulation.com/wp-content/uploads/PDF/LLP/Admitted%20LLP%20Roster.pdf,2026-06-29T23:16:12.887720+0000,0.1.0
prov_co_llp_600011,prog_co_llp,individual,Rachell Ruiz Freudenberg,rachell ruiz freudenberg,CO,,active,"[""Domestic Relations""]",,,,,,snap_49941ce75946f286,snap_49941ce75946f286,https://www.coloradolegalregulation.com/wp-content/uploads/PDF/LLP/Admitted%20LLP%20Roster.pdf,2026-06-29T23:16:12.887720+0000,0.1.0
prov_co_llp_600012,prog_co_llp,individual,Susan Rae Harris,susan rae harris,CO,,active,"[""Domestic Relations""]",,,,,,snap_49941ce75946f286,snap_49941ce75946f286,https://www.coloradolegalregulation.com/wp-content/uploads/PDF/LLP/Admitted%20LLP%20Roster.pdf,2026-06-29T23:16:12.887720+0000,0.1.0
prov_co_llp_600013,prog_co_llp,individual,Melissa Josephine Simonton,melissa josephine simonton,CO,,active,"[""Domestic Relations""]",,,,,,snap_49941ce75946f286,snap_49941ce75946f286,https://www.coloradolegalregulation.com/wp-content/uploads/PDF/LLP/Admitted%20LLP%20Roster.pdf,2026-06-29T23:16:12.887720+0000,0.1.0
prov_co_llp_600014,prog_co_llp,individual,Jessica Kupferer Haworth,jessica kupferer haworth,CO,,active,"[""Domestic Relations""]",,,,,,snap_49941ce75946f286,snap_49941ce75946f286,https://www.coloradolegalregulation.com/wp-content/uploads/PDF/LLP/Admitted%20LLP%20Roster.pdf,2026-06-29T23:16:12.887720+0000,0.1.0
prov_co_llp_600015,prog_co_llp,individual,Tracy Lynn Spiegel,tracy lynn spiegel,CO,,active,"[""Domestic Relations""]",,,,,,snap_49941ce75946f286,snap_49941ce75946f286,https://www.coloradolegalregulation.com/wp-content/uploads/PDF/LLP/Admitted%20LLP%20Roster.pdf,2026-06-29T23:16:12.887720+0000,0.1.0
prov_co_llp_600016,prog_co_llp,individual,Trina Dawn Barnes,trina dawn barnes,CO,,active,"[""Domestic Relations""]",,,,,,snap_49941ce75946f286,snap_49941ce75946f286,https://www.coloradolegalregulation.com/wp-content/uploads/PDF/LLP/Admitted%20LLP%20Roster.pdf,2026-06-29T23:16:12.887720+0000,0.1.0
prov_co_llp_600017,prog_co_llp,individual,Bonnie Kay Adams,bonnie kay adams,CO,,active,"[""Domestic Relations""]",,,,,,snap_49941ce75946f286,snap_49941ce75946f286,https://www.coloradolegalregulation.com/wp-content/uploads/PDF/LLP/Admitted%20LLP%20Roster.pdf,2026-06-29T23:16:12.887720+0000,0.1.0
prov_co_llp_600018,prog_co_llp,individual,Stephanie Lee Bourn,stephanie lee bourn,CO,,active,"[""Domestic Relations""]",,,,,,snap_49941ce75946f286,snap_49941ce75946f286,https://www.coloradolegalregulation.com/wp-content/uploads/PDF/LLP/Admitted%20LLP%20Roster.pdf,2026-06-29T23:16:12.887720+0000,0.1.0
prov_co_llp_600019,prog_co_llp,individual,Nikole Terri Kastein,nikole terri kastein,CO,,active,"[""Domestic Relations""]",,,,,,snap_49941ce75946f286,snap_49941ce75946f286,https://www.coloradolegalregulation.com/wp-content/uploads/PDF/LLP/Admitted%20LLP%20Roster.pdf,2026-06-29T23:16:12.887720+0000,0.1.0
prov_co_llp_600020,prog_co_llp,individual,Stephanie Rebecca Marrero,stephanie rebecca marrero,CO,,active,"[""Domestic Relations""]",,,,,,snap_49941ce75946f286,snap_49941ce75946f286,https://www.coloradolegalregulation.com/wp-content/uploads/PDF/LLP/Admitted%20LLP%20Roster.pdf,2026-06-29T23:16:12.887720+0000,0.1.0
prov_co_llp_600021,prog_co_llp,individual,Cynthia Marie Gregory,cynthia marie gregory,CO,,active,"[""Domestic Relations""]",,,,,,snap_49941ce75946f286,snap_49941ce75946f286,https://www.coloradolegalregulation.com/wp-content/uploads/PDF/LLP/Admitted%20LLP%20Roster.pdf,2026-06-29T23:16:12.887720+0000,0.1.0
prov_co_llp_600022,prog_co_llp,individual,Kyle Alan Melchior,kyle alan melchior,CO,,active,"[""Domestic Relations""]",,,,,,snap_49941ce75946f286,snap_49941ce75946f286,https://www.coloradolegalregulation.com/wp-content/uploads/PDF/LLP/Admitted%20LLP%20Roster.pdf,2026-06-29T23:16:12.887720+0000,0.1.0
prov_co_llp_600023,prog_co_llp,individual,Hannah Mae Marie Schoeninger,hannah mae marie schoeninger,CO,,active,"[""Domestic Relations""]",,,,,,snap_49941ce75946f286,snap_49941ce75946f286,https://www.coloradolegalregulation.com/wp-content/uploads/PDF/LLP/Admitted%20LLP%20Roster.pdf,2026-06-29T23:16:12.887720+0000,0.1.0
prov_co_llp_600024,prog_co_llp,individual,Kimberly Lynn Gamble,kimberly lynn gamble,CO,,active,"[""Domestic Relations""]",,,,,,snap_49941ce75946f286,snap_49941ce75946f286,https://www.coloradolegalregulation.com/wp-content/uploads/PDF/LLP/Admitted%20LLP%20Roster.pdf,2026-06-29T23:16:12.887720+0000,0.1.0
prov_co_llp_600025,prog_co_llp,individual,Maria Jose Murray,maria jose murray,CO,,active,"[""Domestic Relations""]",,,,,,snap_49941ce75946f286,snap_49941ce75946f286,https://www.coloradolegalregulation.com/wp-content/uploads/PDF/LLP/Admitted%20LLP%20Roster.pdf,2026-06-29T23:16:12.887720+0000,0.1.0
prov_co_llp_600026,prog_co_llp,individual,Rebecca Lynne McMurtree,rebecca lynne mcmurtree,CO,,active,"[""Domestic Relations""]",,,,,,snap_49941ce75946f286,snap_49941ce75946f286,https://www.coloradolegalregulation.com/wp-content/uploads/PDF/LLP/Admitted%20LLP%20Roster.pdf,2026-06-29T23:16:12.887720+0000,0.1.0
prov_co_llp_600027,prog_co_llp,individual,Cassaundra Rene Honeycutt,cassaundra rene honeycutt,CO,,active,"[""Domestic Relations""]",,,,,,snap_49941ce75946f286,snap_49941ce75946f286,https://www.coloradolegalregulation.com/wp-content/uploads/PDF/LLP/Admitted%20LLP%20Roster.pdf,2026-06-29T23:16:12.887720+0000,0.1.0
prov_co_llp_600028,prog_co_llp,individual,Ashley Bliss Adabahr,ashley bliss adabahr,CO,,active,"[""Domestic Relations""]",,,,,,snap_49941ce75946f286,snap_49941ce75946f286,https://www.coloradolegalregulation.com/wp-content/uploads/PDF/LLP/Admitted%20LLP%20Roster.pdf,2026-06-29T23:16:12.887720+0000,0.1.0
prov_co_llp_600029,prog_co_llp,individual,Cheri A. Kaser,cheri a kaser,CO,,active,"[""Domestic Relations""]",,,,,,snap_49941ce75946f286,snap_49941ce75946f286,https://www.coloradolegalregulation.com/wp-content/uploads/PDF/LLP/Admitted%20LLP%20Roster.pdf,2026-06-29T23:16:12.887720+0000,0.1.0
prov_co_llp_600030,prog_co_llp,individual,Tamara Marie Pray,tamara marie pray,CO,,active,"[""Domestic Relations""]",,,,,,snap_49941ce75946f286,snap_49941ce75946f286,https://www.coloradolegalregulation.com/wp-content/uploads/PDF/LLP/Admitted%20LLP%20Roster.pdf,2026-06-29T23:16:12.887720+0000,0.1.0
prov_co_llp_600031,prog_co_llp,individual,Darla Jean Junger,darla jean junger,CO,,active,"[""Domestic Relations""]",,,,,,snap_49941ce75946f286,snap_49941ce75946f286,https://www.coloradolegalregulation.com/wp-content/uploads/PDF/LLP/Admitted%20LLP%20Roster.pdf,2026-06-29T23:16:12.887720+0000,0.1.0
prov_co_llp_600032,prog_co_llp,individual,Chelsea Ann Deeder,chelsea ann deeder,CO,,active,"[""Domestic Relations""]",,,,,,snap_49941ce75946f286,snap_49941ce75946f286,https://www.coloradolegalregulation.com/wp-content/uploads/PDF/LLP/Admitted%20LLP%20Roster.pdf,2026-06-29T23:16:12.887720+0000,0.1.0
prov_co_llp_600033,prog_co_llp,individual,Kris Marrie Freeman,kris marrie freeman,CO,,active,"[""Domestic Relations""]",,,,,,snap_49941ce75946f286,snap_49941ce75946f286,https://www.coloradolegalregulation.com/wp-content/uploads/PDF/LLP/Admitted%20LLP%20Roster.pdf,2026-06-29T23:16:12.887720+0000,0.1.0
prov_co_llp_600034,prog_co_llp,individual,Kate Elizabeth Ham,kate elizabeth ham,CO,,active,"[""Domestic Relations""]",,,,,,snap_49941ce75946f286,snap_49941ce75946f286,https://www.coloradolegalregulation.com/wp-content/uploads/PDF/LLP/Admitted%20LLP%20Roster.pdf,2026-06-29T23:16:12.887720+0000,0.1.0
prov_co_llp_600035,prog_co_llp,individual,Beth Dawn Wilkins,beth dawn wilkins,CO,,active,"[""Domestic Relations""]",,,,,,snap_49941ce75946f286,snap_49941ce75946f286,https://www.coloradolegalregulation.com/wp-content/uploads/PDF/LLP/Admitted%20LLP%20Roster.pdf,2026-06-29T23:16:12.887720+0000,0.1.0
prov_co_llp_600036,prog_co_llp,individual,Selena Ashley Salinas,selena ashley salinas,CO,,active,"[""Domestic Relations""]",,,,,,snap_49941ce75946f286,snap_49941ce75946f286,https://www.coloradolegalregulation.com/wp-content/uploads/PDF/LLP/Admitted%20LLP%20Roster.pdf,2026-06-29T23:16:12.887720+0000,0.1.0
prov_co_llp_600037,prog_co_llp,individual,Catherine Ann Grazier,catherine ann grazier,CO,,active,"[""Domestic Relations""]",,,,,,snap_49941ce75946f286,snap_49941ce75946f286,https://www.coloradolegalregulation.com/wp-content/uploads/PDF/LLP/Admitted%20LLP%20Roster.pdf,2026-06-29T23:16:12.887720+0000,0.1.0
prov_co_llp_600038,prog_co_llp,individual,Julie Marlene Jacobs,julie marlene jacobs,CO,,active,"[""Domestic Relations""]",,,,,,snap_49941ce75946f286,snap_49941ce75946f286,https://www.coloradolegalregulation.com/wp-content/uploads/PDF/LLP/Admitted%20LLP%20Roster.pdf,2026-06-29T23:16:12.887720+0000,0.1.0
prov_co_llp_600039,prog_co_llp,individual,Natalie Annette Buer,natalie annette buer,CO,,active,"[""Domestic Relations""]",,,,,,snap_49941ce75946f286,snap_49941ce75946f286,https://www.coloradolegalregulation.com/wp-content/uploads/PDF/LLP/Admitted%20LLP%20Roster.pdf,2026-06-29T23:16:12.887720+0000,0.1.0
prov_co_llp_600040,prog_co_llp,individual,Jennifer Rene Weinzapfel,jennifer rene weinzapfel,CO,,active,"[""Domestic Relations""]",,,,,,snap_49941ce75946f286,snap_49941ce75946f286,https://www.coloradolegalregulation.com/wp-content/uploads/PDF/LLP/Admitted%20LLP%20Roster.pdf,2026-06-29T23:16:12.887720+0000,0.1.0
prov_co_llp_600041,prog_co_llp,individual,Veronica Cynthia Gonzales,veronica cynthia gonzales,CO,,active,"[""Domestic Relations""]",,,,,,snap_49941ce75946f286,snap_49941ce75946f286,https://www.coloradolegalregulation.com/wp-content/uploads/PDF/LLP/Admitted%20LLP%20Roster.pdf,2026-06-29T23:16:12.887720+0000,0.1.0
prov_co_llp_600042,prog_co_llp,individual,Tara May White,tara may white,CO,,active,"[""Domestic Relations""]",,,,,,snap_49941ce75946f286,snap_49941ce75946f286,https://www.coloradolegalregulation.com/wp-content/uploads/PDF/LLP/Admitted%20LLP%20Roster.pdf,2026-06-29T23:16:12.887720+0000,0.1.0
prov_co_llp_600043,prog_co_llp,individual,Sarah Lynn Del Rio-Garcia,sarah lynn del rio garcia,CO,,active,"[""Domestic Relations""]",,,,,,snap_49941ce75946f286,snap_49941ce75946f286,https://www.coloradolegalregulation.com/wp-content/uploads/PDF/LLP/Admitted%20LLP%20Roster.pdf,2026-06-29T23:16:12.887720+0000,0.1.0
prov_co_llp_600044,prog_co_llp,individual,Sonnie Nicole Fleming,sonnie nicole fleming,CO,,active,"[""Domestic Relations""]",,,,,,snap_49941ce75946f286,snap_49941ce75946f286,https://www.coloradolegalregulation.com/wp-content/uploads/PDF/LLP/Admitted%20LLP%20Roster.pdf,2026-06-29T23:16:12.887720+0000,0.1.0
prov_co_llp_600045,prog_co_llp,individual,Paola Marisol Garcia,paola marisol garcia,CO,,active,"[""Domestic Relations""]",,,,,,snap_49941ce75946f286,snap_49941ce75946f286,https://www.coloradolegalregulation.com/wp-content/uploads/PDF/LLP/Admitted%20LLP%20Roster.pdf,2026-06-29T23:16:12.887720+0000,0.1.0
prov_co_llp_600046,prog_co_llp,individual,Casidy M. Ludwig,casidy m ludwig,CO,,active,"[""Domestic Relations""]",,,,,,snap_49941ce75946f286,snap_49941ce75946f286,https://www.coloradolegalregulation.com/wp-content/uploads/PDF/LLP/Admitted%20LLP%20Roster.pdf,2026-06-29T23:16:12.887720+0000,0.1.0
prov_co_llp_600047,prog_co_llp,individual,Meghan Nicole Dill-Meinzer,meghan nicole dill meinzer,CO,,active,"[""Domestic Relations""]",,,,,,snap_49941ce75946f286,snap_49941ce75946f286,https://www.coloradolegalregulation.com/wp-content/uploads/PDF/LLP/Admitted%20LLP%20Roster.pdf,2026-06-29T23:16:12.887720+0000,0.1.0
prov_co_llp_600048,prog_co_llp,individual,Tara Johnson,tara johnson,CO,,active,"[""Domestic Relations""]",,,,,,snap_49941ce75946f286,snap_49941ce75946f286,https://www.coloradolegalregulation.com/wp-content/uploads/PDF/LLP/Admitted%20LLP%20Roster.pdf,2026-06-29T23:16:12.887720+0000,0.1.0
prov_co_llp_600049,prog_co_llp,individual,Krista N. Kaufmann,krista n kaufmann,CO,,active,"[""Domestic Relations""]",,,,,,snap_49941ce75946f286,snap_49941ce75946f286,https://www.coloradolegalregulation.com/wp-content/uploads/PDF/LLP/Admitted%20LLP%20Roster.pdf,2026-06-29T23:16:12.887720+0000,0.1.0
prov_co_llp_600050,prog_co_llp,individual,Amy June Florendo,amy june florendo,CO,,active,"[""Domestic Relations""]",,,,,,snap_49941ce75946f286,snap_49941ce75946f286,https://www.coloradolegalregulation.com/wp-content/uploads/PDF/LLP/Admitted%20LLP%20Roster.pdf,2026-06-29T23:16:12.887720+0000,0.1.0
prov_co_llp_600051,prog_co_llp,individual,Laura Elizabeth Landon,laura elizabeth landon,CO,,active,"[""Domestic Relations""]",,,,,,snap_49941ce75946f286,snap_49941ce75946f286,https://www.coloradolegalregulation.com/wp-content/uploads/PDF/LLP/Admitted%20LLP%20Roster.pdf,2026-06-29T23:16:12.887720+0000,0.1.0
prov_co_llp_600052,prog_co_llp,individual,Angela Barber,angela barber,CO,,active,"[""Domestic Relations""]",,,,,,snap_49941ce75946f286,snap_49941ce75946f286,https://www.coloradolegalregulation.com/wp-content/uploads/PDF/LLP/Admitted%20LLP%20Roster.pdf,2026-06-29T23:16:12.887720+0000,0.1.0
prov_co_llp_600053,prog_co_llp,individual,Becki A. Parry,becki a parry,CO,,active,"[""Domestic Relations""]",,,,,,snap_49941ce75946f286,snap_49941ce75946f286,https://www.coloradolegalregulation.com/wp-content/uploads/PDF/LLP/Admitted%20LLP%20Roster.pdf,2026-06-29T23:16:12.887720+0000,0.1.0
prov_co_llp_600054,prog_co_llp,individual,Tara Nichole Adkins,tara nichole adkins,CO,,active,"[""Domestic Relations""]",,,,,,snap_49941ce75946f286,snap_49941ce75946f286,https://www.coloradolegalregulation.com/wp-content/uploads/PDF/LLP/Admitted%20LLP%20Roster.pdf,2026-06-29T23:16:12.887720+0000,0.1.0
prov_co_llp_600055,prog_co_llp,individual,Deborah E. Brown Frederick,deborah e brown frederick,CO,,active,"[""Domestic Relations""]",,,,,,snap_49941ce75946f286,snap_49941ce75946f286,https://www.coloradolegalregulation.com/wp-content/uploads/PDF/LLP/Admitted%20LLP%20Roster.pdf,2026-06-29T23:16:12.887720+0000,0.1.0
prov_co_llp_600056,prog_co_llp,individual,Laura Lee Wurmbrand,laura lee wurmbrand,CO,,active,"[""Domestic Relations""]",,,,,,snap_49941ce75946f286,snap_49941ce75946f286,https://www.coloradolegalregulation.com/wp-content/uploads/PDF/LLP/Admitted%20LLP%20Roster.pdf,2026-06-29T23:16:12.887720+0000,0.1.0
prov_co_llp_600057,prog_co_llp,individual,Christian Grace Cunningham,christian grace cunningham,CO,,active,"[""Domestic Relations""]",,,,,,snap_49941ce75946f286,snap_49941ce75946f286,https://www.coloradolegalregulation.com/wp-content/uploads/PDF/LLP/Admitted%20LLP%20Roster.pdf,2026-06-29T23:16:12.887720+0000,0.1.0
prov_co_llp_600058,prog_co_llp,individual,Lynette Nichole Puga-Oliver,lynette nichole puga oliver,CO,,active,"[""Domestic Relations""]",,,,,,snap_49941ce75946f286,snap_49941ce75946f286,https://www.coloradolegalregulation.com/wp-content/uploads/PDF/LLP/Admitted%20LLP%20Roster.pdf,2026-06-29T23:16:12.887720+0000,0.1.0
prov_co_llp_600059,prog_co_llp,individual,Amy Lynn Nolledo,amy lynn nolledo,CO,,active,"[""Domestic Relations""]",,,,,,snap_49941ce75946f286,snap_49941ce75946f286,https://www.coloradolegalregulation.com/wp-content/uploads/PDF/LLP/Admitted%20LLP%20Roster.pdf,2026-06-29T23:16:12.887720+0000,0.1.0
prov_co_llp_600060,prog_co_llp,individual,Janet Marie Price,janet marie price,CO,,active,"[""Domestic Relations""]",,,,,,snap_49941ce75946f286,snap_49941ce75946f286,https://www.coloradolegalregulation.com/wp-content/uploads/PDF/LLP/Admitted%20LLP%20Roster.pdf,2026-06-29T23:16:12.887720+0000,0.1.0
prov_co_llp_600061,prog_co_llp,individual,Mark David Smith,mark david smith,CO,,active,"[""Domestic Relations""]",,,,,,snap_49941ce75946f286,snap_49941ce75946f286,https://www.coloradolegalregulation.com/wp-content/uploads/PDF/LLP/Admitted%20LLP%20Roster.pdf,2026-06-29T23:16:12.887720+0000,0.1.0
prov_co_llp_600062,prog_co_llp,individual,Mekell K. Bolton,mekell k bolton,CO,,active,"[""Domestic Relations""]",,,,,,snap_49941ce75946f286,snap_49941ce75946f286,https://www.coloradolegalregulation.com/wp-content/uploads/PDF/LLP/Admitted%20LLP%20Roster.pdf,2026-06-29T23:16:12.887720+0000,0.1.0
prov_co_llp_600063,prog_co_llp,individual,Jennifer C. Berryhill,jennifer c berryhill,CO,,active,"[""Domestic Relations""]",,,,,,snap_49941ce75946f286,snap_49941ce75946f286,https://www.coloradolegalregulation.com/wp-content/uploads/PDF/LLP/Admitted%20LLP%20Roster.pdf,2026-06-29T23:16:12.887720+0000,0.1.0
prov_co_llp_600064,prog_co_llp,individual,Heather Marie Wrede,heather marie wrede,CO,,active,"[""Domestic Relations""]",,,,,,snap_49941ce75946f286,snap_49941ce75946f286,https://www.coloradolegalregulation.com/wp-content/uploads/PDF/LLP/Admitted%20LLP%20Roster.pdf,2026-06-29T23:16:12.887720+0000,0.1.0
prov_co_llp_600065,prog_co_llp,individual,Sharon Amy Nagata,sharon amy nagata,CO,,active,"[""Domestic Relations""]",,,,,,snap_49941ce75946f286,snap_49941ce75946f286,https://www.coloradolegalregulation.com/wp-content/uploads/PDF/LLP/Admitted%20LLP%20Roster.pdf,2026-06-29T23:16:12.887720+0000,0.1.0
prov_co_llp_600066,prog_co_llp,individual,Charle Jane Youngblood,charle jane youngblood,CO,,active,"[""Domestic Relations""]",,,,,,snap_49941ce75946f286,snap_49941ce75946f286,https://www.coloradolegalregulation.com/wp-content/uploads/PDF/LLP/Admitted%20LLP%20Roster.pdf,2026-06-29T23:16:12.887720+0000,0.1.0
prov_co_llp_600067,prog_co_llp,individual,Rustambek Ahmadovich Shodiev,rustambek ahmadovich shodiev,CO,,active,"[""Domestic Relations""]",,,,,,snap_49941ce75946f286,snap_49941ce75946f286,https://www.coloradolegalregulation.com/wp-content/uploads/PDF/LLP/Admitted%20LLP%20Roster.pdf,2026-06-29T23:16:12.887720+0000,0.1.0
prov_co_llp_600068,prog_co_llp,individual,Megan Eileen Urioste,megan eileen urioste,CO,,active,"[""Domestic Relations""]",,,,,,snap_49941ce75946f286,snap_49941ce75946f286,https://www.coloradolegalregulation.com/wp-content/uploads/PDF/LLP/Admitted%20LLP%20Roster.pdf,2026-06-29T23:16:12.887720+0000,0.1.0
prov_co_llp_600069,prog_co_llp,individual,Ashlyn Nicole Yoder,ashlyn nicole yoder,CO,,active,"[""Domestic Relations""]",,,,,,snap_49941ce75946f286,snap_49941ce75946f286,https://www.coloradolegalregulation.com/wp-content/uploads/PDF/LLP/Admitted%20LLP%20Roster.pdf,2026-06-29T23:16:12.887720+0000,0.1.0
prov_co_llp_600070,prog_co_llp,individual,Hayley Jacqueline Bozeman,hayley jacqueline bozeman,CO,,active,"[""Domestic Relations""]",,,,,,snap_49941ce75946f286,snap_49941ce75946f286,https://www.coloradolegalregulation.com/wp-content/uploads/PDF/LLP/Admitted%20LLP%20Roster.pdf,2026-06-29T23:16:12.887720+0000,0.1.0
prov_co_llp_600071,prog_co_llp,individual,Elizabeth Anne Vandello,elizabeth anne vandello,CO,,active,"[""Domestic Relations""]",,,,,,snap_49941ce75946f286,snap_49941ce75946f286,https://www.coloradolegalregulation.com/wp-content/uploads/PDF/LLP/Admitted%20LLP%20Roster.pdf,2026-06-29T23:16:12.887720+0000,0.1.0
prov_co_llp_600072,prog_co_llp,individual,Aracely Noemy Gutierrez,aracely noemy gutierrez,CO,,active,"[""Domestic Relations""]",,,,,,snap_49941ce75946f286,snap_49941ce75946f286,https://www.coloradolegalregulation.com/wp-content/uploads/PDF/LLP/Admitted%20LLP%20Roster.pdf,2026-06-29T23:16:12.887720+0000,0.1.0
prov_co_llp_600073,prog_co_llp,individual,Amy Rebecca Hess-Kibben,amy rebecca hess kibben,CO,,active,"[""Domestic Relations""]",,,,,,snap_49941ce75946f286,snap_49941ce75946f286,https://www.coloradolegalregulation.com/wp-content/uploads/PDF/LLP/Admitted%20LLP%20Roster.pdf,2026-06-29T23:16:12.887720+0000,0.1.0
prov_co_llp_600074,prog_co_llp,individual,Jessica Michelle Frank,jessica michelle frank,CO,,active,"[""Domestic Relations""]",,,,,,snap_49941ce75946f286,snap_49941ce75946f286,https://www.coloradolegalregulation.com/wp-content/uploads/PDF/LLP/Admitted%20LLP%20Roster.pdf,2026-06-29T23:16:12.887720+0000,0.1.0
prov_co_llp_600075,prog_co_llp,individual,Tara Elisabeth Delaney,tara elisabeth delaney,CO,,active,"[""Domestic Relations""]",,,,,,snap_49941ce75946f286,snap_49941ce75946f286,https://www.coloradolegalregulation.com/wp-content/uploads/PDF/LLP/Admitted%20LLP%20Roster.pdf,2026-06-29T23:16:12.887720+0000,0.1.0
prov_co_llp_600076,prog_co_llp,individual,Rachell Chavez,rachell chavez,CO,,active,"[""Domestic Relations""]",,,,,,snap_49941ce75946f286,snap_49941ce75946f286,https://www.coloradolegalregulation.com/wp-content/uploads/PDF/LLP/Admitted%20LLP%20Roster.pdf,2026-06-29T23:16:12.887720+0000,0.1.0
prov_co_llp_600077,prog_co_llp,individual,Jennifer Rebecca Wurtz,jennifer rebecca wurtz,CO,,active,"[""Domestic Relations""]",,,,,,snap_49941ce75946f286,snap_49941ce75946f286,https://www.coloradolegalregulation.com/wp-content/uploads/PDF/LLP/Admitted%20LLP%20Roster.pdf,2026-06-29T23:16:12.887720+0000,0.1.0
prov_co_llp_600078,prog_co_llp,individual,Tricia Richman Cunningham,tricia richman cunningham,CO,,active,"[""Domestic Relations""]",,,,,,snap_49941ce75946f286,snap_49941ce75946f286,https://www.coloradolegalregulation.com/wp-content/uploads/PDF/LLP/Admitted%20LLP%20Roster.pdf,2026-06-29T23:16:12.887720+0000,0.1.0
prov_co_llp_600079,prog_co_llp,individual,Shylo Dawn Brunton,shylo dawn brunton,CO,,active,"[""Domestic Relations""]",,,,,,snap_49941ce75946f286,snap_49941ce75946f286,https://www.coloradolegalregulation.com/wp-content/uploads/PDF/LLP/Admitted%20LLP%20Roster.pdf,2026-06-29T23:16:12.887720+0000,0.1.0
prov_co_llp_600080,prog_co_llp,individual,Jeanine Beyer,jeanine beyer,CO,,active,"[""Domestic Relations""]",,,,,,snap_49941ce75946f286,snap_49941ce75946f286,https://www.coloradolegalregulation.com/wp-content/uploads/PDF/LLP/Admitted%20LLP%20Roster.pdf,2026-06-29T23:16:12.887720+0000,0.1.0
prov_co_llp_600081,prog_co_llp,individual,Raisa Vilensky,raisa vilensky,CO,,active,"[""Domestic Relations""]",,,,,,snap_49941ce75946f286,snap_49941ce75946f286,https://www.coloradolegalregulation.com/wp-content/uploads/PDF/LLP/Admitted%20LLP%20Roster.pdf,2026-06-29T23:16:12.887720+0000,0.1.0
prov_co_llp_600082,prog_co_llp,individual,Kaitlin Marie Barrett,kaitlin marie barrett,CO,,active,"[""Domestic Relations""]",,,,,,snap_49941ce75946f286,snap_49941ce75946f286,https://www.coloradolegalregulation.com/wp-content/uploads/PDF/LLP/Admitted%20LLP%20Roster.pdf,2026-06-29T23:16:12.887720+0000,0.1.0
prov_co_llp_600083,prog_co_llp,individual,Kelly Furca Thompson,kelly furca thompson,CO,,active,"[""Domestic Relations""]",,,,,,snap_49941ce75946f286,snap_49941ce75946f286,https://www.coloradolegalregulation.com/wp-content/uploads/PDF/LLP/Admitted%20LLP%20Roster.pdf,2026-06-29T23:16:12.887720+0000,0.1.0
prov_co_llp_600084,prog_co_llp,individual,Kristin Emma Thee,kristin emma thee,CO,,active,"[""Domestic Relations""]",,,,,,snap_49941ce75946f286,snap_49941ce75946f286,https://www.coloradolegalregulation.com/wp-content/uploads/PDF/LLP/Admitted%20LLP%20Roster.pdf,2026-06-29T23:16:12.887720+0000,0.1.0
prov_co_llp_600085,prog_co_llp,individual,Colleen McManamon,colleen mcmanamon,CO,,active,"[""Domestic Relations""]",,,,,,snap_49941ce75946f286,snap_49941ce75946f286,https://www.coloradolegalregulation.com/wp-content/uploads/PDF/LLP/Admitted%20LLP%20Roster.pdf,2026-06-29T23:16:12.887720+0000,0.1.0
prov_co_llp_600086,prog_co_llp,individual,Yana Miletska,yana miletska,CO,,active,"[""Domestic Relations""]",,,,,,snap_49941ce75946f286,snap_49941ce75946f286,https://www.coloradolegalregulation.com/wp-content/uploads/PDF/LLP/Admitted%20LLP%20Roster.pdf,2026-06-29T23:16:12.887720+0000,0.1.0
prov_co_llp_600087,prog_co_llp,individual,Samantha Christine Blackburn,samantha christine blackburn,CO,,active,"[""Domestic Relations""]",,,,,,snap_49941ce75946f286,snap_49941ce75946f286,https://www.coloradolegalregulation.com/wp-content/uploads/PDF/LLP/Admitted%20LLP%20Roster.pdf,2026-06-29T23:16:12.887720+0000,0.1.0
prov_co_llp_600088,prog_co_llp,individual,Carlyn Siegesmund Luna,carlyn siegesmund luna,CO,,active,"[""Domestic Relations""]",,,,,,snap_49941ce75946f286,snap_49941ce75946f286,https://www.coloradolegalregulation.com/wp-content/uploads/PDF/LLP/Admitted%20LLP%20Roster.pdf,2026-06-29T23:16:12.887720+0000,0.1.0
prov_co_llp_600089,prog_co_llp,individual,Jessica Ann Sweeney,jessica ann sweeney,CO,,active,"[""Domestic Relations""]",,,,,,snap_49941ce75946f286,snap_49941ce75946f286,https://www.coloradolegalregulation.com/wp-content/uploads/PDF/LLP/Admitted%20LLP%20Roster.pdf,2026-06-29T23:16:12.887720+0000,0.1.0
prov_co_llp_600090,prog_co_llp,individual,Jennifer E. Jones,jennifer e jones,CO,,active,"[""Domestic Relations""]",,,,,,snap_49941ce75946f286,snap_49941ce75946f286,https://www.coloradolegalregulation.com/wp-content/uploads/PDF/LLP/Admitted%20LLP%20Roster.pdf,2026-06-29T23:16:12.887720+0000,0.1.0
prov_co_llp_600091,prog_co_llp,individual,Fernanda Victoria Soto Gonzalez,fernanda victoria soto gonzalez,CO,,active,"[""Domestic Relations""]",,,,,,snap_49941ce75946f286,snap_49941ce75946f286,https://www.coloradolegalregulation.com/wp-content/uploads/PDF/LLP/Admitted%20LLP%20Roster.pdf,2026-06-29T23:16:12.887720+0000,0.1.0
prov_co_llp_600092,prog_co_llp,individual,Tiffany Ann Pennington,tiffany ann pennington,CO,,active,"[""Domestic Relations""]",,,,,,snap_49941ce75946f286,snap_49941ce75946f286,https://www.coloradolegalregulation.com/wp-content/uploads/PDF/LLP/Admitted%20LLP%20Roster.pdf,2026-06-29T23:16:12.887720+0000,0.1.0
prov_co_llp_600093,prog_co_llp,individual,Rebekah Leigh Gostnell Bachman,rebekah leigh gostnell bachman,CO,,active,"[""Domestic Relations""]",,,,,,snap_49941ce75946f286,snap_49941ce75946f286,https://www.coloradolegalregulation.com/wp-content/uploads/PDF/LLP/Admitted%20LLP%20Roster.pdf,2026-06-29T23:16:12.887720+0000,0.1.0
prov_co_llp_600094,prog_co_llp,individual,Charles David Shisler,charles david shisler,CO,,active,"[""Domestic Relations""]",,,,,,snap_49941ce75946f286,snap_49941ce75946f286,https://www.coloradolegalregulation.com/wp-content/uploads/PDF/LLP/Admitted%20LLP%20Roster.pdf,2026-06-29T23:16:12.887720+0000,0.1.0
prov_co_llp_600095,prog_co_llp,individual,Jodi Ann Cochran,jodi ann cochran,CO,,active,"[""Domestic Relations""]",,,,,,snap_49941ce75946f286,snap_49941ce75946f286,https://www.coloradolegalregulation.com/wp-content/uploads/PDF/LLP/Admitted%20LLP%20Roster.pdf,2026-06-29T23:16:12.887720+0000,0.1.0
prov_co_llp_600096,prog_co_llp,individual,Misty Lynn Hofer,misty lynn hofer,CO,,active,"[""Domestic Relations""]",,,,,,snap_49941ce75946f286,snap_49941ce75946f286,https://www.coloradolegalregulation.com/wp-content/uploads/PDF/LLP/Admitted%20LLP%20Roster.pdf,2026-06-29T23:16:12.887720+0000,0.1.0
prov_co_llp_600097,prog_co_llp,individual,Megan Elizabeth Hersh,megan elizabeth hersh,CO,,active,"[""Domestic Relations""]",,,,,,snap_49941ce75946f286,snap_49941ce75946f286,https://www.coloradolegalregulation.com/wp-content/uploads/PDF/LLP/Admitted%20LLP%20Roster.pdf,2026-06-29T23:16:12.887720+0000,0.1.0
prov_co_llp_600098,prog_co_llp,individual,Kaitlyn Story,kaitlyn story,CO,,active,"[""Domestic Relations""]",,,,,,snap_49941ce75946f286,snap_49941ce75946f286,https://www.coloradolegalregulation.com/wp-content/uploads/PDF/LLP/Admitted%20LLP%20Roster.pdf,2026-06-29T23:16:12.887720+0000,0.1.0
prov_co_llp_600099,prog_co_llp,individual,Philadelphia Danielle George,philadelphia danielle george,CO,,active,"[""Domestic Relations""]",,,,,,snap_49941ce75946f286,snap_49941ce75946f286,https://www.coloradolegalregulation.com/wp-content/uploads/PDF/LLP/Admitted%20LLP%20Roster.pdf,2026-06-29T23:16:12.887720+0000,0.1.0
prov_co_llp_600100,prog_co_llp,individual,"Bobby Coe Jones, Jr.",bobby coe jones jr,CO,,active,"[""Domestic Relations""]",,,,,,snap_49941ce75946f286,snap_49941ce75946f286,https://www.coloradolegalregulation.com/wp-content/uploads/PDF/LLP/Admitted%20LLP%20Roster.pdf,2026-06-29T23:16:12.887720+0000,0.1.0
prov_co_llp_600101,prog_co_llp,individual,Sonia Ann Ketzer,sonia ann ketzer,CO,,active,"[""Domestic Relations""]",,,,,,snap_49941ce75946f286,snap_49941ce75946f286,https://www.coloradolegalregulation.com/wp-content/uploads/PDF/LLP/Admitted%20LLP%20Roster.pdf,2026-06-29T23:16:12.887720+0000,0.1.0
prov_co_llp_600102,prog_co_llp,individual,Valentyme Jones,valentyme jones,CO,,active,"[""Domestic Relations""]",,,,,,snap_49941ce75946f286,snap_49941ce75946f286,https://www.coloradolegalregulation.com/wp-content/uploads/PDF/LLP/Admitted%20LLP%20Roster.pdf,2026-06-29T23:16:12.887720+0000,0.1.0
prov_co_llp_600103,prog_co_llp,individual,Marla Elizabeth Purdy,marla elizabeth purdy,CO,,active,"[""Domestic Relations""]",,,,,,snap_49941ce75946f286,snap_49941ce75946f286,https://www.coloradolegalregulation.com/wp-content/uploads/PDF/LLP/Admitted%20LLP%20Roster.pdf,2026-06-29T23:16:12.887720+0000,0.1.0
prov_co_llp_600104,prog_co_llp,individual,"Harry C. Green, IV",harry c green iv,CO,,active,"[""Domestic Relations""]",,,,,,snap_49941ce75946f286,snap_49941ce75946f286,https://www.coloradolegalregulation.com/wp-content/uploads/PDF/LLP/Admitted%20LLP%20Roster.pdf,2026-06-29T23:16:12.887720+0000,0.1.0
prov_co_llp_600105,prog_co_llp,individual,Kevin Joseph Boyd,kevin joseph boyd,CO,,active,"[""Domestic Relations""]",,,,,,snap_49941ce75946f286,snap_49941ce75946f286,https://www.coloradolegalregulation.com/wp-content/uploads/PDF/LLP/Admitted%20LLP%20Roster.pdf,2026-06-29T23:16:12.887720+0000,0.1.0
prov_co_llp_600106,prog_co_llp,individual,Amanda Ann Bernal,amanda ann bernal,CO,,active,"[""Domestic Relations""]",,,,,,snap_49941ce75946f286,snap_49941ce75946f286,https://www.coloradolegalregulation.com/wp-content/uploads/PDF/LLP/Admitted%20LLP%20Roster.pdf,2026-06-29T23:16:12.887720+0000,0.1.0
prov_co_llp_600107,prog_co_llp,individual,Lauren Caitlin Carey,lauren caitlin carey,CO,,active,"[""Domestic Relations""]",,,,,,snap_49941ce75946f286,snap_49941ce75946f286,https://www.coloradolegalregulation.com/wp-content/uploads/PDF/LLP/Admitted%20LLP%20Roster.pdf,2026-06-29T23:16:12.887720+0000,0.1.0
prov_co_llp_600108,prog_co_llp,individual,Jayla Josephine Berzoza,jayla josephine berzoza,CO,,active,"[""Domestic Relations""]",,,,,,snap_49941ce75946f286,snap_49941ce75946f286,https://www.coloradolegalregulation.com/wp-content/uploads/PDF/LLP/Admitted%20LLP%20Roster.pdf,2026-06-29T23:16:12.887720+0000,0.1.0
prov_co_llp_600109,prog_co_llp,individual,Charleen Shannon Castro,charleen shannon castro,CO,,active,"[""Domestic Relations""]",,,,,,snap_49941ce75946f286,snap_49941ce75946f286,https://www.coloradolegalregulation.com/wp-content/uploads/PDF/LLP/Admitted%20LLP%20Roster.pdf,2026-06-29T23:16:12.887720+0000,0.1.0
prov_co_llp_600110,prog_co_llp,individual,Chloe Elizabeth Crandall,chloe elizabeth crandall,CO,,active,"[""Domestic Relations""]",,,,,,snap_49941ce75946f286,snap_49941ce75946f286,https://www.coloradolegalregulation.com/wp-content/uploads/PDF/LLP/Admitted%20LLP%20Roster.pdf,2026-06-29T23:16:12.887720+0000,0.1.0
prov_co_llp_600111,prog_co_llp,individual,Mya Chenese Delagarza,mya chenese delagarza,CO,,active,"[""Domestic Relations""]",,,,,,snap_49941ce75946f286,snap_49941ce75946f286,https://www.coloradolegalregulation.com/wp-content/uploads/PDF/LLP/Admitted%20LLP%20Roster.pdf,2026-06-29T23:16:12.887720+0000,0.1.0
prov_co_llp_600112,prog_co_llp,individual,Zoe Mary Sandra Dotson,zoe mary sandra dotson,CO,,active,"[""Domestic Relations""]",,,,,,snap_49941ce75946f286,snap_49941ce75946f286,https://www.coloradolegalregulation.com/wp-content/uploads/PDF/LLP/Admitted%20LLP%20Roster.pdf,2026-06-29T23:16:12.887720+0000,0.1.0
prov_co_llp_600113,prog_co_llp,individual,Ariadna Guerra,ariadna guerra,CO,,active,"[""Domestic Relations""]",,,,,,snap_49941ce75946f286,snap_49941ce75946f286,https://www.coloradolegalregulation.com/wp-content/uploads/PDF/LLP/Admitted%20LLP%20Roster.pdf,2026-06-29T23:16:12.887720+0000,0.1.0
prov_co_llp_600114,prog_co_llp,individual,Alexus Johnson,alexus johnson,CO,,active,"[""Domestic Relations""]",,,,,,snap_49941ce75946f286,snap_49941ce75946f286,https://www.coloradolegalregulation.com/wp-content/uploads/PDF/LLP/Admitted%20LLP%20Roster.pdf,2026-06-29T23:16:12.887720+0000,0.1.0
prov_co_llp_600115,prog_co_llp,individual,Elizabeth Hatch,elizabeth hatch,CO,,active,"[""Domestic Relations""]",,,,,,snap_49941ce75946f286,snap_49941ce75946f286,https://www.coloradolegalregulation.com/wp-content/uploads/PDF/LLP/Admitted%20LLP%20Roster.pdf,2026-06-29T23:16:12.887720+0000,0.1.0
prov_co_llp_600116,prog_co_llp,individual,Robin Sue Martin,robin sue martin,CO,,active,"[""Domestic Relations""]",,,,,,snap_49941ce75946f286,snap_49941ce75946f286,https://www.coloradolegalregulation.com/wp-content/uploads/PDF/LLP/Admitted%20LLP%20Roster.pdf,2026-06-29T23:16:12.887720+0000,0.1.0
prov_co_llp_600117,prog_co_llp,individual,Katherine Jane Nameika,katherine jane nameika,CO,,active,"[""Domestic Relations""]",,,,,,snap_49941ce75946f286,snap_49941ce75946f286,https://www.coloradolegalregulation.com/wp-content/uploads/PDF/LLP/Admitted%20LLP%20Roster.pdf,2026-06-29T23:16:12.887720+0000,0.1.0
prov_co_llp_600118,prog_co_llp,individual,Jamie Ann Romero,jamie ann romero,CO,,active,"[""Domestic Relations""]",,,,,,snap_49941ce75946f286,snap_49941ce75946f286,https://www.coloradolegalregulation.com/wp-content/uploads/PDF/LLP/Admitted%20LLP%20Roster.pdf,2026-06-29T23:16:12.887720+0000,0.1.0
prov_co_llp_600119,prog_co_llp,individual,Brianna Elizabeth Spires,brianna elizabeth spires,CO,,active,"[""Domestic Relations""]",,,,,,snap_49941ce75946f286,snap_49941ce75946f286,https://www.coloradolegalregulation.com/wp-content/uploads/PDF/LLP/Admitted%20LLP%20Roster.pdf,2026-06-29T23:16:12.887720+0000,0.1.0
prov_co_llp_600120,prog_co_llp,individual,Marissa Michelle Sterrett,marissa michelle sterrett,CO,,active,"[""Domestic Relations""]",,,,,,snap_49941ce75946f286,snap_49941ce75946f286,https://www.coloradolegalregulation.com/wp-content/uploads/PDF/LLP/Admitted%20LLP%20Roster.pdf,2026-06-29T23:16:12.887720+0000,0.1.0
prov_co_llp_600121,prog_co_llp,individual,Amanda Nicole Venegas,amanda nicole venegas,CO,,active,"[""Domestic Relations""]",,,,,,snap_49941ce75946f286,snap_49941ce75946f286,https://www.coloradolegalregulation.com/wp-content/uploads/PDF/LLP/Admitted%20LLP%20Roster.pdf,2026-06-29T23:16:12.887720+0000,0.1.0
prov_co_llp_600122,prog_co_llp,individual,Katharine Ann Wilson,katharine ann wilson,CO,,active,"[""Domestic Relations""]",,,,,,snap_49941ce75946f286,snap_49941ce75946f286,https://www.coloradolegalregulation.com/wp-content/uploads/PDF/LLP/Admitted%20LLP%20Roster.pdf,2026-06-29T23:16:12.887720+0000,0.1.0
prov_co_llp_600123,prog_co_llp,individual,Kristi Suzan Pace,kristi suzan pace,CO,,active,"[""Domestic Relations""]",,,,,,snap_49941ce75946f286,snap_49941ce75946f286,https://www.coloradolegalregulation.com/wp-content/uploads/PDF/LLP/Admitted%20LLP%20Roster.pdf,2026-06-29T23:16:12.887720+0000,0.1.0
prov_co_llp_600124,prog_co_llp,individual,Rhonda Elaine Busk,rhonda elaine busk,CO,,active,"[""Domestic Relations""]",,,,,,snap_49941ce75946f286,snap_49941ce75946f286,https://www.coloradolegalregulation.com/wp-content/uploads/PDF/LLP/Admitted%20LLP%20Roster.pdf,2026-06-29T23:16:12.887720+0000,0.1.0
prov_co_llp_600125,prog_co_llp,individual,Teresa Detton,teresa detton,CO,,active,"[""Domestic Relations""]",,,,,,snap_49941ce75946f286,snap_49941ce75946f286,https://www.coloradolegalregulation.com/wp-content/uploads/PDF/LLP/Admitted%20LLP%20Roster.pdf,2026-06-29T23:16:12.887720+0000,0.1.0
prov_mn_lp_1001,prog_mn_lp,individual,Nacole L. Carlson,nacole l carlson,MN,2021-04-21,active,"[""Family Law"", ""Housing Law"", ""Domestic Violence, Child Abuse, Orders for Protection (OFP), and Harassment Restraining Orders (HRO)"", ""Conciliation Court"", ""Consumer and Student Loan Debt"", ""Probate & Estate Administration"", ""Office of Admin Hearings – Licensing Unemployment Benefits"", ""Department of Human Services""]",,,,,,snap_65dee7a93a241e8f,snap_65dee7a93a241e8f,https://mncourts.gov/_media/migration/appellate/supreme-court/Roster-of-Approved-Legal-Paraprofessionals.pdf,2026-06-29T23:48:06.975920+0000,0.1.0
prov_mn_lp_1002,prog_mn_lp,individual,Sheila Bokelman,sheila bokelman,MN,2021-04-21,active,"[""Housing Law"", ""Family Law"", ""Domestic Violence, Child Abuse, Orders for Protection (OFP), and Harassment Restraining Orders (HRO)""]",,,,,,snap_65dee7a93a241e8f,snap_65dee7a93a241e8f,https://mncourts.gov/_media/migration/appellate/supreme-court/Roster-of-Approved-Legal-Paraprofessionals.pdf,2026-06-29T23:48:06.975920+0000,0.1.0
prov_mn_lp_1003,prog_mn_lp,individual,Rachel R. Albertson,rachel r albertson,MN,2021-05-11,active,"[""Housing Law"", ""Family Law"", ""Conciliation Court"", ""Consumer and Student Loan Debt"", ""Criminal Law – Expungements"", ""Office of Admin Hearings – Licensing"", ""Unemployment Benefits"", ""Department of Human Services""]",,,,,,snap_65dee7a93a241e8f,snap_65dee7a93a241e8f,https://mncourts.gov/_media/migration/appellate/supreme-court/Roster-of-Approved-Legal-Paraprofessionals.pdf,2026-06-29T23:48:06.975920+0000,0.1.0
prov_mn_lp_1004,prog_mn_lp,individual,Sherry L. Gruenhagen,sherry l gruenhagen,MN,2021-05-21,active,"[""Housing Law"", ""Family Law"", ""Conciliation Court"", ""Consumer and Student Loan Debt"", ""Criminal Law – Expungements"", ""Office of Admin Hearings – Licensing"", ""Unemployment Benefits""]",,,,,,snap_65dee7a93a241e8f,snap_65dee7a93a241e8f,https://mncourts.gov/_media/migration/appellate/supreme-court/Roster-of-Approved-Legal-Paraprofessionals.pdf,2026-06-29T23:48:06.975920+0000,0.1.0
prov_mn_lp_1005,prog_mn_lp,individual,Mary J. Vrieze,mary j vrieze,MN,2021-05-26,active,"[""Housing Law""]",,,,,,snap_65dee7a93a241e8f,snap_65dee7a93a241e8f,https://mncourts.gov/_media/migration/appellate/supreme-court/Roster-of-Approved-Legal-Paraprofessionals.pdf,2026-06-29T23:48:06.975920+0000,0.1.0
prov_mn_lp_1006,prog_mn_lp,individual,Rachel A. Mitchell,rachel a mitchell,MN,2021-06-21,active,"[""Family Law""]",,,,,,snap_65dee7a93a241e8f,snap_65dee7a93a241e8f,https://mncourts.gov/_media/migration/appellate/supreme-court/Roster-of-Approved-Legal-Paraprofessionals.pdf,2026-06-29T23:48:06.975920+0000,0.1.0
prov_mn_lp_1007,prog_mn_lp,individual,Jennifer A. Waletzko,jennifer a waletzko,MN,2021-08-18,active,"[""Family Law"", ""Domestic Violence, Child Abuse, Orders for Protection (OFP), and Harassment Restraining Orders (HRO)""]",,,,,,snap_65dee7a93a241e8f,snap_65dee7a93a241e8f,https://mncourts.gov/_media/migration/appellate/supreme-court/Roster-of-Approved-Legal-Paraprofessionals.pdf,2026-06-29T23:48:06.975920+0000,0.1.0
prov_mn_lp_1008,prog_mn_lp,individual,Norina J. Dove,norina j dove,MN,2021-08-19,active,"[""Family Law"", ""Domestic Violence, Child Abuse, Orders for Protection (OFP), and Harassment Restraining Orders (HRO)""]",,,,,,snap_65dee7a93a241e8f,snap_65dee7a93a241e8f,https://mncourts.gov/_media/migration/appellate/supreme-court/Roster-of-Approved-Legal-Paraprofessionals.pdf,2026-06-29T23:48:06.975920+0000,0.1.0
prov_mn_lp_1010,prog_mn_lp,individual,Emily E. Burrows,emily e burrows,MN,2022-04-08,active,"[""Family Law"", ""Housing Law"", ""Conciliation Court"", ""Consumer and Student Loan Debt"", ""Criminal Law – Expungements"", ""Office of Admin Hearings – Licensing"", ""Unemployment Benefits"", ""Department of Human Services"", ""Domestic Violence, Child Abuse, Orders for Protection (OFP), and Harassment Restraining Orders (HRO)""]",,,,,,snap_65dee7a93a241e8f,snap_65dee7a93a241e8f,https://mncourts.gov/_media/migration/appellate/supreme-court/Roster-of-Approved-Legal-Paraprofessionals.pdf,2026-06-29T23:48:06.975920+0000,0.1.0
prov_mn_lp_1011,prog_mn_lp,individual,Marjorie A. Gomes,marjorie a gomes,MN,2022-05-09,active,"[""Housing Law"", ""Family Law""]",,,,,,snap_65dee7a93a241e8f,snap_65dee7a93a241e8f,https://mncourts.gov/_media/migration/appellate/supreme-court/Roster-of-Approved-Legal-Paraprofessionals.pdf,2026-06-29T23:48:06.975920+0000,0.1.0
prov_mn_lp_1012,prog_mn_lp,individual,Anna J. Koller,anna j koller,MN,2022-08-15,active,"[""Family Law"", ""Criminal Expungements""]",,,,,,snap_65dee7a93a241e8f,snap_65dee7a93a241e8f,https://mncourts.gov/_media/migration/appellate/supreme-court/Roster-of-Approved-Legal-Paraprofessionals.pdf,2026-06-29T23:48:06.975920+0000,0.1.0
prov_mn_lp_1013,prog_mn_lp,individual,Pamela (Pam) K. Martin,pamela pam k martin,MN,2022-09-09,active,"[""Family Law""]",,,,,,snap_65dee7a93a241e8f,snap_65dee7a93a241e8f,https://mncourts.gov/_media/migration/appellate/supreme-court/Roster-of-Approved-Legal-Paraprofessionals.pdf,2026-06-29T23:48:06.975920+0000,0.1.0
prov_mn_lp_1014,prog_mn_lp,individual,Sheraye A. Ternus,sheraye a ternus,MN,2022-09-09,active,"[""Family Law""]",,,,,,snap_65dee7a93a241e8f,snap_65dee7a93a241e8f,https://mncourts.gov/_media/migration/appellate/supreme-court/Roster-of-Approved-Legal-Paraprofessionals.pdf,2026-06-29T23:48:06.975920+0000,0.1.0
prov_mn_lp_1015,prog_mn_lp,individual,Kimberly A. Bonfield,kimberly a bonfield,MN,2022-10-31,active,"[""Family Law""]",,,,,,snap_65dee7a93a241e8f,snap_65dee7a93a241e8f,https://mncourts.gov/_media/migration/appellate/supreme-court/Roster-of-Approved-Legal-Paraprofessionals.pdf,2026-06-29T23:48:06.975920+0000,0.1.0
prov_mn_lp_1016,prog_mn_lp,individual,Yinping Xiao,yinping xiao,MN,2022-12-12,active,"[""Housing Law"", ""Family Law""]",,,,,,snap_65dee7a93a241e8f,snap_65dee7a93a241e8f,https://mncourts.gov/_media/migration/appellate/supreme-court/Roster-of-Approved-Legal-Paraprofessionals.pdf,2026-06-29T23:48:06.975920+0000,0.1.0
prov_mn_lp_1017,prog_mn_lp,individual,Nancy A. Neibergs,nancy a neibergs,MN,2022-12-23,active,"[""Housing Law""]",,,,,,snap_65dee7a93a241e8f,snap_65dee7a93a241e8f,https://mncourts.gov/_media/migration/appellate/supreme-court/Roster-of-Approved-Legal-Paraprofessionals.pdf,2026-06-29T23:48:06.975920+0000,0.1.0
prov_mn_lp_1018,prog_mn_lp,individual,Laisha B. Sanchez Romero,laisha b sanchez romero,MN,2023-03-03,active,"[""Housing Law""]",,,,,,snap_65dee7a93a241e8f,snap_65dee7a93a241e8f,https://mncourts.gov/_media/migration/appellate/supreme-court/Roster-of-Approved-Legal-Paraprofessionals.pdf,2026-06-29T23:48:06.975920+0000,0.1.0
prov_mn_lp_1019,prog_mn_lp,individual,Elizabeth M. Ebnet,elizabeth m ebnet,MN,2023-03-17,active,"[""Housing Law"", ""Family Law""]",,,,,,snap_65dee7a93a241e8f,snap_65dee7a93a241e8f,https://mncourts.gov/_media/migration/appellate/supreme-court/Roster-of-Approved-Legal-Paraprofessionals.pdf,2026-06-29T23:48:06.975920+0000,0.1.0
prov_mn_lp_1020,prog_mn_lp,individual,Jessica M. Sandberg,jessica m sandberg,MN,2023-07-12,active,"[""Family Law""]",,,,,,snap_65dee7a93a241e8f,snap_65dee7a93a241e8f,https://mncourts.gov/_media/migration/appellate/supreme-court/Roster-of-Approved-Legal-Paraprofessionals.pdf,2026-06-29T23:48:06.975920+0000,0.1.0
prov_mn_lp_1021,prog_mn_lp,individual,Melissa M. Luokkala,melissa m luokkala,MN,2023-08-16,active,"[""Family Law"", ""Criminal Law Expungements"", ""Domestic Violence, Child Abuse, Orders for Protection (OFP), and Harassment Restraining Orders (HRO)""]",,,,,,snap_65dee7a93a241e8f,snap_65dee7a93a241e8f,https://mncourts.gov/_media/migration/appellate/supreme-court/Roster-of-Approved-Legal-Paraprofessionals.pdf,2026-06-29T23:48:06.975920+0000,0.1.0
prov_mn_lp_1022,prog_mn_lp,individual,Vanessa F. Briese,vanessa f briese,MN,2023-09-27,active,"[""Family Law"", ""Domestic Violence, Child Abuse, Orders for Protection (OFP), and Harassment Restraining Orders (HRO)""]",,,,,,snap_65dee7a93a241e8f,snap_65dee7a93a241e8f,https://mncourts.gov/_media/migration/appellate/supreme-court/Roster-of-Approved-Legal-Paraprofessionals.pdf,2026-06-29T23:48:06.975920+0000,0.1.0
prov_mn_lp_1023,prog_mn_lp,individual,Kelli J. Crary,kelli j crary,MN,2024-05-23,active,"[""Family Law"", ""Conciliation Court"", ""Criminal Law Expungements"", ""Domestic Violence, Child Abuse, Orders for Protection (OFP), and Harassment Restraining Orders (HRO)""]",,,,,,snap_65dee7a93a241e8f,snap_65dee7a93a241e8f,https://mncourts.gov/_media/migration/appellate/supreme-court/Roster-of-Approved-Legal-Paraprofessionals.pdf,2026-06-29T23:48:06.975920+0000,0.1.0
prov_mn_lp_1024,prog_mn_lp,individual,Jeffrey R. Niemala,jeffrey r niemala,MN,2024-06-06,active,"[""Housing Law"", ""Family Law"", ""Domestic Violence, Child Abuse, Orders for Protection (OFP), and Harassment Restraining Orders (HRO)"", ""Conciliation Court"", ""Consumer and Student Loan Debt"", ""Criminal Law – Expungements"", ""Office of Admin Hearings – Licensing"", ""Unemployment Benefits"", ""Department of Human Services""]",,,,,,snap_65dee7a93a241e8f,snap_65dee7a93a241e8f,https://mncourts.gov/_media/migration/appellate/supreme-court/Roster-of-Approved-Legal-Paraprofessionals.pdf,2026-06-29T23:48:06.975920+0000,0.1.0
prov_mn_lp_1025,prog_mn_lp,individual,Brooke Marie Wolanin,brooke marie wolanin,MN,2024-10-31,active,"[""Housing Law"", ""Family Law""]",,,,,,snap_65dee7a93a241e8f,snap_65dee7a93a241e8f,https://mncourts.gov/_media/migration/appellate/supreme-court/Roster-of-Approved-Legal-Paraprofessionals.pdf,2026-06-29T23:48:06.975920+0000,0.1.0
prov_mn_lp_1026,prog_mn_lp,individual,Denise Marie Melendrez-Giese,denise marie melendrez giese,MN,2024-11-12,active,"[""Housing Law""]",,,,,,snap_65dee7a93a241e8f,snap_65dee7a93a241e8f,https://mncourts.gov/_media/migration/appellate/supreme-court/Roster-of-Approved-Legal-Paraprofessionals.pdf,2026-06-29T23:48:06.975920+0000,0.1.0
prov_mn_lp_1027,prog_mn_lp,individual,Tifany L. Renner,tifany l renner,MN,2024-12-11,active,"[""Family Law"", ""Domestic Violence, Child Abuse, Orders for Protection (OFP), and Harassment Restraining Orders (HRO)""]",,,,,,snap_65dee7a93a241e8f,snap_65dee7a93a241e8f,https://mncourts.gov/_media/migration/appellate/supreme-court/Roster-of-Approved-Legal-Paraprofessionals.pdf,2026-06-29T23:48:06.975920+0000,0.1.0
prov_mn_lp_1029,prog_mn_lp,individual,Jenna M. Gitchel,jenna m gitchel,MN,2025-03-26,active,"[""Conciliation Court"", ""Consumer and Student Loan Debt""]",,,,,,snap_65dee7a93a241e8f,snap_65dee7a93a241e8f,https://mncourts.gov/_media/migration/appellate/supreme-court/Roster-of-Approved-Legal-Paraprofessionals.pdf,2026-06-29T23:48:06.975920+0000,0.1.0
prov_mn_lp_1030,prog_mn_lp,individual,Christine O. Lueders,christine o lueders,MN,2025-06-09,active,"[""Family Law""]",,,,,,snap_65dee7a93a241e8f,snap_65dee7a93a241e8f,https://mncourts.gov/_media/migration/appellate/supreme-court/Roster-of-Approved-Legal-Paraprofessionals.pdf,2026-06-29T23:48:06.975920+0000,0.1.0
prov_mn_lp_1031,prog_mn_lp,individual,Samantha P. Fletcher,samantha p fletcher,MN,2025-07-16,active,"[""Family Law""]",,,,,,snap_65dee7a93a241e8f,snap_65dee7a93a241e8f,https://mncourts.gov/_media/migration/appellate/supreme-court/Roster-of-Approved-Legal-Paraprofessionals.pdf,2026-06-29T23:48:06.975920+0000,0.1.0
prov_mn_lp_1032,prog_mn_lp,individual,Michelle J. Luginbill,michelle j luginbill,MN,2025-07-24,active,"[""Housing Law"", ""Family Law"", ""Conciliation Court"", ""Criminal Law Expungements"", ""Office of Admin Hearings - Licensing""]",,,,,,snap_65dee7a93a241e8f,snap_65dee7a93a241e8f,https://mncourts.gov/_media/migration/appellate/supreme-court/Roster-of-Approved-Legal-Paraprofessionals.pdf,2026-06-29T23:48:06.975920+0000,0.1.0
prov_mn_lp_1033,prog_mn_lp,individual,Valerie K. Jennings,valerie k jennings,MN,2025-07-28,active,"[""Housing Law"", ""Family Law"", ""Conciliation Court"", ""Consumer and Student Loan Debt""]",,,,,,snap_65dee7a93a241e8f,snap_65dee7a93a241e8f,https://mncourts.gov/_media/migration/appellate/supreme-court/Roster-of-Approved-Legal-Paraprofessionals.pdf,2026-06-29T23:48:06.975920+0000,0.1.0
prov_mn_lp_1034,prog_mn_lp,individual,Amanda G. Richardt,amanda g richardt,MN,2025-08-06,active,"[""Housing Law"", ""Family Law"", ""Conciliation Court"", ""Criminal Expungements"", ""Office of Admin. Hearings - Licensing""]",,,,,,snap_65dee7a93a241e8f,snap_65dee7a93a241e8f,https://mncourts.gov/_media/migration/appellate/supreme-court/Roster-of-Approved-Legal-Paraprofessionals.pdf,2026-06-29T23:48:06.975920+0000,0.1.0
prov_mn_lp_1035,prog_mn_lp,individual,Corey E. Western Boy,corey e western boy,MN,2025-08-15,active,"[""Housing Law"", ""Family Law"", ""Domestic Violence, Child Abuse, Orders for Protection (OFP), and Harassment Restraining Orders (HRO)"", ""Conciliation Court"", ""Criminal Law – Expungements & Petty Misdemeanors""]",,,,,,snap_65dee7a93a241e8f,snap_65dee7a93a241e8f,https://mncourts.gov/_media/migration/appellate/supreme-court/Roster-of-Approved-Legal-Paraprofessionals.pdf,2026-06-29T23:48:06.975920+0000,0.1.0
prov_mn_lp_1036,prog_mn_lp,individual,Jennifer L. Scharton,jennifer l scharton,MN,2025-08-20,active,"[""Family Law"", ""Conciliation Court""]",,,,,,snap_65dee7a93a241e8f,snap_65dee7a93a241e8f,https://mncourts.gov/_media/migration/appellate/supreme-court/Roster-of-Approved-Legal-Paraprofessionals.pdf,2026-06-29T23:48:06.975920+0000,0.1.0
prov_mn_lp_1037,prog_mn_lp,individual,Taylor P. Burnett,taylor p burnett,MN,2025-10-22,active,"[""Criminal Law - Expungements""]",,,,,,snap_65dee7a93a241e8f,snap_65dee7a93a241e8f,https://mncourts.gov/_media/migration/appellate/supreme-court/Roster-of-Approved-Legal-Paraprofessionals.pdf,2026-06-29T23:48:06.975920+0000,0.1.0
prov_mn_lp_1038,prog_mn_lp,individual,Cheryl L. Smilanich,cheryl l smilanich,MN,2025-12-16,active,"[""Housing Law"", ""Family Law"", ""Criminal Law – Expungements""]",,,,,,snap_65dee7a93a241e8f,snap_65dee7a93a241e8f,https://mncourts.gov/_media/migration/appellate/supreme-court/Roster-of-Approved-Legal-Paraprofessionals.pdf,2026-06-29T23:48:06.975920+0000,0.1.0
prov_mn_lp_1039,prog_mn_lp,individual,Chad J. Huot,chad j huot,MN,2026-01-21,active,"[""Criminal Expungements""]",,,,,,snap_65dee7a93a241e8f,snap_65dee7a93a241e8f,https://mncourts.gov/_media/migration/appellate/supreme-court/Roster-of-Approved-Legal-Paraprofessionals.pdf,2026-06-29T23:48:06.975920+0000,0.1.0
prov_mn_lp_1040,prog_mn_lp,individual,Laura T. Asmus-Huey,laura t asmus huey,MN,2026-01-28,active,"[""Family Law"", ""Conciliation Court"", ""Consumer and Student Loan Debt""]",,,,,,snap_65dee7a93a241e8f,snap_65dee7a93a241e8f,https://mncourts.gov/_media/migration/appellate/supreme-court/Roster-of-Approved-Legal-Paraprofessionals.pdf,2026-06-29T23:48:06.975920+0000,0.1.0
prov_mn_lp_1041,prog_mn_lp,individual,Phylis M. Adolph,phylis m adolph,MN,2026-04-15,active,"[""Housing Law"", ""Family Law"", ""Conciliation Court"", ""Probate & Estate Administration""]",,,,,,snap_65dee7a93a241e8f,snap_65dee7a93a241e8f,https://mncourts.gov/_media/migration/appellate/supreme-court/Roster-of-Approved-Legal-Paraprofessionals.pdf,2026-06-29T23:48:06.975920+0000,0.1.0
prov_mn_lp_1042,prog_mn_lp,individual,Rosanna B. Vue,rosanna b vue,MN,2026-04-24,active,"[""Housing Law"", ""Family Law"", ""Conciliation Court"", ""Criminal Law – Expungements"", ""Office of Admin. Hearings - Licensing"", ""Unemployment Benefits"", ""Department of Human Services""]",,,,,,snap_65dee7a93a241e8f,snap_65dee7a93a241e8f,https://mncourts.gov/_media/migration/appellate/supreme-court/Roster-of-Approved-Legal-Paraprofessionals.pdf,2026-06-29T23:48:06.975920+0000,0.1.0
prov_mn_lp_1043,prog_mn_lp,individual,Rony S. Perussina,rony s perussina,MN,2026-06-24,active,"[""Family Law""]",,,,,,snap_65dee7a93a241e8f,snap_65dee7a93a241e8f,https://mncourts.gov/_media/migration/appellate/supreme-court/Roster-of-Approved-Legal-Paraprofessionals.pdf,2026-06-29T23:48:06.975920+0000,0.1.0
prov_mn_lp_1044,prog_mn_lp,individual,Donna R. Storer,donna r storer,MN,2026-06-25,active,"[""Family"", ""Orders for Protection (OFP), and Harassment Restraining Orders (HRO)""]",,,,,,snap_65dee7a93a241e8f,snap_65dee7a93a241e8f,https://mncourts.gov/_media/migration/appellate/supreme-court/Roster-of-Approved-Legal-Paraprofessionals.pdf,2026-06-29T23:48:06.975920+0000,0.1.0
prov_ut_lpp_01636ff8044c,prog_ut_lpp,individual,Shandi Erickson,shandi erickson,UT,,active,"",,,,,,snap_9b77f407c9783028,snap_ec6e3849f95aae3a,https://www.licensedlawyer.org/cv/cgi-bin/memberdll.dll/CustomList?WHP=lawyers_header.htm&WBP=lawyers_list.htm&SQLNAME=GETDIRSEARCH&SRCHOPT=I%7cPOLITICALPARTY%7cLPPActive%7c%3d%5eI%7cCHAPTERID%7cUT-BAR%7c%3d&SORTOPT=LASTNAME&GETCOUNT=0&GETSIM=0&RANGE=1%2f10&WEM=search_error.htm,2026-07-27T15:59:26.174947+0000,0.1.0
prov_ut_lpp_018aba76e370,prog_ut_lpp,individual,Rosa Escajeda,rosa escajeda,UT,,active,"",,,,,,snap_9b77f407c9783028,snap_ec6e3849f95aae3a,https://www.licensedlawyer.org/cv/cgi-bin/memberdll.dll/CustomList?WHP=lawyers_header.htm&WBP=lawyers_list.htm&SQLNAME=GETDIRSEARCH&SRCHOPT=I%7cPOLITICALPARTY%7cLPPActive%7c%3d%5eI%7cCHAPTERID%7cUT-BAR%7c%3d&SORTOPT=LASTNAME&GETCOUNT=0&GETSIM=0&RANGE=1%2f10&WEM=search_error.htm,2026-07-27T15:59:26.174947+0000,0.1.0
prov_ut_lpp_018c0de35831,prog_ut_lpp,individual,Rheane Mumm,rheane mumm,UT,,active,"",,,,,,snap_9b77f407c9783028,snap_ec6e3849f95aae3a,https://www.licensedlawyer.org/cv/cgi-bin/memberdll.dll/CustomList?WHP=lawyers_header.htm&WBP=lawyers_list.htm&SQLNAME=GETDIRSEARCH&SRCHOPT=I%7cPOLITICALPARTY%7cLPPActive%7c%3d%5eI%7cCHAPTERID%7cUT-BAR%7c%3d&SORTOPT=LASTNAME&GETCOUNT=0&GETSIM=0&RANGE=1%2f10&WEM=search_error.htm,2026-07-27T15:59:26.174947+0000,0.1.0
prov_ut_lpp_03f43673f132,prog_ut_lpp,individual,Monica Short,monica short,UT,,active,"",,,,,,snap_9b77f407c9783028,snap_ec6e3849f95aae3a,https://www.licensedlawyer.org/cv/cgi-bin/memberdll.dll/CustomList?WHP=lawyers_header.htm&WBP=lawyers_list.htm&SQLNAME=GETDIRSEARCH&SRCHOPT=I%7cPOLITICALPARTY%7cLPPActive%7c%3d%5eI%7cCHAPTERID%7cUT-BAR%7c%3d&SORTOPT=LASTNAME&GETCOUNT=0&GETSIM=0&RANGE=1%2f10&WEM=search_error.htm,2026-07-27T15:59:26.174947+0000,0.1.0
prov_ut_lpp_0b64b7dfbf42,prog_ut_lpp,individual,Lindsey Brandt,lindsey brandt,UT,,active,"",,,,,,snap_9b77f407c9783028,snap_ec6e3849f95aae3a,https://www.licensedlawyer.org/cv/cgi-bin/memberdll.dll/CustomList?WHP=lawyers_header.htm&WBP=lawyers_list.htm&SQLNAME=GETDIRSEARCH&SRCHOPT=I%7cPOLITICALPARTY%7cLPPActive%7c%3d%5eI%7cCHAPTERID%7cUT-BAR%7c%3d&SORTOPT=LASTNAME&GETCOUNT=0&GETSIM=0&RANGE=1%2f10&WEM=search_error.htm,2026-07-27T15:59:26.174947+0000,0.1.0
prov_ut_lpp_1adf0cab1f06,prog_ut_lpp,individual,Sol Huamani,sol huamani,UT,,active,"",,,,,,snap_9b77f407c9783028,snap_ec6e3849f95aae3a,https://www.licensedlawyer.org/cv/cgi-bin/memberdll.dll/CustomList?WHP=lawyers_header.htm&WBP=lawyers_list.htm&SQLNAME=GETDIRSEARCH&SRCHOPT=I%7cPOLITICALPARTY%7cLPPActive%7c%3d%5eI%7cCHAPTERID%7cUT-BAR%7c%3d&SORTOPT=LASTNAME&GETCOUNT=0&GETSIM=0&RANGE=1%2f10&WEM=search_error.htm,2026-07-27T15:59:26.174947+0000,0.1.0
prov_ut_lpp_221c8e27b731,prog_ut_lpp,individual,Grace Goddard,grace goddard,UT,,active,"",,,,,,snap_9b77f407c9783028,snap_ec6e3849f95aae3a,https://www.licensedlawyer.org/cv/cgi-bin/memberdll.dll/CustomList?WHP=lawyers_header.htm&WBP=lawyers_list.htm&SQLNAME=GETDIRSEARCH&SRCHOPT=I%7cPOLITICALPARTY%7cLPPActive%7c%3d%5eI%7cCHAPTERID%7cUT-BAR%7c%3d&SORTOPT=LASTNAME&GETCOUNT=0&GETSIM=0&RANGE=1%2f10&WEM=search_error.htm,2026-07-27T15:59:26.174947+0000,0.1.0
prov_ut_lpp_2631a13fa6b6,prog_ut_lpp,individual,Melissa Parache,melissa parache,UT,,active,"",,,,,,snap_9b77f407c9783028,snap_ec6e3849f95aae3a,https://www.licensedlawyer.org/cv/cgi-bin/memberdll.dll/CustomList?WHP=lawyers_header.htm&WBP=lawyers_list.htm&SQLNAME=GETDIRSEARCH&SRCHOPT=I%7cPOLITICALPARTY%7cLPPActive%7c%3d%5eI%7cCHAPTERID%7cUT-BAR%7c%3d&SORTOPT=LASTNAME&GETCOUNT=0&GETSIM=0&RANGE=1%2f10&WEM=search_error.htm,2026-07-27T15:59:26.174947+0000,0.1.0
prov_ut_lpp_292bcd645ebc,prog_ut_lpp,individual,Brooke Byall,brooke byall,UT,,active,"",,,,,,snap_9b77f407c9783028,snap_ec6e3849f95aae3a,https://www.licensedlawyer.org/cv/cgi-bin/memberdll.dll/CustomList?WHP=lawyers_header.htm&WBP=lawyers_list.htm&SQLNAME=GETDIRSEARCH&SRCHOPT=I%7cPOLITICALPARTY%7cLPPActive%7c%3d%5eI%7cCHAPTERID%7cUT-BAR%7c%3d&SORTOPT=LASTNAME&GETCOUNT=0&GETSIM=0&RANGE=1%2f10&WEM=search_error.htm,2026-07-27T15:59:26.174947+0000,0.1.0
prov_ut_lpp_2ab1c62c1f67,prog_ut_lpp,individual,Jessica Moody,jessica moody,UT,,active,"",,,,,,snap_9b77f407c9783028,snap_ec6e3849f95aae3a,https://www.licensedlawyer.org/cv/cgi-bin/memberdll.dll/CustomList?WHP=lawyers_header.htm&WBP=lawyers_list.htm&SQLNAME=GETDIRSEARCH&SRCHOPT=I%7cPOLITICALPARTY%7cLPPActive%7c%3d%5eI%7cCHAPTERID%7cUT-BAR%7c%3d&SORTOPT=LASTNAME&GETCOUNT=0&GETSIM=0&RANGE=1%2f10&WEM=search_error.htm,2026-07-27T15:59:26.174947+0000,0.1.0
prov_ut_lpp_2e6d610c2385,prog_ut_lpp,individual,Denise George,denise george,UT,,active,"",,,,,,snap_9b77f407c9783028,snap_ec6e3849f95aae3a,https://www.licensedlawyer.org/cv/cgi-bin/memberdll.dll/CustomList?WHP=lawyers_header.htm&WBP=lawyers_list.htm&SQLNAME=GETDIRSEARCH&SRCHOPT=I%7cPOLITICALPARTY%7cLPPActive%7c%3d%5eI%7cCHAPTERID%7cUT-BAR%7c%3d&SORTOPT=LASTNAME&GETCOUNT=0&GETSIM=0&RANGE=1%2f10&WEM=search_error.htm,2026-07-27T15:59:26.174947+0000,0.1.0
prov_ut_lpp_36df9d69f626,prog_ut_lpp,individual,Rebecca Buck,rebecca buck,UT,,active,"",,,,,,snap_9b77f407c9783028,snap_ec6e3849f95aae3a,https://www.licensedlawyer.org/cv/cgi-bin/memberdll.dll/CustomList?WHP=lawyers_header.htm&WBP=lawyers_list.htm&SQLNAME=GETDIRSEARCH&SRCHOPT=I%7cPOLITICALPARTY%7cLPPActive%7c%3d%5eI%7cCHAPTERID%7cUT-BAR%7c%3d&SORTOPT=LASTNAME&GETCOUNT=0&GETSIM=0&RANGE=1%2f10&WEM=search_error.htm,2026-07-27T15:59:26.174947+0000,0.1.0
prov_ut_lpp_3e2985f08d12,prog_ut_lpp,individual,Marina Johnson,marina johnson,UT,,active,"",,,,,,snap_9b77f407c9783028,snap_ec6e3849f95aae3a,https://www.licensedlawyer.org/cv/cgi-bin/memberdll.dll/CustomList?WHP=lawyers_header.htm&WBP=lawyers_list.htm&SQLNAME=GETDIRSEARCH&SRCHOPT=I%7cPOLITICALPARTY%7cLPPActive%7c%3d%5eI%7cCHAPTERID%7cUT-BAR%7c%3d&SORTOPT=LASTNAME&GETCOUNT=0&GETSIM=0&RANGE=1%2f10&WEM=search_error.htm,2026-07-27T15:59:26.174947+0000,0.1.0
prov_ut_lpp_3ef5ffb3389d,prog_ut_lpp,individual,John Seegrist,john seegrist,UT,,active,"",,,,,,snap_9b77f407c9783028,snap_ec6e3849f95aae3a,https://www.licensedlawyer.org/cv/cgi-bin/memberdll.dll/CustomList?WHP=lawyers_header.htm&WBP=lawyers_list.htm&SQLNAME=GETDIRSEARCH&SRCHOPT=I%7cPOLITICALPARTY%7cLPPActive%7c%3d%5eI%7cCHAPTERID%7cUT-BAR%7c%3d&SORTOPT=LASTNAME&GETCOUNT=0&GETSIM=0&RANGE=1%2f10&WEM=search_error.htm,2026-07-27T15:59:26.174947+0000,0.1.0
prov_ut_lpp_42969809ee38,prog_ut_lpp,individual,Kirstyn Anderberg,kirstyn anderberg,UT,,active,"",,,,,,snap_9b77f407c9783028,snap_ec6e3849f95aae3a,https://www.licensedlawyer.org/cv/cgi-bin/memberdll.dll/CustomList?WHP=lawyers_header.htm&WBP=lawyers_list.htm&SQLNAME=GETDIRSEARCH&SRCHOPT=I%7cPOLITICALPARTY%7cLPPActive%7c%3d%5eI%7cCHAPTERID%7cUT-BAR%7c%3d&SORTOPT=LASTNAME&GETCOUNT=0&GETSIM=0&RANGE=1%2f10&WEM=search_error.htm,2026-07-27T15:59:26.174947+0000,0.1.0
prov_ut_lpp_42e82ef0c393,prog_ut_lpp,individual,Peter Vanderhooft,peter vanderhooft,UT,,active,"",,,,,,snap_9b77f407c9783028,snap_ec6e3849f95aae3a,https://www.licensedlawyer.org/cv/cgi-bin/memberdll.dll/CustomList?WHP=lawyers_header.htm&WBP=lawyers_list.htm&SQLNAME=GETDIRSEARCH&SRCHOPT=I%7cPOLITICALPARTY%7cLPPActive%7c%3d%5eI%7cCHAPTERID%7cUT-BAR%7c%3d&SORTOPT=LASTNAME&GETCOUNT=0&GETSIM=0&RANGE=1%2f10&WEM=search_error.htm,2026-07-27T15:59:26.174947+0000,0.1.0
prov_ut_lpp_45ae1c11b473,prog_ut_lpp,individual,Sandra Carpenter,sandra carpenter,UT,,active,"",,,,,,snap_9b77f407c9783028,snap_ec6e3849f95aae3a,https://www.licensedlawyer.org/cv/cgi-bin/memberdll.dll/CustomList?WHP=lawyers_header.htm&WBP=lawyers_list.htm&SQLNAME=GETDIRSEARCH&SRCHOPT=I%7cPOLITICALPARTY%7cLPPActive%7c%3d%5eI%7cCHAPTERID%7cUT-BAR%7c%3d&SORTOPT=LASTNAME&GETCOUNT=0&GETSIM=0&RANGE=1%2f10&WEM=search_error.htm,2026-07-27T15:59:26.174947+0000,0.1.0
prov_ut_lpp_4975a0b920ee,prog_ut_lpp,individual,Joy Rasmussen,joy rasmussen,UT,,active,"",,,,,,snap_9b77f407c9783028,snap_ec6e3849f95aae3a,https://www.licensedlawyer.org/cv/cgi-bin/memberdll.dll/CustomList?WHP=lawyers_header.htm&WBP=lawyers_list.htm&SQLNAME=GETDIRSEARCH&SRCHOPT=I%7cPOLITICALPARTY%7cLPPActive%7c%3d%5eI%7cCHAPTERID%7cUT-BAR%7c%3d&SORTOPT=LASTNAME&GETCOUNT=0&GETSIM=0&RANGE=1%2f10&WEM=search_error.htm,2026-07-27T15:59:26.174947+0000,0.1.0
prov_ut_lpp_4f41fe54f8f5,prog_ut_lpp,individual,Paula Brewer,paula brewer,UT,,active,"",,,,,,snap_9b77f407c9783028,snap_ec6e3849f95aae3a,https://www.licensedlawyer.org/cv/cgi-bin/memberdll.dll/CustomList?WHP=lawyers_header.htm&WBP=lawyers_list.htm&SQLNAME=GETDIRSEARCH&SRCHOPT=I%7cPOLITICALPARTY%7cLPPActive%7c%3d%5eI%7cCHAPTERID%7cUT-BAR%7c%3d&SORTOPT=LASTNAME&GETCOUNT=0&GETSIM=0&RANGE=1%2f10&WEM=search_error.htm,2026-07-27T15:59:26.174947+0000,0.1.0
prov_ut_lpp_535f39c7564c,prog_ut_lpp,individual,Veronica Alvarado,veronica alvarado,UT,,active,"",,,,,,snap_9b77f407c9783028,snap_ec6e3849f95aae3a,https://www.licensedlawyer.org/cv/cgi-bin/memberdll.dll/CustomList?WHP=lawyers_header.htm&WBP=lawyers_list.htm&SQLNAME=GETDIRSEARCH&SRCHOPT=I%7cPOLITICALPARTY%7cLPPActive%7c%3d%5eI%7cCHAPTERID%7cUT-BAR%7c%3d&SORTOPT=LASTNAME&GETCOUNT=0&GETSIM=0&RANGE=1%2f10&WEM=search_error.htm,2026-07-27T15:59:26.174947+0000,0.1.0
prov_ut_lpp_55ba167d2462,prog_ut_lpp,individual,Marsha Stroh,marsha stroh,UT,,active,"",,,,,,snap_9b77f407c9783028,snap_ec6e3849f95aae3a,https://www.licensedlawyer.org/cv/cgi-bin/memberdll.dll/CustomList?WHP=lawyers_header.htm&WBP=lawyers_list.htm&SQLNAME=GETDIRSEARCH&SRCHOPT=I%7cPOLITICALPARTY%7cLPPActive%7c%3d%5eI%7cCHAPTERID%7cUT-BAR%7c%3d&SORTOPT=LASTNAME&GETCOUNT=0&GETSIM=0&RANGE=1%2f10&WEM=search_error.htm,2026-07-27T15:59:26.174947+0000,0.1.0
prov_ut_lpp_5d23aa68f6c6,prog_ut_lpp,individual,Christina Bird,christina bird,UT,,active,"",,,,,,snap_9b77f407c9783028,snap_ec6e3849f95aae3a,https://www.licensedlawyer.org/cv/cgi-bin/memberdll.dll/CustomList?WHP=lawyers_header.htm&WBP=lawyers_list.htm&SQLNAME=GETDIRSEARCH&SRCHOPT=I%7cPOLITICALPARTY%7cLPPActive%7c%3d%5eI%7cCHAPTERID%7cUT-BAR%7c%3d&SORTOPT=LASTNAME&GETCOUNT=0&GETSIM=0&RANGE=1%2f10&WEM=search_error.htm,2026-07-27T15:59:26.174947+0000,0.1.0
prov_ut_lpp_5f284fd08d02,prog_ut_lpp,individual,Susan Morandy,susan morandy,UT,,active,"",,,,,,snap_9b77f407c9783028,snap_ec6e3849f95aae3a,https://www.licensedlawyer.org/cv/cgi-bin/memberdll.dll/CustomList?WHP=lawyers_header.htm&WBP=lawyers_list.htm&SQLNAME=GETDIRSEARCH&SRCHOPT=I%7cPOLITICALPARTY%7cLPPActive%7c%3d%5eI%7cCHAPTERID%7cUT-BAR%7c%3d&SORTOPT=LASTNAME&GETCOUNT=0&GETSIM=0&RANGE=1%2f10&WEM=search_error.htm,2026-07-27T15:59:26.174947+0000,0.1.0
prov_ut_lpp_5fa54983a61f,prog_ut_lpp,individual,Francesca Alas Servellon,francesca alas servellon,UT,,active,"",,,,,,snap_9b77f407c9783028,snap_ec6e3849f95aae3a,https://www.licensedlawyer.org/cv/cgi-bin/memberdll.dll/CustomList?WHP=lawyers_header.htm&WBP=lawyers_list.htm&SQLNAME=GETDIRSEARCH&SRCHOPT=I%7cPOLITICALPARTY%7cLPPActive%7c%3d%5eI%7cCHAPTERID%7cUT-BAR%7c%3d&SORTOPT=LASTNAME&GETCOUNT=0&GETSIM=0&RANGE=1%2f10&WEM=search_error.htm,2026-07-27T15:59:26.174947+0000,0.1.0
prov_ut_lpp_744102171717,prog_ut_lpp,individual,Haydee Rojas,haydee rojas,UT,,active,"",,,,,,snap_9b77f407c9783028,snap_ec6e3849f95aae3a,https://www.licensedlawyer.org/cv/cgi-bin/memberdll.dll/CustomList?WHP=lawyers_header.htm&WBP=lawyers_list.htm&SQLNAME=GETDIRSEARCH&SRCHOPT=I%7cPOLITICALPARTY%7cLPPActive%7c%3d%5eI%7cCHAPTERID%7cUT-BAR%7c%3d&SORTOPT=LASTNAME&GETCOUNT=0&GETSIM=0&RANGE=1%2f10&WEM=search_error.htm,2026-07-27T15:59:26.174947+0000,0.1.0
prov_ut_lpp_7cb8168c60c3,prog_ut_lpp,individual,Amber Alleman,amber alleman,UT,,active,"",,,,,,snap_9b77f407c9783028,snap_ec6e3849f95aae3a,https://www.licensedlawyer.org/cv/cgi-bin/memberdll.dll/CustomList?WHP=lawyers_header.htm&WBP=lawyers_list.htm&SQLNAME=GETDIRSEARCH&SRCHOPT=I%7cPOLITICALPARTY%7cLPPActive%7c%3d%5eI%7cCHAPTERID%7cUT-BAR%7c%3d&SORTOPT=LASTNAME&GETCOUNT=0&GETSIM=0&RANGE=1%2f10&WEM=search_error.htm,2026-07-27T15:59:26.174947+0000,0.1.0
prov_ut_lpp_82135d9d2b9c,prog_ut_lpp,individual,Tonya Wright,tonya wright,UT,,active,"",,,,,,snap_9b77f407c9783028,snap_ec6e3849f95aae3a,https://www.licensedlawyer.org/cv/cgi-bin/memberdll.dll/CustomList?WHP=lawyers_header.htm&WBP=lawyers_list.htm&SQLNAME=GETDIRSEARCH&SRCHOPT=I%7cPOLITICALPARTY%7cLPPActive%7c%3d%5eI%7cCHAPTERID%7cUT-BAR%7c%3d&SORTOPT=LASTNAME&GETCOUNT=0&GETSIM=0&RANGE=1%2f10&WEM=search_error.htm,2026-07-27T15:59:26.174947+0000,0.1.0
prov_ut_lpp_873967ad683e,prog_ut_lpp,individual,Laura Pennock,laura pennock,UT,,active,"",,,,,,snap_9b77f407c9783028,snap_ec6e3849f95aae3a,https://www.licensedlawyer.org/cv/cgi-bin/memberdll.dll/CustomList?WHP=lawyers_header.htm&WBP=lawyers_list.htm&SQLNAME=GETDIRSEARCH&SRCHOPT=I%7cPOLITICALPARTY%7cLPPActive%7c%3d%5eI%7cCHAPTERID%7cUT-BAR%7c%3d&SORTOPT=LASTNAME&GETCOUNT=0&GETSIM=0&RANGE=1%2f10&WEM=search_error.htm,2026-07-27T15:59:26.174947+0000,0.1.0
prov_ut_lpp_89bdc12eea1d,prog_ut_lpp,individual,Celia Pace,celia pace,UT,,active,"",,,,,,snap_9b77f407c9783028,snap_ec6e3849f95aae3a,https://www.licensedlawyer.org/cv/cgi-bin/memberdll.dll/CustomList?WHP=lawyers_header.htm&WBP=lawyers_list.htm&SQLNAME=GETDIRSEARCH&SRCHOPT=I%7cPOLITICALPARTY%7cLPPActive%7c%3d%5eI%7cCHAPTERID%7cUT-BAR%7c%3d&SORTOPT=LASTNAME&GETCOUNT=0&GETSIM=0&RANGE=1%2f10&WEM=search_error.htm,2026-07-27T15:59:26.174947+0000,0.1.0
prov_ut_lpp_8baa1e1f575e,prog_ut_lpp,individual,Riley Pence,riley pence,UT,,active,"",,,,,,snap_9b77f407c9783028,snap_ec6e3849f95aae3a,https://www.licensedlawyer.org/cv/cgi-bin/memberdll.dll/CustomList?WHP=lawyers_header.htm&WBP=lawyers_list.htm&SQLNAME=GETDIRSEARCH&SRCHOPT=I%7cPOLITICALPARTY%7cLPPActive%7c%3d%5eI%7cCHAPTERID%7cUT-BAR%7c%3d&SORTOPT=LASTNAME&GETCOUNT=0&GETSIM=0&RANGE=1%2f10&WEM=search_error.htm,2026-07-27T15:59:26.174947+0000,0.1.0
prov_ut_lpp_8d9daf451d4c,prog_ut_lpp,individual,Leslie Staples,leslie staples,UT,,active,"",,,,,,snap_9b77f407c9783028,snap_ec6e3849f95aae3a,https://www.licensedlawyer.org/cv/cgi-bin/memberdll.dll/CustomList?WHP=lawyers_header.htm&WBP=lawyers_list.htm&SQLNAME=GETDIRSEARCH&SRCHOPT=I%7cPOLITICALPARTY%7cLPPActive%7c%3d%5eI%7cCHAPTERID%7cUT-BAR%7c%3d&SORTOPT=LASTNAME&GETCOUNT=0&GETSIM=0&RANGE=1%2f10&WEM=search_error.htm,2026-07-27T15:59:26.174947+0000,0.1.0
prov_ut_lpp_8eccbee92896,prog_ut_lpp,individual,Susan Astle,susan astle,UT,,active,"",,,,,,snap_9b77f407c9783028,snap_ec6e3849f95aae3a,https://www.licensedlawyer.org/cv/cgi-bin/memberdll.dll/CustomList?WHP=lawyers_header.htm&WBP=lawyers_list.htm&SQLNAME=GETDIRSEARCH&SRCHOPT=I%7cPOLITICALPARTY%7cLPPActive%7c%3d%5eI%7cCHAPTERID%7cUT-BAR%7c%3d&SORTOPT=LASTNAME&GETCOUNT=0&GETSIM=0&RANGE=1%2f10&WEM=search_error.htm,2026-07-27T15:59:26.174947+0000,0.1.0
prov_ut_lpp_903795ae41ec,prog_ut_lpp,individual,Randalee White,randalee white,UT,,active,"",,,,,,snap_9b77f407c9783028,snap_ec6e3849f95aae3a,https://www.licensedlawyer.org/cv/cgi-bin/memberdll.dll/CustomList?WHP=lawyers_header.htm&WBP=lawyers_list.htm&SQLNAME=GETDIRSEARCH&SRCHOPT=I%7cPOLITICALPARTY%7cLPPActive%7c%3d%5eI%7cCHAPTERID%7cUT-BAR%7c%3d&SORTOPT=LASTNAME&GETCOUNT=0&GETSIM=0&RANGE=1%2f10&WEM=search_error.htm,2026-07-27T15:59:26.174947+0000,0.1.0
prov_ut_lpp_9446213cb459,prog_ut_lpp,individual,Sharnae Feinstein,sharnae feinstein,UT,,active,"",,,,,,snap_9b77f407c9783028,snap_ec6e3849f95aae3a,https://www.licensedlawyer.org/cv/cgi-bin/memberdll.dll/CustomList?WHP=lawyers_header.htm&WBP=lawyers_list.htm&SQLNAME=GETDIRSEARCH&SRCHOPT=I%7cPOLITICALPARTY%7cLPPActive%7c%3d%5eI%7cCHAPTERID%7cUT-BAR%7c%3d&SORTOPT=LASTNAME&GETCOUNT=0&GETSIM=0&RANGE=1%2f10&WEM=search_error.htm,2026-07-27T15:59:26.174947+0000,0.1.0
prov_ut_lpp_9a7ea9b9f47e,prog_ut_lpp,individual,Jennifer Arganbright,jennifer arganbright,UT,,active,"",,,,,,snap_9b77f407c9783028,snap_ec6e3849f95aae3a,https://www.licensedlawyer.org/cv/cgi-bin/memberdll.dll/CustomList?WHP=lawyers_header.htm&WBP=lawyers_list.htm&SQLNAME=GETDIRSEARCH&SRCHOPT=I%7cPOLITICALPARTY%7cLPPActive%7c%3d%5eI%7cCHAPTERID%7cUT-BAR%7c%3d&SORTOPT=LASTNAME&GETCOUNT=0&GETSIM=0&RANGE=1%2f10&WEM=search_error.htm,2026-07-27T15:59:26.174947+0000,0.1.0
prov_ut_lpp_a23f53ca102d,prog_ut_lpp,individual,Heather Zamora,heather zamora,UT,,active,"",,,,,,snap_9b77f407c9783028,snap_ec6e3849f95aae3a,https://www.licensedlawyer.org/cv/cgi-bin/memberdll.dll/CustomList?WHP=lawyers_header.htm&WBP=lawyers_list.htm&SQLNAME=GETDIRSEARCH&SRCHOPT=I%7cPOLITICALPARTY%7cLPPActive%7c%3d%5eI%7cCHAPTERID%7cUT-BAR%7c%3d&SORTOPT=LASTNAME&GETCOUNT=0&GETSIM=0&RANGE=1%2f10&WEM=search_error.htm,2026-07-27T15:59:26.174947+0000,0.1.0
prov_ut_lpp_a4c10c422c25,prog_ut_lpp,individual,Jacqueline Deaton,jacqueline deaton,UT,,active,"",,,,,,snap_9b77f407c9783028,snap_ec6e3849f95aae3a,https://www.licensedlawyer.org/cv/cgi-bin/memberdll.dll/CustomList?WHP=lawyers_header.htm&WBP=lawyers_list.htm&SQLNAME=GETDIRSEARCH&SRCHOPT=I%7cPOLITICALPARTY%7cLPPActive%7c%3d%5eI%7cCHAPTERID%7cUT-BAR%7c%3d&SORTOPT=LASTNAME&GETCOUNT=0&GETSIM=0&RANGE=1%2f10&WEM=search_error.htm,2026-07-27T15:59:26.174947+0000,0.1.0
prov_ut_lpp_a75a60210796,prog_ut_lpp,individual,Amanda Thomas,amanda thomas,UT,,active,"",,,,,,snap_9b77f407c9783028,snap_ec6e3849f95aae3a,https://www.licensedlawyer.org/cv/cgi-bin/memberdll.dll/CustomList?WHP=lawyers_header.htm&WBP=lawyers_list.htm&SQLNAME=GETDIRSEARCH&SRCHOPT=I%7cPOLITICALPARTY%7cLPPActive%7c%3d%5eI%7cCHAPTERID%7cUT-BAR%7c%3d&SORTOPT=LASTNAME&GETCOUNT=0&GETSIM=0&RANGE=1%2f10&WEM=search_error.htm,2026-07-27T15:59:26.174947+0000,0.1.0
prov_ut_lpp_bcc22c2c0517,prog_ut_lpp,individual,Bonnie Morriss,bonnie morriss,UT,,active,"",,,,,,snap_9b77f407c9783028,snap_ec6e3849f95aae3a,https://www.licensedlawyer.org/cv/cgi-bin/memberdll.dll/CustomList?WHP=lawyers_header.htm&WBP=lawyers_list.htm&SQLNAME=GETDIRSEARCH&SRCHOPT=I%7cPOLITICALPARTY%7cLPPActive%7c%3d%5eI%7cCHAPTERID%7cUT-BAR%7c%3d&SORTOPT=LASTNAME&GETCOUNT=0&GETSIM=0&RANGE=1%2f10&WEM=search_error.htm,2026-07-27T15:59:26.174947+0000,0.1.0
prov_ut_lpp_bec180a227f9,prog_ut_lpp,individual,Angela Willoughby,angela willoughby,UT,,active,"",,,,,,snap_9b77f407c9783028,snap_ec6e3849f95aae3a,https://www.licensedlawyer.org/cv/cgi-bin/memberdll.dll/CustomList?WHP=lawyers_header.htm&WBP=lawyers_list.htm&SQLNAME=GETDIRSEARCH&SRCHOPT=I%7cPOLITICALPARTY%7cLPPActive%7c%3d%5eI%7cCHAPTERID%7cUT-BAR%7c%3d&SORTOPT=LASTNAME&GETCOUNT=0&GETSIM=0&RANGE=1%2f10&WEM=search_error.htm,2026-07-27T15:59:26.174947+0000,0.1.0
prov_ut_lpp_c217c0de2748,prog_ut_lpp,individual,Michelle Adams,michelle adams,UT,,active,"",,,,,,snap_9b77f407c9783028,snap_ec6e3849f95aae3a,https://www.licensedlawyer.org/cv/cgi-bin/memberdll.dll/CustomList?WHP=lawyers_header.htm&WBP=lawyers_list.htm&SQLNAME=GETDIRSEARCH&SRCHOPT=I%7cPOLITICALPARTY%7cLPPActive%7c%3d%5eI%7cCHAPTERID%7cUT-BAR%7c%3d&SORTOPT=LASTNAME&GETCOUNT=0&GETSIM=0&RANGE=1%2f10&WEM=search_error.htm,2026-07-27T15:59:26.174947+0000,0.1.0
prov_ut_lpp_c2515c9aa79e,prog_ut_lpp,individual,Sydney White,sydney white,UT,,active,"",,,,,,snap_9b77f407c9783028,snap_ec6e3849f95aae3a,https://www.licensedlawyer.org/cv/cgi-bin/memberdll.dll/CustomList?WHP=lawyers_header.htm&WBP=lawyers_list.htm&SQLNAME=GETDIRSEARCH&SRCHOPT=I%7cPOLITICALPARTY%7cLPPActive%7c%3d%5eI%7cCHAPTERID%7cUT-BAR%7c%3d&SORTOPT=LASTNAME&GETCOUNT=0&GETSIM=0&RANGE=1%2f10&WEM=search_error.htm,2026-07-27T15:59:26.174947+0000,0.1.0
prov_ut_lpp_c740c271d89b,prog_ut_lpp,individual,Melanie Buervenich,melanie buervenich,UT,,active,"",,,,,,snap_9b77f407c9783028,snap_ec6e3849f95aae3a,https://www.licensedlawyer.org/cv/cgi-bin/memberdll.dll/CustomList?WHP=lawyers_header.htm&WBP=lawyers_list.htm&SQLNAME=GETDIRSEARCH&SRCHOPT=I%7cPOLITICALPARTY%7cLPPActive%7c%3d%5eI%7cCHAPTERID%7cUT-BAR%7c%3d&SORTOPT=LASTNAME&GETCOUNT=0&GETSIM=0&RANGE=1%2f10&WEM=search_error.htm,2026-07-27T15:59:26.174947+0000,0.1.0
prov_ut_lpp_d7992a6603db,prog_ut_lpp,individual,Amanda Riter,amanda riter,UT,,active,"",,,,,,snap_9b77f407c9783028,snap_ec6e3849f95aae3a,https://www.licensedlawyer.org/cv/cgi-bin/memberdll.dll/CustomList?WHP=lawyers_header.htm&WBP=lawyers_list.htm&SQLNAME=GETDIRSEARCH&SRCHOPT=I%7cPOLITICALPARTY%7cLPPActive%7c%3d%5eI%7cCHAPTERID%7cUT-BAR%7c%3d&SORTOPT=LASTNAME&GETCOUNT=0&GETSIM=0&RANGE=1%2f10&WEM=search_error.htm,2026-07-27T15:59:26.174947+0000,0.1.0
prov_ut_lpp_e3817b960db6,prog_ut_lpp,individual,Molly Jordan,molly jordan,UT,,active,"",,,,,,snap_9b77f407c9783028,snap_ec6e3849f95aae3a,https://www.licensedlawyer.org/cv/cgi-bin/memberdll.dll/CustomList?WHP=lawyers_header.htm&WBP=lawyers_list.htm&SQLNAME=GETDIRSEARCH&SRCHOPT=I%7cPOLITICALPARTY%7cLPPActive%7c%3d%5eI%7cCHAPTERID%7cUT-BAR%7c%3d&SORTOPT=LASTNAME&GETCOUNT=0&GETSIM=0&RANGE=1%2f10&WEM=search_error.htm,2026-07-27T15:59:26.174947+0000,0.1.0
prov_ut_lpp_e59b704f8104,prog_ut_lpp,individual,Dianna Sanchez,dianna sanchez,UT,,active,"",,,,,,snap_9b77f407c9783028,snap_ec6e3849f95aae3a,https://www.licensedlawyer.org/cv/cgi-bin/memberdll.dll/CustomList?WHP=lawyers_header.htm&WBP=lawyers_list.htm&SQLNAME=GETDIRSEARCH&SRCHOPT=I%7cPOLITICALPARTY%7cLPPActive%7c%3d%5eI%7cCHAPTERID%7cUT-BAR%7c%3d&SORTOPT=LASTNAME&GETCOUNT=0&GETSIM=0&RANGE=1%2f10&WEM=search_error.htm,2026-07-27T15:59:26.174947+0000,0.1.0
prov_ut_lpp_e5b07699b5b6,prog_ut_lpp,individual,Jill Bohn,jill bohn,UT,,active,"",,,,,,snap_9b77f407c9783028,snap_ec6e3849f95aae3a,https://www.licensedlawyer.org/cv/cgi-bin/memberdll.dll/CustomList?WHP=lawyers_header.htm&WBP=lawyers_list.htm&SQLNAME=GETDIRSEARCH&SRCHOPT=I%7cPOLITICALPARTY%7cLPPActive%7c%3d%5eI%7cCHAPTERID%7cUT-BAR%7c%3d&SORTOPT=LASTNAME&GETCOUNT=0&GETSIM=0&RANGE=1%2f10&WEM=search_error.htm,2026-07-27T15:59:26.174947+0000,0.1.0
prov_ut_lpp_e9d848dcda14,prog_ut_lpp,individual,Meredith Farrell,meredith farrell,UT,,active,"",,,,,,snap_9b77f407c9783028,snap_ec6e3849f95aae3a,https://www.licensedlawyer.org/cv/cgi-bin/memberdll.dll/CustomList?WHP=lawyers_header.htm&WBP=lawyers_list.htm&SQLNAME=GETDIRSEARCH&SRCHOPT=I%7cPOLITICALPARTY%7cLPPActive%7c%3d%5eI%7cCHAPTERID%7cUT-BAR%7c%3d&SORTOPT=LASTNAME&GETCOUNT=0&GETSIM=0&RANGE=1%2f10&WEM=search_error.htm,2026-07-27T15:59:26.174947+0000,0.1.0
prov_ut_lpp_f24579f66574,prog_ut_lpp,individual,Nicole Gracie,nicole gracie,UT,,active,"",,,,,,snap_9b77f407c9783028,snap_ec6e3849f95aae3a,https://www.licensedlawyer.org/cv/cgi-bin/memberdll.dll/CustomList?WHP=lawyers_header.htm&WBP=lawyers_list.htm&SQLNAME=GETDIRSEARCH&SRCHOPT=I%7cPOLITICALPARTY%7cLPPActive%7c%3d%5eI%7cCHAPTERID%7cUT-BAR%7c%3d&SORTOPT=LASTNAME&GETCOUNT=0&GETSIM=0&RANGE=1%2f10&WEM=search_error.htm,2026-07-27T15:59:26.174947+0000,0.1.0
prov_ut_lpp_f27d0b378e96,prog_ut_lpp,individual,Elise Morris,elise morris,UT,,active,"",,,,,,snap_9b77f407c9783028,snap_ec6e3849f95aae3a,https://www.licensedlawyer.org/cv/cgi-bin/memberdll.dll/CustomList?WHP=lawyers_header.htm&WBP=lawyers_list.htm&SQLNAME=GETDIRSEARCH&SRCHOPT=I%7cPOLITICALPARTY%7cLPPActive%7c%3d%5eI%7cCHAPTERID%7cUT-BAR%7c%3d&SORTOPT=LASTNAME&GETCOUNT=0&GETSIM=0&RANGE=1%2f10&WEM=search_error.htm,2026-07-27T15:59:26.174947+0000,0.1.0
prov_ut_lpp_f4197124091c,prog_ut_lpp,individual,Kurt Quackenbush,kurt quackenbush,UT,,active,"",,,,,,snap_9b77f407c9783028,snap_ec6e3849f95aae3a,https://www.licensedlawyer.org/cv/cgi-bin/memberdll.dll/CustomList?WHP=lawyers_header.htm&WBP=lawyers_list.htm&SQLNAME=GETDIRSEARCH&SRCHOPT=I%7cPOLITICALPARTY%7cLPPActive%7c%3d%5eI%7cCHAPTERID%7cUT-BAR%7c%3d&SORTOPT=LASTNAME&GETCOUNT=0&GETSIM=0&RANGE=1%2f10&WEM=search_error.htm,2026-07-27T15:59:26.174947+0000,0.1.0
prov_ut_lpp_f4a0e441db53,prog_ut_lpp,individual,Jessika Allsop,jessika allsop,UT,,active,"",,,,,,snap_9b77f407c9783028,snap_ec6e3849f95aae3a,https://www.licensedlawyer.org/cv/cgi-bin/memberdll.dll/CustomList?WHP=lawyers_header.htm&WBP=lawyers_list.htm&SQLNAME=GETDIRSEARCH&SRCHOPT=I%7cPOLITICALPARTY%7cLPPActive%7c%3d%5eI%7cCHAPTERID%7cUT-BAR%7c%3d&SORTOPT=LASTNAME&GETCOUNT=0&GETSIM=0&RANGE=1%2f10&WEM=search_error.htm,2026-07-27T15:59:26.174947+0000,0.1.0
prov_ut_sandbox_031b438230f8,prog_ut_sandbox,entity,Hayman-Woodward Human Capital,hayman woodward human capital,UT,,exited,"",,,,,,snap_9722e7151b04a806,snap_39ba904944acc63d,https://utahinnovationoffice.org/authorized-entities/,2026-07-27T15:59:10.352250+0000,0.1.0
prov_ut_sandbox_059f86ddba11,prog_ut_sandbox,entity,Utah Legal Advocates,utah legal advocates,UT,,exited,"",,,,,,snap_9722e7151b04a806,snap_39ba904944acc63d,https://utahinnovationoffice.org/authorized-entities/,2026-07-27T15:59:10.352250+0000,0.1.0
prov_ut_sandbox_08a28c692991,prog_ut_sandbox,entity,i4J,i4j,UT,,active,"",,,,,,snap_f0624d67fe0ad9d1,snap_39ba904944acc63d,https://utahinnovationoffice.org/authorized-entities/,2026-07-27T15:59:10.352250+0000,0.1.0
prov_ut_sandbox_0963c5f5abc3,prog_ut_sandbox,entity,Waylit,waylit,UT,,exited,"",,,,,,snap_9722e7151b04a806,snap_39ba904944acc63d,https://utahinnovationoffice.org/authorized-entities/,2026-07-27T15:59:10.352250+0000,0.1.0
prov_ut_sandbox_09c45599fb6e,prog_ut_sandbox,entity,Savvi Technologies,savvi technologies,UT,,exited,"",,,,,,snap_9722e7151b04a806,snap_39ba904944acc63d,https://utahinnovationoffice.org/authorized-entities/,2026-07-27T15:59:10.352250+0000,0.1.0
prov_ut_sandbox_09ee03a98223,prog_ut_sandbox,entity,Centro Hispano,centro hispano,UT,,exited,"",,,,,,snap_9722e7151b04a806,snap_39ba904944acc63d,https://utahinnovationoffice.org/authorized-entities/,2026-07-27T15:59:10.352250+0000,0.1.0
prov_ut_sandbox_0ad2c5930189,prog_ut_sandbox,entity,Melendez Legal,melendez legal,UT,,exited,"",,,,,,snap_9722e7151b04a806,snap_39ba904944acc63d,https://utahinnovationoffice.org/authorized-entities/,2026-07-27T15:59:10.352250+0000,0.1.0
prov_ut_sandbox_0e06f77e17dd,prog_ut_sandbox,entity,Utah State University Transforming Communities Institute,utah state university transforming communities institute,UT,,active,"[""Debt Collection""]",,"{""service_models"": [""Nonlawyer provider with lawyer involvement""]}",false,false,https://artsci.usu.edu/social-work/transforming-communities-institute/about,snap_9722e7151b04a806,snap_39ba904944acc63d,https://utahinnovationoffice.org/authorized-entities/,2026-07-27T15:59:10.352250+0000,0.1.0
prov_ut_sandbox_0faa13ee7443,prog_ut_sandbox,entity,Trajan Estate,trajan estate,UT,,exited,"",,,,,,snap_9722e7151b04a806,snap_39ba904944acc63d,https://utahinnovationoffice.org/authorized-entities/,2026-07-27T15:59:10.352250+0000,0.1.0
prov_ut_sandbox_131b7891d0f3,prog_ut_sandbox,entity,Boundless Immigration,boundless immigration,UT,,exited,"",,,,,,snap_9722e7151b04a806,snap_39ba904944acc63d,https://utahinnovationoffice.org/authorized-entities/,2026-07-27T15:59:10.352250+0000,0.1.0
prov_ut_sandbox_175c4c968b45,prog_ut_sandbox,entity,Firmly,firmly,UT,,exited,"",,,,,,snap_9722e7151b04a806,snap_39ba904944acc63d,https://utahinnovationoffice.org/authorized-entities/,2026-07-27T15:59:10.352250+0000,0.1.0
prov_ut_sandbox_1f989306f2ab,prog_ut_sandbox,entity,Jordanelle Blocks,jordanelle blocks,UT,,exited,"",,,,,,snap_9722e7151b04a806,snap_39ba904944acc63d,https://utahinnovationoffice.org/authorized-entities/,2026-07-27T15:59:10.352250+0000,0.1.0
prov_ut_sandbox_289aa5fb603f,prog_ut_sandbox,entity,FOCL Law,focl law,UT,,exited,"",,,,,,snap_9722e7151b04a806,snap_39ba904944acc63d,https://utahinnovationoffice.org/authorized-entities/,2026-07-27T15:59:10.352250+0000,0.1.0
prov_ut_sandbox_2d68a785e481,prog_ut_sandbox,entity,Rocket Lawyer/Rocket Legal Professional Services,rocket lawyer rocket legal professional services,UT,,exited,"",,,,,,snap_9722e7151b04a806,snap_39ba904944acc63d,https://utahinnovationoffice.org/authorized-entities/,2026-07-27T15:59:10.352250+0000,0.1.0
prov_ut_sandbox_2d70ebab075e,prog_ut_sandbox,entity,Bike Legal Utah,bike legal utah,UT,,exited,"",,,,,,snap_9722e7151b04a806,snap_39ba904944acc63d,https://utahinnovationoffice.org/authorized-entities/,2026-07-27T15:59:10.352250+0000,0.1.0
prov_ut_sandbox_305d9be0bea3,prog_ut_sandbox,entity,Off the Record,off the record,UT,,exited,"",,,,,,snap_9722e7151b04a806,snap_39ba904944acc63d,https://utahinnovationoffice.org/authorized-entities/,2026-07-27T15:59:10.352250+0000,0.1.0
prov_ut_sandbox_3616b3717f4e,prog_ut_sandbox,entity,Rocky Mountain Justice,rocky mountain justice,UT,,exited,"",,,,,,snap_9722e7151b04a806,snap_39ba904944acc63d,https://utahinnovationoffice.org/authorized-entities/,2026-07-27T15:59:10.352250+0000,0.1.0
prov_ut_sandbox_39d714e13c64,prog_ut_sandbox,entity,Davis & Sanchez,davis and sanchez,UT,,exited,"",,,,,,snap_9722e7151b04a806,snap_39ba904944acc63d,https://utahinnovationoffice.org/authorized-entities/,2026-07-27T15:59:10.352250+0000,0.1.0
prov_ut_sandbox_3ec77d1fb348,prog_ut_sandbox,entity,Premium Visa,premium visa,UT,,exited,"",,,,,,snap_9722e7151b04a806,snap_39ba904944acc63d,https://utahinnovationoffice.org/authorized-entities/,2026-07-27T15:59:10.352250+0000,0.1.0
prov_ut_sandbox_3fcc61d65754,prog_ut_sandbox,entity,D4U Immigration,d4u immigration,UT,,exited,"",,,,,,snap_9722e7151b04a806,snap_39ba904944acc63d,https://utahinnovationoffice.org/authorized-entities/,2026-07-27T15:59:10.352250+0000,0.1.0
prov_ut_sandbox_457d7009adc9,prog_ut_sandbox,entity,Rasa Public Benefit Corp.,rasa public benefit corp,UT,,active,"[""Expungement"", ""402 reduction"", ""Employment""]",,"{""service_models"": [""Lawyers sharing profits with nonlawyers"", ""Alternative Legal Provider with lawyer involvement"", ""Software provider with lawyer involvement""]}",true,false,https://rasa-legal.com/,snap_9722e7151b04a806,snap_39ba904944acc63d,https://utahinnovationoffice.org/authorized-entities/,2026-07-27T15:59:10.352250+0000,0.1.0
prov_ut_sandbox_46c8a5870e4e,prog_ut_sandbox,entity,Trajector Legal,trajector legal,UT,,exited,"",,,,,,snap_9722e7151b04a806,snap_39ba904944acc63d,https://utahinnovationoffice.org/authorized-entities/,2026-07-27T15:59:10.352250+0000,0.1.0
prov_ut_sandbox_49c3aaf1560b,prog_ut_sandbox,entity,Divorcio Amigable,divorcio amigable,UT,,exited,"",,,,,,snap_9722e7151b04a806,snap_39ba904944acc63d,https://utahinnovationoffice.org/authorized-entities/,2026-07-27T15:59:10.352250+0000,0.1.0
prov_ut_sandbox_4cff07a79d9a,prog_ut_sandbox,entity,Timpanogos Legal Center,timpanogos legal center,UT,,exited,"",,,,,,snap_f0624d67fe0ad9d1,snap_39ba904944acc63d,https://utahinnovationoffice.org/authorized-entities/,2026-07-27T15:59:10.352250+0000,0.1.0
prov_ut_sandbox_4dd039ee8c87,prog_ut_sandbox,entity,AGS Law,ags law,UT,,exited,"",,,,,,snap_9722e7151b04a806,snap_39ba904944acc63d,https://utahinnovationoffice.org/authorized-entities/,2026-07-27T15:59:10.352250+0000,0.1.0
prov_ut_sandbox_4e5baa38cc25,prog_ut_sandbox,entity,PD Digital Design Logistics,pd digital design logistics,UT,,exited,"",,,,,,snap_9722e7151b04a806,snap_39ba904944acc63d,https://utahinnovationoffice.org/authorized-entities/,2026-07-27T15:59:10.352250+0000,0.1.0
prov_ut_sandbox_54b260becf71,prog_ut_sandbox,entity,Visa Finder Immigration,visa finder immigration,UT,,exited,"",,,,,,snap_9722e7151b04a806,snap_39ba904944acc63d,https://utahinnovationoffice.org/authorized-entities/,2026-07-27T15:59:10.352250+0000,0.1.0
prov_ut_sandbox_5612400c0ad3,prog_ut_sandbox,entity,VisaPlace,visaplace,UT,,exited,"",,,,,,snap_9722e7151b04a806,snap_39ba904944acc63d,https://utahinnovationoffice.org/authorized-entities/,2026-07-27T15:59:10.352250+0000,0.1.0
prov_ut_sandbox_56289196f402,prog_ut_sandbox,entity,Immigration Office Solutions,immigration office solutions,UT,,exited,"",,,,,,snap_9722e7151b04a806,snap_39ba904944acc63d,https://utahinnovationoffice.org/authorized-entities/,2026-07-27T15:59:10.352250+0000,0.1.0
prov_ut_sandbox_5646be88fcf4,prog_ut_sandbox,entity,Angel Advocates PLLC,angel advocates,UT,,exited,"",,,,,,snap_9722e7151b04a806,snap_39ba904944acc63d,https://utahinnovationoffice.org/authorized-entities/,2026-07-27T15:59:10.352250+0000,0.1.0
prov_ut_sandbox_576219e56aa2,prog_ut_sandbox,entity,Truinta,truinta,UT,,exited,"",,,,,,snap_9722e7151b04a806,snap_39ba904944acc63d,https://utahinnovationoffice.org/authorized-entities/,2026-07-27T15:59:10.352250+0000,0.1.0
prov_ut_sandbox_58d577ca1116,prog_ut_sandbox,entity,Mercedes-Argo,mercedes argo,UT,,exited,"",,,,,,snap_9722e7151b04a806,snap_39ba904944acc63d,https://utahinnovationoffice.org/authorized-entities/,2026-07-27T15:59:10.352250+0000,0.1.0
prov_ut_sandbox_635a7ad275d1,prog_ut_sandbox,entity,Mina Legal Services,mina legal services,UT,,exited,"",,,,,,snap_9722e7151b04a806,snap_39ba904944acc63d,https://utahinnovationoffice.org/authorized-entities/,2026-07-27T15:59:10.352250+0000,0.1.0
prov_ut_sandbox_71792b96da8d,prog_ut_sandbox,entity,Standout Legal,standout legal,UT,,exited,"",,,,,,snap_9722e7151b04a806,snap_39ba904944acc63d,https://utahinnovationoffice.org/authorized-entities/,2026-07-27T15:59:10.352250+0000,0.1.0
prov_ut_sandbox_74cad7763914,prog_ut_sandbox,entity,Timpanogos Legal Center CAPP,timpanogos legal center capp,UT,,exited,"[""Domestic Violence"", ""Marriage and Family""]",,"{""service_models"": [""Nonlawyer provider with lawyer involvement""]}",false,false,,snap_9722e7151b04a806,snap_9722e7151b04a806,https://utahinnovationoffice.org/authorized-entities/,2025-06-12T21:17:13.000000+0000,wayback-0.1.0
prov_ut_sandbox_751bef349052,prog_ut_sandbox,entity,MyImmigration,myimmigration,UT,,exited,"",,,,,,snap_9722e7151b04a806,snap_39ba904944acc63d,https://utahinnovationoffice.org/authorized-entities/,2026-07-27T15:59:10.352250+0000,0.1.0
prov_ut_sandbox_76150b551d32,prog_ut_sandbox,entity,Blue Ridge Law Group,blue ridge law group,UT,,exited,"",,,,,,snap_9722e7151b04a806,snap_39ba904944acc63d,https://utahinnovationoffice.org/authorized-entities/,2026-07-27T15:59:10.352250+0000,0.1.0
prov_ut_sandbox_7acd2b6d1414,prog_ut_sandbox,entity,Xira Connect Inc,xira connect,UT,,exited,"",,,,,,snap_9722e7151b04a806,snap_39ba904944acc63d,https://utahinnovationoffice.org/authorized-entities/,2026-07-27T15:59:10.352250+0000,0.1.0
prov_ut_sandbox_7ce6f4817855,prog_ut_sandbox,entity,Lindenberg Law Group,lindenberg law group,UT,,exited,"",,,,,,snap_9722e7151b04a806,snap_39ba904944acc63d,https://utahinnovationoffice.org/authorized-entities/,2026-07-27T15:59:10.352250+0000,0.1.0
prov_ut_sandbox_8047eb96b5c2,prog_ut_sandbox,entity,Superlegal (LawGeex / Legalogic),superlegal lawgeex legalogic,UT,,active,"[""Business"", ""Healthcare""]",,"{""service_models"": [""50% or more nonlawyer ownership"", ""Lawyer employed or managed by a nonlawyer"", ""Software provider with lawyer involvement""]}",true,true,https://www.lawgeex.com/,snap_9722e7151b04a806,snap_39ba904944acc63d,https://utahinnovationoffice.org/authorized-entities/,2026-07-27T15:59:10.352250+0000,0.1.0
prov_ut_sandbox_8090863415fa,prog_ut_sandbox,entity,1Law,1law,UT,,active,"[""Accident / Injury"", ""Adult Care"", ""Business"", ""Consumer Financial Issues"", ""Criminal (Expungement)"", ""Criminal (Other)"", ""Discrimination"", ""Domestic Violence"", ""Education"", ""Employment"", ""End of Life Planning"", ""Healthcare"", ""Housing (Rental)"", ""Immigration"", ""Marriage and Family"", ""Public Benefits"", ""Real Estate"", ""Traffic – Civil Actions / Citations / Misdemeanors""]",,"{""service_models"": [""50% or more nonlawyer ownership"", ""Lawyer employed or managed by a nonlawyer"", ""Software provider with lawyer involvement""]}",true,true,https://www.1law.com/,snap_9722e7151b04a806,snap_39ba904944acc63d,https://utahinnovationoffice.org/authorized-entities/,2026-07-27T15:59:10.352250+0000,0.1.0
prov_ut_sandbox_81773708acc3,prog_ut_sandbox,entity,AAA Fair Credit,aaa fair credit,UT,,exited,"",,,,,,snap_9722e7151b04a806,snap_39ba904944acc63d,https://utahinnovationoffice.org/authorized-entities/,2026-07-27T15:59:10.352250+0000,0.1.0
prov_ut_sandbox_854baf81456d,prog_ut_sandbox,entity,WaltonParke,waltonparke,UT,,exited,"",,,,,,snap_9722e7151b04a806,snap_39ba904944acc63d,https://utahinnovationoffice.org/authorized-entities/,2026-07-27T15:59:10.352250+0000,0.1.0
prov_ut_sandbox_8dd7a95a6e2a,prog_ut_sandbox,entity,Pearson Butler,pearson butler,UT,,active,"[""Accident / Injury"", ""Adult Care"", ""Business"", ""Consumer Financial Issues"", ""Criminal (Expungement)"", ""Criminal (Other)"", ""Discrimination"", ""Domestic Violence"", ""Employment"", ""End of Life Planning"", ""Healthcare"", ""Immigration"", ""Marriage and Family"", ""Native American / Tribal Issues"", ""Public Benefits"", ""Real Estate""]",,"{""service_models"": [""50% or more nonlawyer ownership"", ""Lawyer employed or managed by a nonlawyer"", ""Lawyers sharing fees with nonlawyers"", ""Nonlawyer provider with lawyer involvement""]}",false,false,https://www.pearsonbutler.com/,snap_9722e7151b04a806,snap_39ba904944acc63d,https://utahinnovationoffice.org/authorized-entities/,2026-07-27T15:59:10.352250+0000,0.1.0
prov_ut_sandbox_8f19ba4d971d,prog_ut_sandbox,entity,LawPal,lawpal,UT,,exited,"",,,,,,snap_9722e7151b04a806,snap_39ba904944acc63d,https://utahinnovationoffice.org/authorized-entities/,2026-07-27T15:59:10.352250+0000,0.1.0
prov_ut_sandbox_9712d1735ff9,prog_ut_sandbox,entity,Michelle Turpin PC,michelle turpin,UT,,exited,"[""Tax Law""]",,,,,,snap_9722e7151b04a806,snap_39ba904944acc63d,https://utahinnovationoffice.org/authorized-entities/,2026-07-27T15:59:10.352250+0000,0.1.0
prov_ut_sandbox_9e95e773430d,prog_ut_sandbox,entity,Motion Law,motion law,UT,,exited,"",,,,,,snap_9722e7151b04a806,snap_39ba904944acc63d,https://utahinnovationoffice.org/authorized-entities/,2026-07-27T15:59:10.352250+0000,0.1.0
prov_ut_sandbox_a4ab70e673ce,prog_ut_sandbox,entity,"Nuttall, Brown & Coutts (dba ZAF Legal)",nuttall brown and coutts dba zaf legal,UT,,exited,"",,,,,,snap_9722e7151b04a806,snap_39ba904944acc63d,https://utahinnovationoffice.org/authorized-entities/,2026-07-27T15:59:10.352250+0000,0.1.0
prov_ut_sandbox_a4ff74643149,prog_ut_sandbox,entity,DSD Solutions,dsd solutions,UT,,exited,"",,,,,,snap_9722e7151b04a806,snap_39ba904944acc63d,https://utahinnovationoffice.org/authorized-entities/,2026-07-27T15:59:10.352250+0000,0.1.0
prov_ut_sandbox_a7217b38e442,prog_ut_sandbox,entity,Esquire Law,esquire law,UT,,exited,"",,,,,,snap_9722e7151b04a806,snap_39ba904944acc63d,https://utahinnovationoffice.org/authorized-entities/,2026-07-27T15:59:10.352250+0000,0.1.0
prov_ut_sandbox_a8e1fd8c9532,prog_ut_sandbox,entity,Estate Guru,estate guru,UT,,exited,"[""Business"", ""Consumer Financial Issues"", ""End of Life Planning"", ""Healthcare"", ""Real Estate""]",,,,,,snap_9722e7151b04a806,snap_39ba904944acc63d,https://utahinnovationoffice.org/authorized-entities/,2026-07-27T15:59:10.352250+0000,0.1.0
prov_ut_sandbox_a95f14976934,prog_ut_sandbox,entity,Fair Credit,fair credit,UT,,exited,"",,,,,,snap_9722e7151b04a806,snap_39ba904944acc63d,https://utahinnovationoffice.org/authorized-entities/,2026-07-27T15:59:10.352250+0000,0.1.0
prov_ut_sandbox_a9c8267e3dff,prog_ut_sandbox,entity,Holy Cross Ministries,holy cross ministries,UT,,exited,"[""Consumer Financial Issues"", ""Healthcare"", ""Immigration"", ""Public Benefits""]",,,,,,snap_9722e7151b04a806,snap_39ba904944acc63d,https://utahinnovationoffice.org/authorized-entities/,2026-07-27T15:59:10.352250+0000,0.1.0
prov_ut_sandbox_b1ec246489aa,prog_ut_sandbox,entity,R&R Legal Services,r and r legal services,UT,,exited,"",,,,,,snap_9722e7151b04a806,snap_39ba904944acc63d,https://utahinnovationoffice.org/authorized-entities/,2026-07-27T15:59:10.352250+0000,0.1.0
prov_ut_sandbox_b28c2fa7cf32,prog_ut_sandbox,entity,Legal Assistance J.,legal assistance j,UT,,exited,"",,,,,,snap_9722e7151b04a806,snap_39ba904944acc63d,https://utahinnovationoffice.org/authorized-entities/,2026-07-27T15:59:10.352250+0000,0.1.0
prov_ut_sandbox_b8077496143d,prog_ut_sandbox,entity,Hello Divorce,hello divorce,UT,,exited,"",,,,,,snap_9722e7151b04a806,snap_39ba904944acc63d,https://utahinnovationoffice.org/authorized-entities/,2026-07-27T15:59:10.352250+0000,0.1.0
prov_ut_sandbox_c604d239fda3,prog_ut_sandbox,entity,Darrow AI,darrow ai,UT,,exited,"",,,,,,snap_9722e7151b04a806,snap_39ba904944acc63d,https://utahinnovationoffice.org/authorized-entities/,2026-07-27T15:59:10.352250+0000,0.1.0
prov_ut_sandbox_c7d41b3d3f8d,prog_ut_sandbox,entity,Robert DeBry,robert debry,UT,,exited,"",,,,,,snap_9722e7151b04a806,snap_39ba904944acc63d,https://utahinnovationoffice.org/authorized-entities/,2026-07-27T15:59:10.352250+0000,0.1.0
prov_ut_sandbox_cc2daa1d7bfa,prog_ut_sandbox,entity,Elysium Legal,elysium legal,UT,,active,"[""Accident / Injury"", ""Adult Care"", ""Business"", ""Consumer Financial Issues"", ""Criminal (Expungement)"", ""Criminal (Other)"", ""Discrimination"", ""Domestic Violence"", ""Employment"", ""End of Life Planning"", ""Healthcare"", ""Immigration"", ""Marriage and Family"", ""Native American / Tribal Issues"", ""Public Benefits"", ""Real Estate""]",,"{""service_models"": [""50% or more nonlawyer ownership"", ""Lawyer employed or managed by a nonlawyer"", ""Lawyers sharing fees with nonlawyers"", ""Nonlawyer provider with lawyer involvement""]}",false,false,https://ut.myelysium.com/,snap_9722e7151b04a806,snap_39ba904944acc63d,https://utahinnovationoffice.org/authorized-entities/,2026-07-27T15:59:10.352250+0000,0.1.0
prov_ut_sandbox_d8d718f97ce1,prog_ut_sandbox,entity,Tanner LLC,tanner,UT,,exited,"",,,,,,snap_9722e7151b04a806,snap_39ba904944acc63d,https://utahinnovationoffice.org/authorized-entities/,2026-07-27T15:59:10.352250+0000,0.1.0
prov_ut_sandbox_dd975ce584bc,prog_ut_sandbox,entity,Mountain West Legal Protective,mountain west legal protective,UT,,exited,"",,,,,,snap_9722e7151b04a806,snap_39ba904944acc63d,https://utahinnovationoffice.org/authorized-entities/,2026-07-27T15:59:10.352250+0000,0.1.0
prov_ut_sandbox_e0e3ee94205d,prog_ut_sandbox,entity,Herbert & Greenwald,herbert and greenwald,UT,,exited,"",,,,,,snap_9722e7151b04a806,snap_39ba904944acc63d,https://utahinnovationoffice.org/authorized-entities/,2026-07-27T15:59:10.352250+0000,0.1.0
prov_ut_sandbox_e2359baffb0f,prog_ut_sandbox,entity,GovAssist Legal,govassist legal,UT,,exited,"",,,,,,snap_9722e7151b04a806,snap_39ba904944acc63d,https://utahinnovationoffice.org/authorized-entities/,2026-07-27T15:59:10.352250+0000,0.1.0
prov_ut_sandbox_e62b076f4049,prog_ut_sandbox,entity,Believe First LLC,believe first,UT,,exited,"",,,,,,snap_9722e7151b04a806,snap_39ba904944acc63d,https://utahinnovationoffice.org/authorized-entities/,2026-07-27T15:59:10.352250+0000,0.1.0
prov_ut_sandbox_e955a0470c18,prog_ut_sandbox,entity,Blue Bee Bankruptcy,blue bee bankruptcy,UT,,exited,"",,,,,,snap_9722e7151b04a806,snap_39ba904944acc63d,https://utahinnovationoffice.org/authorized-entities/,2026-07-27T15:59:10.352250+0000,0.1.0
prov_ut_sandbox_ef67213813b8,prog_ut_sandbox,entity,Olson & Partners,olson and partners,UT,,exited,"",,,,,,snap_9722e7151b04a806,snap_39ba904944acc63d,https://utahinnovationoffice.org/authorized-entities/,2026-07-27T15:59:10.352250+0000,0.1.0
prov_ut_sandbox_f05f191cc622,prog_ut_sandbox,entity,LawHQ,lawhq,UT,,exited,"",,,,,,snap_9722e7151b04a806,snap_39ba904944acc63d,https://utahinnovationoffice.org/authorized-entities/,2026-07-27T15:59:10.352250+0000,0.1.0
prov_ut_sandbox_f353e67bbad4,prog_ut_sandbox,entity,Law on Call,law on call,UT,,exited,"",,,,,,snap_9722e7151b04a806,snap_39ba904944acc63d,https://utahinnovationoffice.org/authorized-entities/,2026-07-27T15:59:10.352250+0000,0.1.0
prov_ut_sandbox_f76026d48314,prog_ut_sandbox,entity,LegalAtoms,legalatoms,UT,,exited,"",,,,,,snap_9722e7151b04a806,snap_39ba904944acc63d,https://utahinnovationoffice.org/authorized-entities/,2026-07-27T15:59:10.352250+0000,0.1.0
prov_ut_sandbox_fd7de8f7eb88,prog_ut_sandbox,entity,Community Justice Advocates of Utah,community justice advocates of utah,UT,,active,"[""Medical Debt"", ""Housing"", ""Domestic Violence""]",,"{""service_models"": [""Nonlawyer provider with lawyer involvement""]}",false,false,https://www.cjau.org/,snap_9722e7151b04a806,snap_39ba904944acc63d,https://utahinnovationoffice.org/authorized-entities/,2026-07-27T15:59:10.352250+0000,0.1.0
prov_wa_lllt_101,prog_wa_lllt,individual,Michelle M Cummings,michelle m cummings,WA,,active,"[""Family Law""]",,,,,,snap_c700fb20a472580a,snap_2382c053ccc19cde,https://www.mywsba.org/PersonifyEbusiness/LegalDirectory.aspx?ShowSearchResults=TRUE&LicenseType=LLLT,2026-07-20T13:49:55.513127+0000,0.1.0
prov_wa_lllt_102,prog_wa_lllt,individual,Priscilla A. Selden,priscilla a selden,WA,,active,"[""Family Law""]",,,,,,snap_c700fb20a472580a,snap_2382c053ccc19cde,https://www.mywsba.org/PersonifyEbusiness/LegalDirectory.aspx?ShowSearchResults=TRUE&LicenseType=LLLT,2026-07-20T13:49:55.513127+0000,0.1.0
prov_wa_lllt_103,prog_wa_lllt,individual,Angela K Wright,angela k wright,WA,,exited,"[""Family Law""]",,,,,,snap_c700fb20a472580a,snap_2382c053ccc19cde,https://www.mywsba.org/PersonifyEbusiness/LegalDirectory.aspx?ShowSearchResults=TRUE&LicenseType=LLLT,2026-07-20T13:49:55.513127+0000,0.1.0
prov_wa_lllt_104,prog_wa_lllt,individual,Jennifer Leigh Bull,jennifer leigh bull,WA,,active,"[""Family Law""]",,,,,,snap_c700fb20a472580a,snap_2382c053ccc19cde,https://www.mywsba.org/PersonifyEbusiness/LegalDirectory.aspx?ShowSearchResults=TRUE&LicenseType=LLLT,2026-07-20T13:49:55.513127+0000,0.1.0
prov_wa_lllt_105,prog_wa_lllt,individual,Barbara G Esselstrom,barbara g esselstrom,WA,,active,"[""Family Law""]",,,,,,snap_c700fb20a472580a,snap_2382c053ccc19cde,https://www.mywsba.org/PersonifyEbusiness/LegalDirectory.aspx?ShowSearchResults=TRUE&LicenseType=LLLT,2026-07-20T13:49:55.513127+0000,0.1.0
prov_wa_lllt_106,prog_wa_lllt,individual,Cindy K Stewart,cindy k stewart,WA,,unknown,"[""Family Law""]",,,,,,snap_c700fb20a472580a,snap_2382c053ccc19cde,https://www.mywsba.org/PersonifyEbusiness/LegalDirectory.aspx?ShowSearchResults=TRUE&LicenseType=LLLT,2026-07-20T13:49:55.513127+0000,0.1.0
prov_wa_lllt_107,prog_wa_lllt,individual,Candace Jean Sanders,candace jean sanders,WA,,active,"[""Family Law""]",,,,,,snap_c700fb20a472580a,snap_2382c053ccc19cde,https://www.mywsba.org/PersonifyEbusiness/LegalDirectory.aspx?ShowSearchResults=TRUE&LicenseType=LLLT,2026-07-20T13:49:55.513127+0000,0.1.0
prov_wa_lllt_108,prog_wa_lllt,individual,Jeffrey Allen Kinstler,jeffrey allen kinstler,WA,,exited,"[""Family Law""]",,,,,,snap_c700fb20a472580a,snap_2382c053ccc19cde,https://www.mywsba.org/PersonifyEbusiness/LegalDirectory.aspx?ShowSearchResults=TRUE&LicenseType=LLLT,2026-07-20T13:49:55.513127+0000,0.1.0
prov_wa_lllt_109,prog_wa_lllt,individual,Kimberly Anne Lancaster,kimberly anne lancaster,WA,,exited,"[""Family Law""]",,,,,,snap_c700fb20a472580a,snap_2382c053ccc19cde,https://www.mywsba.org/PersonifyEbusiness/LegalDirectory.aspx?ShowSearchResults=TRUE&LicenseType=LLLT,2026-07-20T13:49:55.513127+0000,0.1.0
prov_wa_lllt_110,prog_wa_lllt,individual,Fabian Fereshtehfar,fabian fereshtehfar,WA,,active,"[""Family Law""]",,,,,,snap_c700fb20a472580a,snap_2382c053ccc19cde,https://www.mywsba.org/PersonifyEbusiness/LegalDirectory.aspx?ShowSearchResults=TRUE&LicenseType=LLLT,2026-07-20T13:49:55.513127+0000,0.1.0
prov_wa_lllt_111,prog_wa_lllt,individual,Stephanie Kay Luoma,stephanie kay luoma,WA,,exited,"[""Family Law""]",,,,,,snap_c700fb20a472580a,snap_2382c053ccc19cde,https://www.mywsba.org/PersonifyEbusiness/LegalDirectory.aspx?ShowSearchResults=TRUE&LicenseType=LLLT,2026-07-20T13:49:55.513127+0000,0.1.0
prov_wa_lllt_112,prog_wa_lllt,individual,Deborah Ann Aubrey,deborah ann aubrey,WA,,unknown,"[""Family Law""]",,,,,,snap_c700fb20a472580a,snap_2382c053ccc19cde,https://www.mywsba.org/PersonifyEbusiness/LegalDirectory.aspx?ShowSearchResults=TRUE&LicenseType=LLLT,2026-07-20T13:49:55.513127+0000,0.1.0
prov_wa_lllt_113,prog_wa_lllt,individual,Christine M Carpenter,christine m carpenter,WA,,active,"[""Family Law""]",,,,,,snap_c700fb20a472580a,snap_2382c053ccc19cde,https://www.mywsba.org/PersonifyEbusiness/LegalDirectory.aspx?ShowSearchResults=TRUE&LicenseType=LLLT,2026-07-20T13:49:55.513127+0000,0.1.0
prov_wa_lllt_114,prog_wa_lllt,individual,Jeanne Marie Barrans,jeanne marie barrans,WA,,active,"[""Family Law""]",,,,,,snap_c700fb20a472580a,snap_2382c053ccc19cde,https://www.mywsba.org/PersonifyEbusiness/LegalDirectory.aspx?ShowSearchResults=TRUE&LicenseType=LLLT,2026-07-20T13:49:55.513127+0000,0.1.0
prov_wa_lllt_115,prog_wa_lllt,individual,Melodie Jeanette Nicholson,melodie jeanette nicholson,WA,,active,"[""Family Law""]",,,,,,snap_c700fb20a472580a,snap_2382c053ccc19cde,https://www.mywsba.org/PersonifyEbusiness/LegalDirectory.aspx?ShowSearchResults=TRUE&LicenseType=LLLT,2026-07-20T13:49:55.513127+0000,0.1.0
prov_wa_lllt_116,prog_wa_lllt,individual,Kellie W Dightman,kellie w dightman,WA,,unknown,"[""Family Law""]",,,,,,snap_c700fb20a472580a,snap_2382c053ccc19cde,https://www.mywsba.org/PersonifyEbusiness/LegalDirectory.aspx?ShowSearchResults=TRUE&LicenseType=LLLT,2026-07-20T13:49:55.513127+0000,0.1.0
prov_wa_lllt_117,prog_wa_lllt,individual,Tracy Swanlund,tracy swanlund,WA,,exited,"[""Family Law""]",,,,,,snap_c700fb20a472580a,snap_2382c053ccc19cde,https://www.mywsba.org/PersonifyEbusiness/LegalDirectory.aspx?ShowSearchResults=TRUE&LicenseType=LLLT,2026-07-20T13:49:55.513127+0000,0.1.0
prov_wa_lllt_118,prog_wa_lllt,individual,Jennifer Ortega,jennifer ortega,WA,,active,"[""Family Law""]",,,,,,snap_c700fb20a472580a,snap_2382c053ccc19cde,https://www.mywsba.org/PersonifyEbusiness/LegalDirectory.aspx?ShowSearchResults=TRUE&LicenseType=LLLT,2026-07-20T13:49:55.513127+0000,0.1.0
prov_wa_lllt_119,prog_wa_lllt,individual,Vanessa Elizabeth Ridgway,vanessa elizabeth ridgway,WA,,active,"[""Family Law""]",,,,,,snap_c700fb20a472580a,snap_2382c053ccc19cde,https://www.mywsba.org/PersonifyEbusiness/LegalDirectory.aspx?ShowSearchResults=TRUE&LicenseType=LLLT,2026-07-20T13:49:55.513127+0000,0.1.0
prov_wa_lllt_120,prog_wa_lllt,individual,Tamara Michele Garrison,tamara michele garrison,WA,,exited,"[""Family Law""]",,,,,,snap_c700fb20a472580a,snap_2382c053ccc19cde,https://www.mywsba.org/PersonifyEbusiness/LegalDirectory.aspx?ShowSearchResults=TRUE&LicenseType=LLLT,2026-07-20T13:49:55.513127+0000,0.1.0
prov_wa_lllt_121,prog_wa_lllt,individual,Almira Dawn Greene,almira dawn greene,WA,,unknown,"[""Family Law""]",,,,,,snap_c700fb20a472580a,snap_2382c053ccc19cde,https://www.mywsba.org/PersonifyEbusiness/LegalDirectory.aspx?ShowSearchResults=TRUE&LicenseType=LLLT,2026-07-20T13:49:55.513127+0000,0.1.0
prov_wa_lllt_122,prog_wa_lllt,individual,Laura Genoves,laura genoves,WA,,active,"[""Family Law""]",,,,,,snap_c700fb20a472580a,snap_2382c053ccc19cde,https://www.mywsba.org/PersonifyEbusiness/LegalDirectory.aspx?ShowSearchResults=TRUE&LicenseType=LLLT,2026-07-20T13:49:55.513127+0000,0.1.0
prov_wa_lllt_123,prog_wa_lllt,individual,Marya Christine Noyes,marya christine noyes,WA,,active,"[""Family Law""]",,,,,,snap_c700fb20a472580a,snap_2382c053ccc19cde,https://www.mywsba.org/PersonifyEbusiness/LegalDirectory.aspx?ShowSearchResults=TRUE&LicenseType=LLLT,2026-07-20T13:49:55.513127+0000,0.1.0
prov_wa_lllt_124,prog_wa_lllt,individual,Sarah Bove Lovejoy,sarah bove lovejoy,WA,,active,"[""Family Law""]",,,,,,snap_c700fb20a472580a,snap_2382c053ccc19cde,https://www.mywsba.org/PersonifyEbusiness/LegalDirectory.aspx?ShowSearchResults=TRUE&LicenseType=LLLT,2026-07-20T13:49:55.513127+0000,0.1.0
prov_wa_lllt_125,prog_wa_lllt,individual,Patricia Hildegard Reutimann,patricia hildegard reutimann,WA,,active,"[""Family Law""]",,,,,,snap_c700fb20a472580a,snap_2382c053ccc19cde,https://www.mywsba.org/PersonifyEbusiness/LegalDirectory.aspx?ShowSearchResults=TRUE&LicenseType=LLLT,2026-07-20T13:49:55.513127+0000,0.1.0
prov_wa_lllt_126,prog_wa_lllt,individual,Michelle Anne White,michelle anne white,WA,,active,"[""Family Law""]",,,,,,snap_c700fb20a472580a,snap_2382c053ccc19cde,https://www.mywsba.org/PersonifyEbusiness/LegalDirectory.aspx?ShowSearchResults=TRUE&LicenseType=LLLT,2026-07-20T13:49:55.513127+0000,0.1.0
prov_wa_lllt_127,prog_wa_lllt,individual,Samantha Sherman,samantha sherman,WA,,exited,"[""Family Law""]",,,,,,snap_c700fb20a472580a,snap_2382c053ccc19cde,https://www.mywsba.org/PersonifyEbusiness/LegalDirectory.aspx?ShowSearchResults=TRUE&LicenseType=LLLT,2026-07-20T13:49:55.513127+0000,0.1.0
prov_wa_lllt_128,prog_wa_lllt,individual,Lindsey M Matter,lindsey m matter,WA,,unknown,"[""Family Law""]",,,,,,snap_c700fb20a472580a,snap_2382c053ccc19cde,https://www.mywsba.org/PersonifyEbusiness/LegalDirectory.aspx?ShowSearchResults=TRUE&LicenseType=LLLT,2026-07-20T13:49:55.513127+0000,0.1.0
prov_wa_lllt_129,prog_wa_lllt,individual,Christine Camper,christine camper,WA,,active,"[""Family Law""]",,,,,,snap_c700fb20a472580a,snap_2382c053ccc19cde,https://www.mywsba.org/PersonifyEbusiness/LegalDirectory.aspx?ShowSearchResults=TRUE&LicenseType=LLLT,2026-07-20T13:49:55.513127+0000,0.1.0
prov_wa_lllt_130,prog_wa_lllt,individual,Sheralyn Patricia Krueger,sheralyn patricia krueger,WA,,exited,"[""Family Law""]",,,,,,snap_c700fb20a472580a,snap_2382c053ccc19cde,https://www.mywsba.org/PersonifyEbusiness/LegalDirectory.aspx?ShowSearchResults=TRUE&LicenseType=LLLT,2026-07-20T13:49:55.513127+0000,0.1.0
prov_wa_lllt_131,prog_wa_lllt,individual,Alicia Ann Degon,alicia ann degon,WA,,active,"[""Family Law""]",,,,,,snap_c700fb20a472580a,snap_2382c053ccc19cde,https://www.mywsba.org/PersonifyEbusiness/LegalDirectory.aspx?ShowSearchResults=TRUE&LicenseType=LLLT,2026-07-20T13:49:55.513127+0000,0.1.0
prov_wa_lllt_132,prog_wa_lllt,individual,Dianne Balch Loepker,dianne balch loepker,WA,,active,"[""Family Law""]",,,,,,snap_c700fb20a472580a,snap_2382c053ccc19cde,https://www.mywsba.org/PersonifyEbusiness/LegalDirectory.aspx?ShowSearchResults=TRUE&LicenseType=LLLT,2026-07-20T13:49:55.513127+0000,0.1.0
prov_wa_lllt_133,prog_wa_lllt,individual,Sherri R Farr,sherri r farr,WA,,active,"[""Family Law""]",,,,,,snap_c700fb20a472580a,snap_2382c053ccc19cde,https://www.mywsba.org/PersonifyEbusiness/LegalDirectory.aspx?ShowSearchResults=TRUE&LicenseType=LLLT,2026-07-20T13:49:55.513127+0000,0.1.0
prov_wa_lllt_134,prog_wa_lllt,individual,Renee Elizabeth Janes,renee elizabeth janes,WA,,active,"[""Family Law""]",,,,,,snap_c700fb20a472580a,snap_2382c053ccc19cde,https://www.mywsba.org/PersonifyEbusiness/LegalDirectory.aspx?ShowSearchResults=TRUE&LicenseType=LLLT,2026-07-20T13:49:55.513127+0000,0.1.0
prov_wa_lllt_135,prog_wa_lllt,individual,Zan Gypsy Ross,zan gypsy ross,WA,,exited,"[""Family Law""]",,,,,,snap_c700fb20a472580a,snap_2382c053ccc19cde,https://www.mywsba.org/PersonifyEbusiness/LegalDirectory.aspx?ShowSearchResults=TRUE&LicenseType=LLLT,2026-07-20T13:49:55.513127+0000,0.1.0
prov_wa_lllt_136,prog_wa_lllt,individual,Leisa Kay Bulick,leisa kay bulick,WA,,unknown,"[""Family Law""]",,,,,,snap_c700fb20a472580a,snap_2382c053ccc19cde,https://www.mywsba.org/PersonifyEbusiness/LegalDirectory.aspx?ShowSearchResults=TRUE&LicenseType=LLLT,2026-07-20T13:49:55.513127+0000,0.1.0
prov_wa_lllt_137,prog_wa_lllt,individual,Stacey L McKee,stacey l mckee,WA,,active,"[""Family Law""]",,,,,,snap_c700fb20a472580a,snap_2382c053ccc19cde,https://www.mywsba.org/PersonifyEbusiness/LegalDirectory.aspx?ShowSearchResults=TRUE&LicenseType=LLLT,2026-07-20T13:49:55.513127+0000,0.1.0
prov_wa_lllt_138,prog_wa_lllt,individual,Heather Vhari Dunnachie,heather vhari dunnachie,WA,,suspended,"[""Family Law""]",,,,,,snap_c700fb20a472580a,snap_2382c053ccc19cde,https://www.mywsba.org/PersonifyEbusiness/LegalDirectory.aspx?ShowSearchResults=TRUE&LicenseType=LLLT,2026-07-20T13:49:55.513127+0000,0.1.0
prov_wa_lllt_139,prog_wa_lllt,individual,Christine Marie Downing,christine marie downing,WA,,unknown,"[""Family Law""]",,,,,,snap_c700fb20a472580a,snap_2382c053ccc19cde,https://www.mywsba.org/PersonifyEbusiness/LegalDirectory.aspx?ShowSearchResults=TRUE&LicenseType=LLLT,2026-07-20T13:49:55.513127+0000,0.1.0
prov_wa_lllt_140,prog_wa_lllt,individual,Lorena G. Mendoza,lorena g mendoza,WA,,active,"[""Family Law""]",,,,,,snap_c700fb20a472580a,snap_2382c053ccc19cde,https://www.mywsba.org/PersonifyEbusiness/LegalDirectory.aspx?ShowSearchResults=TRUE&LicenseType=LLLT,2026-07-20T13:49:55.513127+0000,0.1.0
prov_wa_lllt_141,prog_wa_lllt,individual,Janis Kipp,janis kipp,WA,,active,"[""Family Law""]",,,,,,snap_c700fb20a472580a,snap_2382c053ccc19cde,https://www.mywsba.org/PersonifyEbusiness/LegalDirectory.aspx?ShowSearchResults=TRUE&LicenseType=LLLT,2026-07-20T13:49:55.513127+0000,0.1.0
prov_wa_lllt_142,prog_wa_lllt,individual,Tonyha A. Davies,tonyha a davies,WA,,unknown,"[""Family Law""]",,,,,,snap_c700fb20a472580a,snap_2382c053ccc19cde,https://www.mywsba.org/PersonifyEbusiness/LegalDirectory.aspx?ShowSearchResults=TRUE&LicenseType=LLLT,2026-07-20T13:49:55.513127+0000,0.1.0
prov_wa_lllt_143,prog_wa_lllt,individual,Rory Hardy,rory hardy,WA,,active,"[""Family Law""]",,,,,,snap_c700fb20a472580a,snap_2382c053ccc19cde,https://www.mywsba.org/PersonifyEbusiness/LegalDirectory.aspx?ShowSearchResults=TRUE&LicenseType=LLLT,2026-07-20T13:49:55.513127+0000,0.1.0
prov_wa_lllt_144,prog_wa_lllt,individual,Debra L. Stanley,debra l stanley,WA,,unknown,"[""Family Law""]",,,,,,snap_c700fb20a472580a,snap_2382c053ccc19cde,https://www.mywsba.org/PersonifyEbusiness/LegalDirectory.aspx?ShowSearchResults=TRUE&LicenseType=LLLT,2026-07-20T13:49:55.513127+0000,0.1.0
prov_wa_lllt_145,prog_wa_lllt,individual,Derek James Ralph,derek james ralph,WA,,active,"[""Family Law""]",,,,,,snap_c700fb20a472580a,snap_2382c053ccc19cde,https://www.mywsba.org/PersonifyEbusiness/LegalDirectory.aspx?ShowSearchResults=TRUE&LicenseType=LLLT,2026-07-20T13:49:55.513127+0000,0.1.0
prov_wa_lllt_146,prog_wa_lllt,individual,Camdyn T. Joiner,camdyn t joiner,WA,,active,"[""Family Law""]",,,,,,snap_c700fb20a472580a,snap_2382c053ccc19cde,https://www.mywsba.org/PersonifyEbusiness/LegalDirectory.aspx?ShowSearchResults=TRUE&LicenseType=LLLT,2026-07-20T13:49:55.513127+0000,0.1.0
prov_wa_lllt_147,prog_wa_lllt,individual,Joshua M. Dawson,joshua m dawson,WA,,active,"[""Family Law""]",,,,,,snap_c700fb20a472580a,snap_2382c053ccc19cde,https://www.mywsba.org/PersonifyEbusiness/LegalDirectory.aspx?ShowSearchResults=TRUE&LicenseType=LLLT,2026-07-20T13:49:55.513127+0000,0.1.0
prov_wa_lllt_148,prog_wa_lllt,individual,Lesli Renee Ashley,lesli renee ashley,WA,,active,"[""Family Law""]",,,,,,snap_c700fb20a472580a,snap_2382c053ccc19cde,https://www.mywsba.org/PersonifyEbusiness/LegalDirectory.aspx?ShowSearchResults=TRUE&LicenseType=LLLT,2026-07-20T13:49:55.513127+0000,0.1.0
prov_wa_lllt_149,prog_wa_lllt,individual,Barbara Westfall,barbara westfall,WA,,exited,"[""Family Law""]",,,,,,snap_c700fb20a472580a,snap_2382c053ccc19cde,https://www.mywsba.org/PersonifyEbusiness/LegalDirectory.aspx?ShowSearchResults=TRUE&LicenseType=LLLT,2026-07-20T13:49:55.513127+0000,0.1.0
prov_wa_lllt_150,prog_wa_lllt,individual,Deanne T Snedeker,deanne t snedeker,WA,,unknown,"[""Family Law""]",,,,,,snap_c700fb20a472580a,snap_2382c053ccc19cde,https://www.mywsba.org/PersonifyEbusiness/LegalDirectory.aspx?ShowSearchResults=TRUE&LicenseType=LLLT,2026-07-20T13:49:55.513127+0000,0.1.0
prov_wa_lllt_151,prog_wa_lllt,individual,Marie Nicole Aronsen,marie nicole aronsen,WA,,active,"[""Family Law""]",,,,,,snap_c700fb20a472580a,snap_2382c053ccc19cde,https://www.mywsba.org/PersonifyEbusiness/LegalDirectory.aspx?ShowSearchResults=TRUE&LicenseType=LLLT,2026-07-20T13:49:55.513127+0000,0.1.0
prov_wa_lllt_152,prog_wa_lllt,individual,Heidi Sanchez,heidi sanchez,WA,,active,"[""Family Law""]",,,,,,snap_c700fb20a472580a,snap_2382c053ccc19cde,https://www.mywsba.org/PersonifyEbusiness/LegalDirectory.aspx?ShowSearchResults=TRUE&LicenseType=LLLT,2026-07-20T13:49:55.513127+0000,0.1.0
prov_wa_lllt_153,prog_wa_lllt,individual,LeeAnn M. Cargile,leeann m cargile,WA,,active,"[""Family Law""]",,,,,,snap_c700fb20a472580a,snap_2382c053ccc19cde,https://www.mywsba.org/PersonifyEbusiness/LegalDirectory.aspx?ShowSearchResults=TRUE&LicenseType=LLLT,2026-07-20T13:49:55.513127+0000,0.1.0
prov_wa_lllt_154,prog_wa_lllt,individual,LeeAnn Halpin,leeann halpin,WA,,active,"[""Family Law""]",,,,,,snap_c700fb20a472580a,snap_2382c053ccc19cde,https://www.mywsba.org/PersonifyEbusiness/LegalDirectory.aspx?ShowSearchResults=TRUE&LicenseType=LLLT,2026-07-20T13:49:55.513127+0000,0.1.0
prov_wa_lllt_155,prog_wa_lllt,individual,Mika 'il Rashid,mika il rashid,WA,,suspended,"[""Family Law""]",,,,,,snap_c700fb20a472580a,snap_2382c053ccc19cde,https://www.mywsba.org/PersonifyEbusiness/LegalDirectory.aspx?ShowSearchResults=TRUE&LicenseType=LLLT,2026-07-20T13:49:55.513127+0000,0.1.0
prov_wa_lllt_156,prog_wa_lllt,individual,Vanessa Shaughnessy,vanessa shaughnessy,WA,,active,"[""Family Law""]",,,,,,snap_c700fb20a472580a,snap_2382c053ccc19cde,https://www.mywsba.org/PersonifyEbusiness/LegalDirectory.aspx?ShowSearchResults=TRUE&LicenseType=LLLT,2026-07-20T13:49:55.513127+0000,0.1.0
prov_wa_lllt_157,prog_wa_lllt,individual,Miryam Gordon,miryam gordon,WA,,active,"[""Family Law""]",,,,,,snap_c700fb20a472580a,snap_2382c053ccc19cde,https://www.mywsba.org/PersonifyEbusiness/LegalDirectory.aspx?ShowSearchResults=TRUE&LicenseType=LLLT,2026-07-20T13:49:55.513127+0000,0.1.0
prov_wa_lllt_158,prog_wa_lllt,individual,Jacqueline Gerardi,jacqueline gerardi,WA,,active,"[""Family Law""]",,,,,,snap_c700fb20a472580a,snap_2382c053ccc19cde,https://www.mywsba.org/PersonifyEbusiness/LegalDirectory.aspx?ShowSearchResults=TRUE&LicenseType=LLLT,2026-07-20T13:49:55.513127+0000,0.1.0
prov_wa_lllt_159,prog_wa_lllt,individual,Amy Elizabeth Harris,amy elizabeth harris,WA,,active,"[""Family Law""]",,,,,,snap_c700fb20a472580a,snap_2382c053ccc19cde,https://www.mywsba.org/PersonifyEbusiness/LegalDirectory.aspx?ShowSearchResults=TRUE&LicenseType=LLLT,2026-07-20T13:49:55.513127+0000,0.1.0
prov_wa_lllt_160,prog_wa_lllt,individual,Ranae Michael York,ranae michael york,WA,,active,"[""Family Law""]",,,,,,snap_c700fb20a472580a,snap_2382c053ccc19cde,https://www.mywsba.org/PersonifyEbusiness/LegalDirectory.aspx?ShowSearchResults=TRUE&LicenseType=LLLT,2026-07-20T13:49:55.513127+0000,0.1.0
prov_wa_lllt_161,prog_wa_lllt,individual,Olivia Steffanie Leszkai,olivia steffanie leszkai,WA,,active,"[""Family Law""]",,,,,,snap_c700fb20a472580a,snap_2382c053ccc19cde,https://www.mywsba.org/PersonifyEbusiness/LegalDirectory.aspx?ShowSearchResults=TRUE&LicenseType=LLLT,2026-07-20T13:49:55.513127+0000,0.1.0
prov_wa_lllt_162,prog_wa_lllt,individual,Dawn Michelle Nelson,dawn michelle nelson,WA,,active,"[""Family Law""]",,,,,,snap_c700fb20a472580a,snap_2382c053ccc19cde,https://www.mywsba.org/PersonifyEbusiness/LegalDirectory.aspx?ShowSearchResults=TRUE&LicenseType=LLLT,2026-07-20T13:49:55.513127+0000,0.1.0
prov_wa_lllt_163,prog_wa_lllt,individual,Sarah Elise Sawyer de Sanchez,sarah elise sawyer de sanchez,WA,,unknown,"[""Family Law""]",,,,,,snap_c700fb20a472580a,snap_2382c053ccc19cde,https://www.mywsba.org/PersonifyEbusiness/LegalDirectory.aspx?ShowSearchResults=TRUE&LicenseType=LLLT,2026-07-20T13:49:55.513127+0000,0.1.0
prov_wa_lllt_164,prog_wa_lllt,individual,Charity D Rotinski,charity d rotinski,WA,,active,"[""Family Law""]",,,,,,snap_c700fb20a472580a,snap_2382c053ccc19cde,https://www.mywsba.org/PersonifyEbusiness/LegalDirectory.aspx?ShowSearchResults=TRUE&LicenseType=LLLT,2026-07-20T13:49:55.513127+0000,0.1.0
prov_wa_lllt_165,prog_wa_lllt,individual,Justin Ronald Hawthorne,justin ronald hawthorne,WA,,active,"[""Family Law""]",,,,,,snap_c700fb20a472580a,snap_2382c053ccc19cde,https://www.mywsba.org/PersonifyEbusiness/LegalDirectory.aspx?ShowSearchResults=TRUE&LicenseType=LLLT,2026-07-20T13:49:55.513127+0000,0.1.0
prov_wa_lllt_166,prog_wa_lllt,individual,Shayla R. Maxey,shayla r maxey,WA,,active,"[""Family Law""]",,,,,,snap_c700fb20a472580a,snap_2382c053ccc19cde,https://www.mywsba.org/PersonifyEbusiness/LegalDirectory.aspx?ShowSearchResults=TRUE&LicenseType=LLLT,2026-07-20T13:49:55.513127+0000,0.1.0
prov_wa_lllt_167,prog_wa_lllt,individual,Heather Elizabeth Sims,heather elizabeth sims,WA,,active,"[""Family Law""]",,,,,,snap_c700fb20a472580a,snap_2382c053ccc19cde,https://www.mywsba.org/PersonifyEbusiness/LegalDirectory.aspx?ShowSearchResults=TRUE&LicenseType=LLLT,2026-07-20T13:49:55.513127+0000,0.1.0
prov_wa_lllt_168,prog_wa_lllt,individual,Andren M Moyer,andren m moyer,WA,,active,"[""Family Law""]",,,,,,snap_c700fb20a472580a,snap_2382c053ccc19cde,https://www.mywsba.org/PersonifyEbusiness/LegalDirectory.aspx?ShowSearchResults=TRUE&LicenseType=LLLT,2026-07-20T13:49:55.513127+0000,0.1.0
prov_wa_lllt_170,prog_wa_lllt,individual,Thomi Leigh Manker,thomi leigh manker,WA,,suspended,"[""Family Law""]",,,,,,snap_c700fb20a472580a,snap_2382c053ccc19cde,https://www.mywsba.org/PersonifyEbusiness/LegalDirectory.aspx?ShowSearchResults=TRUE&LicenseType=LLLT,2026-07-20T13:49:55.513127+0000,0.1.0
prov_wa_lllt_171,prog_wa_lllt,individual,Mark Von Weber,mark von weber,WA,,active,"[""Family Law""]",,,,,,snap_c700fb20a472580a,snap_2382c053ccc19cde,https://www.mywsba.org/PersonifyEbusiness/LegalDirectory.aspx?ShowSearchResults=TRUE&LicenseType=LLLT,2026-07-20T13:49:55.513127+0000,0.1.0
prov_wa_lllt_172,prog_wa_lllt,individual,Melanie Jane Poe,melanie jane poe,WA,,active,"[""Family Law""]",,,,,,snap_c700fb20a472580a,snap_2382c053ccc19cde,https://www.mywsba.org/PersonifyEbusiness/LegalDirectory.aspx?ShowSearchResults=TRUE&LicenseType=LLLT,2026-07-20T13:49:55.513127+0000,0.1.0
prov_wa_lllt_173,prog_wa_lllt,individual,Heather Warren,heather warren,WA,,active,"[""Family Law""]",,,,,,snap_c700fb20a472580a,snap_2382c053ccc19cde,https://www.mywsba.org/PersonifyEbusiness/LegalDirectory.aspx?ShowSearchResults=TRUE&LicenseType=LLLT,2026-07-20T13:49:55.513127+0000,0.1.0
prov_wa_lllt_174,prog_wa_lllt,individual,Qingci Cai,qingci cai,WA,,unknown,"[""Family Law""]",,,,,,snap_c700fb20a472580a,snap_2382c053ccc19cde,https://www.mywsba.org/PersonifyEbusiness/LegalDirectory.aspx?ShowSearchResults=TRUE&LicenseType=LLLT,2026-07-20T13:49:55.513127+0000,0.1.0
prov_wa_lllt_175,prog_wa_lllt,individual,Tena G Kibbey,tena g kibbey,WA,,active,"[""Family Law""]",,,,,,snap_c700fb20a472580a,snap_2382c053ccc19cde,https://www.mywsba.org/PersonifyEbusiness/LegalDirectory.aspx?ShowSearchResults=TRUE&LicenseType=LLLT,2026-07-20T13:49:55.513127+0000,0.1.0
prov_wa_lllt_176,prog_wa_lllt,individual,Rachel Cooper,rachel cooper,WA,,active,"[""Family Law""]",,,,,,snap_c700fb20a472580a,snap_2382c053ccc19cde,https://www.mywsba.org/PersonifyEbusiness/LegalDirectory.aspx?ShowSearchResults=TRUE&LicenseType=LLLT,2026-07-20T13:49:55.513127+0000,0.1.0
prov_wa_lllt_177,prog_wa_lllt,individual,Martha Lee Gilkey,martha lee gilkey,WA,,active,"[""Family Law""]",,,,,,snap_c700fb20a472580a,snap_2382c053ccc19cde,https://www.mywsba.org/PersonifyEbusiness/LegalDirectory.aspx?ShowSearchResults=TRUE&LicenseType=LLLT,2026-07-20T13:49:55.513127+0000,0.1.0
prov_wa_lllt_178,prog_wa_lllt,individual,Anna Marie Casey,anna marie casey,WA,,active,"[""Family Law""]",,,,,,snap_c700fb20a472580a,snap_2382c053ccc19cde,https://www.mywsba.org/PersonifyEbusiness/LegalDirectory.aspx?ShowSearchResults=TRUE&LicenseType=LLLT,2026-07-20T13:49:55.513127+0000,0.1.0
prov_wa_lllt_179,prog_wa_lllt,individual,Chellie Mae Anderson,chellie mae anderson,WA,,active,"[""Family Law""]",,,,,,snap_c700fb20a472580a,snap_2382c053ccc19cde,https://www.mywsba.org/PersonifyEbusiness/LegalDirectory.aspx?ShowSearchResults=TRUE&LicenseType=LLLT,2026-07-20T13:49:55.513127+0000,0.1.0
prov_wa_lllt_180,prog_wa_lllt,individual,Melinda L Jackson,melinda l jackson,WA,,active,"[""Family Law""]",,,,,,snap_c700fb20a472580a,snap_2382c053ccc19cde,https://www.mywsba.org/PersonifyEbusiness/LegalDirectory.aspx?ShowSearchResults=TRUE&LicenseType=LLLT,2026-07-20T13:49:55.513127+0000,0.1.0
prov_wa_lllt_181,prog_wa_lllt,individual,Kristina Malanee Ward,kristina malanee ward,WA,,active,"[""Family Law""]",,,,,,snap_c700fb20a472580a,snap_2382c053ccc19cde,https://www.mywsba.org/PersonifyEbusiness/LegalDirectory.aspx?ShowSearchResults=TRUE&LicenseType=LLLT,2026-07-20T13:49:55.513127+0000,0.1.0
prov_wa_lllt_182,prog_wa_lllt,individual,Rosalind R Weller,rosalind r weller,WA,,active,"[""Family Law""]",,,,,,snap_c700fb20a472580a,snap_2382c053ccc19cde,https://www.mywsba.org/PersonifyEbusiness/LegalDirectory.aspx?ShowSearchResults=TRUE&LicenseType=LLLT,2026-07-20T13:49:55.513127+0000,0.1.0
prov_wa_lllt_183,prog_wa_lllt,individual,Karina Alejandra Gomez-Silva,karina alejandra gomez silva,WA,,suspended,"[""Family Law""]",,,,,,snap_c700fb20a472580a,snap_2382c053ccc19cde,https://www.mywsba.org/PersonifyEbusiness/LegalDirectory.aspx?ShowSearchResults=TRUE&LicenseType=LLLT,2026-07-20T13:49:55.513127+0000,0.1.0
prov_wa_lllt_184,prog_wa_lllt,individual,Sheila Terese Bailey,sheila terese bailey,WA,,active,"[""Family Law""]",,,,,,snap_c700fb20a472580a,snap_2382c053ccc19cde,https://www.mywsba.org/PersonifyEbusiness/LegalDirectory.aspx?ShowSearchResults=TRUE&LicenseType=LLLT,2026-07-20T13:49:55.513127+0000,0.1.0
prov_wa_lllt_185,prog_wa_lllt,individual,Shemika Denee' Phillips,shemika denee phillips,WA,,active,"[""Family Law""]",,,,,,snap_c700fb20a472580a,snap_2382c053ccc19cde,https://www.mywsba.org/PersonifyEbusiness/LegalDirectory.aspx?ShowSearchResults=TRUE&LicenseType=LLLT,2026-07-20T13:49:55.513127+0000,0.1.0
prov_wa_lllt_186,prog_wa_lllt,individual,Veaney Martinez Flores,veaney martinez flores,WA,,active,"[""Family Law""]",,,,,,snap_c700fb20a472580a,snap_2382c053ccc19cde,https://www.mywsba.org/PersonifyEbusiness/LegalDirectory.aspx?ShowSearchResults=TRUE&LicenseType=LLLT,2026-07-20T13:49:55.513127+0000,0.1.0
prov_wa_lllt_187,prog_wa_lllt,individual,Lesly Guadalupe Diaz-Perez,lesly guadalupe diaz perez,WA,,active,"[""Family Law""]",,,,,,snap_c700fb20a472580a,snap_2382c053ccc19cde,https://www.mywsba.org/PersonifyEbusiness/LegalDirectory.aspx?ShowSearchResults=TRUE&LicenseType=LLLT,2026-07-20T13:49:55.513127+0000,0.1.0
prov_wa_lllt_188,prog_wa_lllt,individual,Jaymi D Trimble,jaymi d trimble,WA,,active,"[""Family Law""]",,,,,,snap_c700fb20a472580a,snap_2382c053ccc19cde,https://www.mywsba.org/PersonifyEbusiness/LegalDirectory.aspx?ShowSearchResults=TRUE&LicenseType=LLLT,2026-07-20T13:49:55.513127+0000,0.1.0
prov_wa_lllt_189,prog_wa_lllt,individual,Sarah C. Keay,sarah c keay,WA,,active,"[""Family Law""]",,,,,,snap_c700fb20a472580a,snap_2382c053ccc19cde,https://www.mywsba.org/PersonifyEbusiness/LegalDirectory.aspx?ShowSearchResults=TRUE&LicenseType=LLLT,2026-07-20T13:49:55.513127+0000,0.1.0
prov_wa_lllt_190,prog_wa_lllt,individual,Louise Salem,louise salem,WA,,unknown,"[""Family Law""]",,,,,,snap_c700fb20a472580a,snap_2382c053ccc19cde,https://www.mywsba.org/PersonifyEbusiness/LegalDirectory.aspx?ShowSearchResults=TRUE&LicenseType=LLLT,2026-07-20T13:49:55.513127+0000,0.1.0
prov_wa_lllt_191,prog_wa_lllt,individual,Burke Thorne Hovde,burke thorne hovde,WA,,active,"[""Family Law""]",,,,,,snap_c700fb20a472580a,snap_2382c053ccc19cde,https://www.mywsba.org/PersonifyEbusiness/LegalDirectory.aspx?ShowSearchResults=TRUE&LicenseType=LLLT,2026-07-20T13:49:55.513127+0000,0.1.0
prov_wa_lllt_192,prog_wa_lllt,individual,Angela Angelene Guadamuz,angela angelene guadamuz,WA,,active,"[""Family Law""]",,,,,,snap_c700fb20a472580a,snap_2382c053ccc19cde,https://www.mywsba.org/PersonifyEbusiness/LegalDirectory.aspx?ShowSearchResults=TRUE&LicenseType=LLLT,2026-07-20T13:49:55.513127+0000,0.1.0
prov_wa_lllt_193,prog_wa_lllt,individual,Connie Sue Major,connie sue major,WA,,active,"[""Family Law""]",,,,,,snap_c700fb20a472580a,snap_2382c053ccc19cde,https://www.mywsba.org/PersonifyEbusiness/LegalDirectory.aspx?ShowSearchResults=TRUE&LicenseType=LLLT,2026-07-20T13:49:55.513127+0000,0.1.0
prov_wa_lllt_194,prog_wa_lllt,individual,Vanity Mercedes Martinez,vanity mercedes martinez,WA,,active,"[""Family Law""]",,,,,,snap_c700fb20a472580a,snap_2382c053ccc19cde,https://www.mywsba.org/PersonifyEbusiness/LegalDirectory.aspx?ShowSearchResults=TRUE&LicenseType=LLLT,2026-07-20T13:49:55.513127+0000,0.1.0
prov_wa_lllt_195,prog_wa_lllt,individual,Melanie Renee Piland,melanie renee piland,WA,,active,"[""Family Law""]",,,,,,snap_c700fb20a472580a,snap_2382c053ccc19cde,https://www.mywsba.org/PersonifyEbusiness/LegalDirectory.aspx?ShowSearchResults=TRUE&LicenseType=LLLT,2026-07-20T13:49:55.513127+0000,0.1.0
prov_wa_lllt_196,prog_wa_lllt,individual,Elissa Ann Scott,elissa ann scott,WA,,active,"[""Family Law""]",,,,,,snap_c700fb20a472580a,snap_2382c053ccc19cde,https://www.mywsba.org/PersonifyEbusiness/LegalDirectory.aspx?ShowSearchResults=TRUE&LicenseType=LLLT,2026-07-20T13:49:55.513127+0000,0.1.0
